split,video,frame_idx,obj_idx,object_id,n_objects,baseline_memory_encoded,pointer_valid,pointer_is_no_obj_sentinel,object_score_logit,object_score_prob,self_anchor_cos_fp32,max_tracked_competitor_cos_fp32,competitor_object_id,identity_margin_fp32,distance_to_no_obj_ptr,max_abs_diff_to_no_obj_ptr,obj_ptr_l2_norm
TRAIN,0442a954,1,0,1,2,1,1,0,9.1875,0.9998977184295654,0.19945110380649567,0.2119014859199524,2,-0.012450382113456726,11.352806091308594,2.1225483417510986,10.700302124023438
TRAIN,0442a954,1,1,2,2,1,1,0,9.125,0.9998910427093506,0.25090187788009644,0.248252272605896,1,0.0026496052742004395,10.290102005004883,2.008408546447754,9.341622352600098
TRAIN,0442a954,2,0,1,2,1,1,0,9.4375,0.9999203681945801,0.24485953152179718,0.26076123118400574,2,-0.015901699662208557,10.607765197753906,2.000596046447754,9.795830726623535
TRAIN,0442a954,2,1,2,2,1,1,0,8.6875,0.9998313188552856,0.3784213960170746,0.3918548822402954,1,-0.013433486223220825,9.470444679260254,1.602158546447754,8.257831573486328
TRAIN,0442a954,3,0,1,2,1,1,0,10.25,0.9999645948410034,0.29080626368522644,0.31071826815605164,2,-0.019912004470825195,10.189669609069824,1.703721046447754,9.37564468383789
TRAIN,0442a954,3,1,2,2,1,1,0,9.4375,0.9999203681945801,0.22892619669437408,0.25351569056510925,1,-0.02458949387073517,11.228242874145508,2.242783546447754,10.2809476852417
TRAIN,0442a954,4,0,1,2,1,1,0,10.1875,0.999962329864502,0.248231440782547,0.2842821478843689,2,-0.0360507071018219,11.112019538879395,2.1381733417510986,10.713944435119629
TRAIN,0442a954,4,1,2,2,1,1,0,10.3125,0.9999667406082153,0.2628864049911499,0.25511133670806885,1,0.007775068283081055,9.892239570617676,1.5834859609603882,9.290395736694336
TRAIN,0442a954,5,0,1,2,1,1,0,10.625,0.9999756813049316,0.3082084357738495,0.31286856532096863,2,-0.004660129547119141,10.300738334655762,1.875596046447754,9.242626190185547
TRAIN,0442a954,5,1,2,2,1,1,0,8.8125,0.9998511075973511,0.28501975536346436,0.2998194992542267,1,-0.014799743890762329,11.149482727050781,1.938096046447754,10.187532424926758
TRAIN,0442a954,6,0,1,2,1,1,0,9.75,0.9999417066574097,0.29249632358551025,0.30342593789100647,2,-0.010929614305496216,10.175954818725586,2.008408546447754,9.132457733154297
TRAIN,0442a954,6,1,2,2,1,1,0,8.3125,0.9997546076774597,0.297029584646225,0.3273063600063324,1,-0.030276775360107422,11.451869010925293,1.8988471031188965,10.347139358520508
TRAIN,0442a954,7,0,1,2,1,1,0,9.625,0.9999339580535889,0.2668837904930115,0.2821618616580963,2,-0.015278071165084839,10.532578468322754,1.719346046447754,9.836133003234863
TRAIN,0442a954,7,1,2,2,1,1,0,7.5,0.9994471669197083,0.27200257778167725,0.30851998925209045,1,-0.03651741147041321,11.886113166809082,2.008408546447754,10.928951263427734
TRAIN,0442a954,8,0,1,2,1,1,0,10.0,0.9999545812606812,0.24556568264961243,0.26304930448532104,2,-0.017483621835708618,10.761134147644043,1.961533546447754,10.116922378540039
TRAIN,0442a954,8,1,2,2,1,1,0,7.25,0.9992903470993042,0.2717289924621582,0.27089789509773254,1,0.0008310973644256592,10.61296272277832,1.8118683099746704,9.803168296813965
TRAIN,0442a954,9,0,1,2,1,1,0,10.25,0.9999645948410034,0.23906630277633667,0.24701006710529327,2,-0.007943764328956604,11.023825645446777,2.156846046447754,10.268774032592773
TRAIN,0442a954,9,1,2,2,1,1,0,5.4375,0.9956685304641724,0.29929012060165405,0.28603631258010864,1,0.01325380802154541,11.159964561462402,1.8821808099746704,10.333650588989258
TRAIN,0442a954,10,0,1,2,1,1,0,10.0,0.9999545812606812,0.26856064796447754,0.2617022395133972,2,0.006858408451080322,11.825573921203613,2.359971046447754,10.838767051696777
TRAIN,0442a954,10,1,2,2,1,1,0,4.59375,0.9899863600730896,0.2819223999977112,0.2718539237976074,1,0.01006847620010376,10.705122947692871,1.8441596031188965,9.784329414367676
TRAIN,0442a954,11,0,1,2,1,1,0,9.375,0.9999151229858398,0.24548357725143433,0.23125484585762024,2,0.014228731393814087,13.198854446411133,2.266221046447754,12.268189430236816
TRAIN,0442a954,11,1,2,2,1,1,0,3.90625,0.9802808165550232,0.290264755487442,0.2722873389720917,1,0.017977416515350342,11.75415325164795,1.8832221031188965,11.0620756149292
TRAIN,0442a954,12,0,1,2,1,1,0,9.4375,0.9999203681945801,0.23814930021762848,0.21340236067771912,2,0.024746939539909363,13.493494033813477,2.320908546447754,12.589111328125
TRAIN,0442a954,12,1,2,2,1,1,0,3.890625,0.9799765348434448,0.3011631369590759,0.27369892597198486,1,0.027464210987091064,10.630834579467773,1.8040558099746704,9.97866153717041
TRAIN,0442a954,13,0,1,2,1,1,0,9.5625,0.999929666519165,0.2784883677959442,0.2839726209640503,2,-0.005484253168106079,10.333056449890137,1.7274587154388428,9.393888473510742
TRAIN,0442a954,13,1,2,2,1,1,0,4.21875,0.985496461391449,0.3104330003261566,0.2808358371257782,1,0.029597163200378418,10.138591766357422,1.8821808099746704,9.200977325439453
TRAIN,0442a954,14,0,1,2,1,1,0,9.25,0.9999039173126221,0.23534394800662994,0.2359641045331955,2,-0.0006201565265655518,12.431013107299805,2.313096046447754,11.476420402526855
TRAIN,0442a954,14,1,2,2,1,1,0,4.625,0.9902915358543396,0.3560141324996948,0.3122931718826294,1,0.04372096061706543,10.755453109741211,1.8353058099746704,9.949694633483887
TRAIN,0442a954,15,0,1,2,1,1,0,9.125,0.9998910427093506,0.2386312633752823,0.2280525267124176,2,0.010578736662864685,11.907326698303223,1.8821808099746704,11.010869026184082
TRAIN,0442a954,15,1,2,2,1,1,0,5.75,0.9968273043632507,0.3256307542324066,0.32035166025161743,1,0.005279093980789185,10.607125282287598,1.9368683099746704,9.567842483520508
TRAIN,0442a954,16,0,1,2,1,1,0,10.3125,0.9999667406082153,0.251869261264801,0.25009387731552124,2,0.0017753839492797852,12.588817596435547,1.9880558252334595,11.832947731018066
TRAIN,0442a954,16,1,2,2,1,1,0,6.40625,0.9983515739440918,0.27211448550224304,0.25339722633361816,1,0.018717259168624878,10.676655769348145,1.9603058099746704,9.778319358825684
TRAIN,0442a954,17,0,1,2,1,1,0,9.5625,0.999929666519165,0.2960033714771271,0.26586875319480896,2,0.030134618282318115,12.412391662597656,2.1258962154388428,11.40776252746582
TRAIN,0442a954,17,1,2,2,1,1,0,6.84375,0.9989350438117981,0.282650351524353,0.25839924812316895,1,0.024251103401184082,10.98343563079834,2.156846046447754,10.049206733703613
TRAIN,0442a954,18,0,1,2,1,1,0,8.75,0.999841570854187,0.2846758961677551,0.26897352933883667,2,0.015702366828918457,12.128870964050293,2.305283546447754,11.121792793273926
TRAIN,0442a954,18,1,2,2,1,1,0,6.96875,0.9990600943565369,0.28494054079055786,0.2848528027534485,1,8.7738037109375e-05,10.884134292602539,2.047471046447754,9.980104446411133
TRAIN,0442a954,19,0,1,2,1,1,0,8.0625,0.9996849298477173,0.29587772488594055,0.26652175188064575,2,0.0293559730052948,12.395627975463867,2.2040212154388428,11.533449172973633
TRAIN,0442a954,19,1,2,2,1,1,0,6.96875,0.9990600943565369,0.2617761194705963,0.242049440741539,1,0.019726678729057312,11.092095375061035,2.047471046447754,10.192106246948242
TRAIN,0442a954,20,0,1,2,1,1,0,4.25,0.9859364032745361,0.2546556293964386,0.24581271409988403,2,0.008842915296554565,12.679619789123535,2.2508962154388428,11.987730979919434
TRAIN,0442a954,20,1,2,2,1,1,0,6.4375,0.9984021782875061,0.27825069427490234,0.26549655199050903,1,0.01275414228439331,11.039228439331055,1.953721046447754,10.20599365234375
TRAIN,0442a954,21,0,1,2,1,1,0,0.75390625,0.6800292134284973,0.21320702135562897,0.23119843006134033,2,-0.017991408705711365,12.040322303771973,2.013205051422119,11.589763641357422
TRAIN,0442a954,21,1,2,2,1,1,0,5.5,0.9959298968315125,0.25960415601730347,0.24686621129512787,1,0.012737944722175598,10.810931205749512,2.13218092918396,9.948556900024414
TRAIN,0442a954,22,0,1,2,1,0,1,-1.7265625,0.15102779865264893,,,,,0.0,0.0,2.8216605186462402
TRAIN,0442a954,22,1,2,2,1,1,0,5.25,0.9947799444198608,0.2564937472343445,0.24989761412143707,1,0.00659613311290741,11.09808349609375,2.11655592918396,10.308698654174805
TRAIN,0442a954,23,0,1,2,1,0,1,-1.28125,0.21733753383159637,,,,,0.0,0.0,2.8216605186462402
TRAIN,0442a954,23,1,2,2,1,1,0,5.8125,0.9970190525054932,0.25317782163619995,0.24289734661579132,1,0.01028047502040863,11.42055892944336,2.15561842918396,10.618145942687988
TRAIN,0442a954,24,0,1,2,1,0,1,-2.125,0.10669060051441193,,,,,0.0,0.0,2.8216605186462402
TRAIN,0442a954,24,1,2,2,1,1,0,5.90625,0.997285008430481,0.253598690032959,0.23553156852722168,1,0.018067121505737305,11.226716041564941,2.16343092918396,10.471607208251953
TRAIN,0442a954,25,0,1,2,1,0,1,-2.9375,0.05033063143491745,,,,,0.0,0.0,2.8216605186462402
TRAIN,0442a954,25,1,2,2,1,1,0,5.46875,0.9958011507987976,0.25732970237731934,0.23717902600765228,1,0.020150676369667053,11.023970603942871,2.15561842918396,10.216181755065918
TRAIN,0442a954,26,0,1,2,1,0,1,-2.140625,0.10521054267883301,,,,,0.0,0.0,2.8216605186462402
TRAIN,0442a954,26,1,2,2,1,1,0,5.71875,0.9967268705368042,0.23840777575969696,0.22267033159732819,1,0.015737444162368774,11.013202667236328,2.13218092918396,10.236078262329102
TRAIN,0442a954,27,0,1,2,1,0,1,-2.046875,0.11436853557825089,,,,,0.0,0.0,2.8216605186462402
TRAIN,0442a954,27,1,2,2,1,1,0,5.84375,0.9971103668212891,0.2330690175294876,0.21647469699382782,1,0.01659432053565979,11.002202987670898,2.14780592918396,10.2036771774292
TRAIN,0442a954,28,0,1,2,1,0,1,-0.90625,0.28776782751083374,,,,,0.0,0.0,2.8216605186462402
TRAIN,0442a954,28,1,2,2,1,1,0,5.84375,0.9971103668212891,0.23048748075962067,0.207797110080719,1,0.022690370678901672,10.774907112121582,2.08530592918396,10.01611042022705
TRAIN,0442a954,29,0,1,2,1,0,1,-0.90625,0.28776782751083374,,,,,0.0,0.0,2.8216605186462402
TRAIN,0442a954,29,1,2,2,1,1,0,6.03125,0.9976032376289368,0.2596096694469452,0.23724713921546936,1,0.02236253023147583,10.705901145935059,1.9603058099746704,9.864815711975098
TRAIN,0442a954,30,0,1,2,1,0,1,-1.375,0.2018132209777832,,,,,0.0,0.0,2.8216605186462402
TRAIN,0442a954,30,1,2,2,1,1,0,6.40625,0.9983515739440918,0.24206224083900452,0.21937969326972961,1,0.022682547569274902,11.286685943603516,1.9993683099746704,10.414067268371582
TRAIN,0442a954,31,0,1,2,1,0,1,-1.0234375,0.26435837149620056,,,,,0.0,0.0,2.8216605186462402
TRAIN,0442a954,31,1,2,2,1,1,0,6.6875,0.9987550973892212,0.20985206961631775,0.20416347682476044,1,0.005688592791557312,11.6958589553833,1.9915558099746704,10.936429023742676
TRAIN,0442a954,32,0,1,2,1,0,1,-1.40625,0.19682618975639343,,,,,0.0,0.0,2.8216605186462402
TRAIN,0442a954,32,1,2,2,1,1,0,6.34375,0.998245358467102,0.20016461610794067,0.20623013377189636,1,-0.0060655176639556885,13.332536697387695,2.164658546447754,12.518454551696777
TRAIN,0442a954,33,0,1,2,1,0,1,-1.3359375,0.20817892253398895,,,,,0.0,0.0,2.8216605186462402
TRAIN,0442a954,33,1,2,2,1,1,0,6.78125,0.9988664388656616,0.235573872923851,0.24518124759197235,1,-0.009607374668121338,12.24072551727295,1.984971046447754,11.363598823547363
TRAIN,0442a954,34,0,1,2,1,0,1,-1.1015625,0.24944725632667542,,,,,0.0,0.0,2.8216605186462402
TRAIN,0442a954,34,1,2,2,1,1,0,7.1875,0.9992445707321167,0.19309653341770172,0.21227332949638367,1,-0.019176796078681946,14.633106231689453,2.633408546447754,13.788966178894043
TRAIN,0442a954,35,0,1,2,1,0,1,-0.0908203125,0.47731050848960876,,,,,0.0,0.0,2.8216605186462402
TRAIN,0442a954,35,1,2,2,1,1,0,7.96875,0.9996540546417236,0.1887393593788147,0.19626875221729279,1,-0.007529392838478088,14.880574226379395,2.789658546447754,14.063920974731445
TRAIN,0442a954,36,0,1,2,1,0,1,-0.04736328125,0.4881613850593567,,,,,0.0,0.0,2.8216605186462402
TRAIN,0442a954,36,1,2,2,1,1,0,8.0625,0.9996849298477173,0.17616604268550873,0.1916276216506958,1,-0.015461578965187073,14.503275871276855,2.633408546447754,13.744091033935547
TRAIN,0442a954,37,0,1,2,1,0,1,-0.8671875,0.2958398759365082,,,,,0.0,0.0,2.8216605186462402
TRAIN,0442a954,37,1,2,2,1,1,0,8.25,0.9997387528419495,0.19183015823364258,0.21081437170505524,1,-0.01898421347141266,14.03579044342041,2.477158546447754,13.256868362426758
TRAIN,0442a954,38,0,1,2,1,0,1,-0.99609375,0.26971012353897095,,,,,0.0,0.0,2.8216605186462402
TRAIN,0442a954,38,1,2,2,1,1,0,8.0625,0.9996849298477173,0.21214938163757324,0.23774583637714386,1,-0.025596454739570618,13.5022554397583,2.234971046447754,12.718130111694336
TRAIN,0442a954,39,0,1,2,1,1,0,0.255859375,0.5636181831359863,0.2326171100139618,0.2681502401828766,2,-0.035533130168914795,13.38250732421875,2.0460822582244873,13.022250175476074
TRAIN,0442a954,39,1,2,2,1,1,0,8.125,0.9997040629386902,0.23422682285308838,0.24460215866565704,1,-0.010375335812568665,12.91038990020752,2.422471046447754,12.072835922241211
TRAIN,0442a954,40,0,1,2,1,1,0,0.4921875,0.6206215620040894,0.19267408549785614,0.2019287645816803,2,-0.009254679083824158,14.994665145874023,2.616560935974121,14.457732200622559
TRAIN,0442a954,40,1,2,2,1,1,0,8.6875,0.9998313188552856,0.23030999302864075,0.24928368628025055,1,-0.018973693251609802,13.121368408203125,2.422471046447754,12.21587085723877
TRAIN,0442a954,41,0,1,2,1,1,0,1.8515625,0.8643104434013367,0.31246769428253174,0.3174998462200165,2,-0.005032151937484741,12.887078285217285,2.3602712154388428,12.059730529785156
TRAIN,0442a954,41,1,2,2,1,1,0,8.8125,0.9998511075973511,0.2248004972934723,0.24561955034732819,1,-0.020819053053855896,13.587159156799316,2.367783546447754,12.79957389831543
TRAIN,0442a954,42,0,1,2,1,1,0,2.578125,0.929440438747406,0.28260308504104614,0.2901797890663147,2,-0.007576704025268555,12.659862518310547,2.08180570602417,12.024087905883789
TRAIN,0442a954,42,1,2,2,1,1,0,9.4375,0.9999203681945801,0.2307223379611969,0.2544374465942383,1,-0.023715108633041382,13.181195259094238,2.274033546447754,12.390942573547363
TRAIN,0442a954,43,0,1,2,1,1,0,3.109375,0.957277774810791,0.2568623423576355,0.2876278758049011,2,-0.030765533447265625,12.07087230682373,2.02280592918396,11.203622817993164
TRAIN,0442a954,43,1,2,2,1,1,0,9.4375,0.9999203681945801,0.2727431654930115,0.28208744525909424,1,-0.009344279766082764,12.208843231201172,2.133408546447754,11.367555618286133
TRAIN,0442a954,44,0,1,2,1,1,0,3.546875,0.9719924926757812,0.2750827372074127,0.28455087542533875,2,-0.009468138217926025,12.21539306640625,1.8665558099746704,11.337708473205566
TRAIN,0442a954,44,1,2,2,1,1,0,9.5,0.9999251365661621,0.2749853730201721,0.2719719111919403,1,0.0030134618282318115,12.196998596191406,2.313096046447754,11.40323257446289
TRAIN,0442a954,45,0,1,2,1,1,0,3.96875,0.9814534187316895,0.2728942334651947,0.28022468090057373,2,-0.007330447435379028,12.89542007446289,2.06618070602417,12.072168350219727
TRAIN,0442a954,45,1,2,2,1,1,0,9.4375,0.9999203681945801,0.2958889305591583,0.3055064380168915,1,-0.009617507457733154,11.082097053527832,1.984971046447754,10.233024597167969
TRAIN,0442a954,46,0,1,2,1,1,0,4.375,0.9875683188438416,0.23988889157772064,0.2392629235982895,2,0.0006259679794311523,13.117674827575684,2.26930570602417,12.453245162963867
TRAIN,0442a954,46,1,2,2,1,1,0,9.3125,0.9999097585678101,0.3155145049095154,0.32273051142692566,1,-0.007216006517410278,10.948044776916504,1.961533546447754,10.075801849365234
TRAIN,0442a954,47,0,1,2,1,1,0,4.25,0.9859364032745361,0.24444188177585602,0.23081786930561066,2,0.013624012470245361,12.911476135253906,2.0131733417510986,12.199542045593262
TRAIN,0442a954,47,1,2,2,1,1,0,9.125,0.9998910427093506,0.3165108859539032,0.3256501257419586,1,-0.00913923978805542,11.15351676940918,1.938096046447754,10.263270378112793
TRAIN,0442a954,48,0,1,2,1,1,0,4.65625,0.9905874133110046,0.27030712366104126,0.2874332666397095,2,-0.017126142978668213,12.019835472106934,2.2006733417510986,11.456820487976074
TRAIN,0442a954,48,1,2,2,1,1,0,9.25,0.9999039173126221,0.33466267585754395,0.3456776440143585,1,-0.011014968156814575,11.273894309997559,1.867783546447754,10.340803146362305
TRAIN,0442a954,49,0,1,2,1,1,0,4.8125,0.9919379353523254,0.2418796718120575,0.254316508769989,2,-0.012436836957931519,11.83784008026123,2.1694233417510986,11.298897743225098
TRAIN,0442a954,49,1,2,2,1,1,0,9.6875,0.999937891960144,0.33452093601226807,0.3528313636779785,1,-0.01831042766571045,11.56087589263916,1.844346046447754,10.635979652404785
TRAIN,0442a954,50,0,1,2,1,1,0,4.46875,0.9886682629585266,0.2271234393119812,0.24550294876098633,2,-0.018379509449005127,11.692388534545898,2.1850483417510986,11.220784187316895
TRAIN,0442a954,50,1,2,2,1,1,0,9.5625,0.999929666519165,0.3542364537715912,0.36077532172203064,1,-0.006538867950439453,10.803642272949219,1.930283546447754,9.822192192077637
TRAIN,0442a954,51,0,1,2,1,1,0,4.5625,0.9896718263626099,0.20471271872520447,0.19841769337654114,2,0.00629502534866333,13.615926742553711,2.26930570602417,12.953081130981445
TRAIN,0442a954,51,1,2,2,1,1,0,9.6875,0.999937891960144,0.35543519258499146,0.36892515420913696,1,-0.013489961624145508,10.712584495544434,1.945908546447754,9.73823356628418
TRAIN,0442a954,52,0,1,2,1,1,0,4.75,0.9914224743843079,0.21589259803295135,0.19766661524772644,2,0.018225982785224915,14.192545890808105,2.4037983417510986,13.692764282226562
TRAIN,0442a954,52,1,2,2,1,1,0,9.625,0.9999339580535889,0.3617289960384369,0.37794622778892517,1,-0.01621723175048828,10.815463066101074,1.938096046447754,9.821697235107422
TRAIN,0442a954,53,0,1,2,1,1,0,5.0625,0.9937100410461426,0.20530693233013153,0.19500195980072021,2,0.010304972529411316,14.076587677001953,2.56618070602417,13.503653526306152
TRAIN,0442a954,53,1,2,2,1,1,0,9.4375,0.9999203681945801,0.3950921297073364,0.41077136993408203,1,-0.015679240226745605,10.548652648925781,2.031846046447754,9.432760238647461
TRAIN,0442a954,54,0,1,2,1,1,0,5.53125,0.9960545301437378,0.20614391565322876,0.1910872757434845,2,0.015056639909744263,14.739038467407227,2.61305570602417,14.159699440002441
TRAIN,0442a954,54,1,2,2,1,1,0,9.4375,0.9999203681945801,0.37949997186660767,0.3952621519565582,1,-0.01576218008995056,10.259981155395508,2.102158546447754,9.053145408630371
TRAIN,0442a954,55,0,1,2,1,1,0,5.6875,0.9966233968734741,0.20766696333885193,0.19075079262256622,2,0.016916170716285706,14.199830055236816,2.34743070602417,13.613426208496094
TRAIN,0442a954,55,1,2,2,1,1,0,9.5,0.9999251365661621,0.38904207944869995,0.3946407437324524,1,-0.005598664283752441,10.498040199279785,1.922471046447754,9.353339195251465
TRAIN,0442a954,56,0,1,2,1,1,0,5.75,0.9968273043632507,0.21573345363140106,0.20070615410804749,2,0.015027299523353577,14.11774730682373,2.22243070602417,13.495299339294434
TRAIN,0442a954,56,1,2,2,1,1,0,9.25,0.9999039173126221,0.38095328211784363,0.3994245231151581,1,-0.018471240997314453,10.195707321166992,1.945908546447754,8.990123748779297
TRAIN,0442a954,57,0,1,2,1,1,0,6.03125,0.9976032376289368,0.24243593215942383,0.22352758049964905,2,0.01890835165977478,13.418338775634766,2.01930570602417,12.770109176635742
TRAIN,0442a954,57,1,2,2,1,1,0,9.625,0.9999339580535889,0.3695426881313324,0.38529253005981445,1,-0.015749841928482056,10.344681739807129,2.031846046447754,9.208620071411133
TRAIN,0442a954,58,0,1,2,1,1,0,6.125,0.9978172779083252,0.24484854936599731,0.2229987233877182,2,0.021849825978279114,12.443544387817383,1.9428609609603882,11.775022506713867
TRAIN,0442a954,58,1,2,2,1,1,0,9.5,0.9999251365661621,0.3458581864833832,0.36024123430252075,1,-0.014383047819137573,10.494924545288086,1.938096046447754,9.465889930725098
TRAIN,0442a954,59,0,1,2,1,1,0,6.375,0.9982993006706238,0.25482118129730225,0.22942179441452026,2,0.025399386882781982,12.854985237121582,1.9854708909988403,12.109537124633789
TRAIN,0442a954,59,1,2,2,1,1,0,9.25,0.9999039173126221,0.3618643879890442,0.35795721411705017,1,0.0039071738719940186,9.951696395874023,2.024033546447754,8.951879501342773
TRAIN,0442a954,60,0,1,2,1,1,0,6.0,0.9975274205207825,0.25914210081100464,0.231374129652977,2,0.02776797115802765,12.412924766540527,1.961533546447754,11.61247444152832
TRAIN,0442a954,60,1,2,2,1,1,0,8.8125,0.9998511075973511,0.35267913341522217,0.34006157517433167,1,0.012617558240890503,9.5050687789917,1.891221046447754,8.481072425842285
TRAIN,0442a954,61,0,1,2,1,1,0,6.59375,0.9986329674720764,0.2678106427192688,0.2443576455116272,2,0.0234529972076416,12.392817497253418,2.031846046447754,11.555379867553711
TRAIN,0442a954,61,1,2,2,1,1,0,9.1875,0.9998977184295654,0.4045621156692505,0.39066728949546814,1,0.013894826173782349,8.989063262939453,1.742783546447754,7.860474109649658
TRAIN,0442a954,62,0,1,2,1,1,0,6.71875,0.998793363571167,0.24822001159191132,0.24629773199558258,2,0.0019222795963287354,11.220022201538086,1.8431183099746704,10.354267120361328
TRAIN,0442a954,62,1,2,2,1,1,0,9.375,0.9999151229858398,0.31928807497024536,0.33732861280441284,1,-0.01804053783416748,10.48471450805664,2.149033546447754,9.397093772888184
TRAIN,0442a954,63,0,1,2,1,1,0,6.4375,0.9984021782875061,0.2426791489124298,0.23752781748771667,2,0.005151331424713135,11.634757995605469,1.8978058099746704,10.820289611816406
TRAIN,0442a954,63,1,2,2,1,1,0,9.3125,0.9999097585678101,0.35575708746910095,0.3691325783729553,1,-0.01337549090385437,9.958033561706543,1.922471046447754,8.8385648727417
TRAIN,0442a954,64,0,1,2,1,1,0,6.0625,0.9976769089698792,0.24822542071342468,0.22276967763900757,2,0.025455743074417114,12.900059700012207,1.9915558099746704,12.101102828979492
TRAIN,0442a954,64,1,2,2,1,1,0,9.25,0.9999039173126221,0.37712231278419495,0.37564632296562195,1,0.001475989818572998,9.832612037658691,1.719346046447754,8.705784797668457
TRAIN,0442a954,65,0,1,2,1,1,0,5.78125,0.9969245791435242,0.271010160446167,0.25305068492889404,2,0.01795947551727295,13.350884437561035,2.1962087154388428,12.54351806640625
TRAIN,0442a954,65,1,2,2,1,1,0,10.0,0.9999545812606812,0.315837025642395,0.34440866112709045,1,-0.028571635484695435,10.903254508972168,1.867783546447754,9.868486404418945
TRAIN,0442a954,66,0,1,2,1,1,0,6.03125,0.9976032376289368,0.26032185554504395,0.23846419155597687,2,0.021857663989067078,13.41594409942627,2.203721046447754,12.575385093688965
TRAIN,0442a954,66,1,2,2,1,1,0,10.0,0.9999545812606812,0.32355841994285583,0.35140445828437805,1,-0.027846038341522217,10.475708961486816,2.070908546447754,9.355732917785645
TRAIN,0442a954,67,0,1,2,1,1,0,6.28125,0.9981324076652527,0.2734653055667877,0.25659841299057007,2,0.01686689257621765,11.442686080932617,1.797471046447754,10.552327156066895
TRAIN,0442a954,67,1,2,2,1,1,0,9.1875,0.9998977184295654,0.3940611183643341,0.38349634408950806,1,0.01056477427482605,9.329523086547852,1.586533546447754,8.175146102905273
TRAIN,0442a954,68,0,1,2,1,1,0,6.5,0.998498797416687,0.2816522419452667,0.2428669035434723,2,0.038785338401794434,13.137988090515137,2.0649261474609375,12.288734436035156
TRAIN,0442a954,68,1,2,2,1,1,0,9.625,0.9999339580535889,0.3613660931587219,0.3894098699092865,1,-0.028043776750564575,10.40775203704834,1.992783546447754,9.209576606750488
TRAIN,0442a954,69,0,1,2,1,1,0,6.375,0.9982993006706238,0.2830025255680084,0.25837406516075134,2,0.02462846040725708,12.672167778015137,2.195908546447754,11.778437614440918
TRAIN,0442a954,69,1,2,2,1,1,0,9.125,0.9998910427093506,0.41553187370300293,0.4086496829986572,1,0.006882190704345703,9.696967124938965,1.781846046447754,8.536975860595703
TRAIN,0442a954,70,0,1,2,1,1,0,6.75,0.9988304972648621,0.2935340702533722,0.2637394666671753,2,0.0297946035861969,12.58299732208252,1.978988528251648,11.706740379333496
TRAIN,0442a954,70,1,2,2,1,1,0,8.5625,0.9998089671134949,0.37773555517196655,0.3662247359752655,1,0.01151081919670105,9.117164611816406,1.774033546447754,7.956945896148682
TRAIN,0442a954,71,0,1,2,1,1,0,6.5625,0.9985895752906799,0.30105212330818176,0.2915828227996826,2,0.009469300508499146,12.021076202392578,2.172471046447754,11.068461418151855
TRAIN,0442a954,71,1,2,2,1,1,0,9.3125,0.9999097585678101,0.3496691584587097,0.3566431403160095,1,-0.006973981857299805,9.76918888092041,1.797471046447754,8.566886901855469
TRAIN,0442a954,72,0,1,2,1,1,0,6.59375,0.9986329674720764,0.29071736335754395,0.29568755626678467,2,-0.004970192909240723,10.90202522277832,1.9618337154388428,10.07079792022705
TRAIN,0442a954,72,1,2,2,1,1,0,9.6875,0.999937891960144,0.3306344151496887,0.33294254541397095,1,-0.0023081302642822266,10.187064170837402,1.844346046447754,9.117920875549316
TRAIN,0442a954,73,0,1,2,1,1,0,6.15625,0.9978843331336975,0.28479042649269104,0.27664491534233093,2,0.008145511150360107,12.184304237365723,2.039658546447754,11.211457252502441
TRAIN,0442a954,73,1,2,2,1,1,0,9.1875,0.9998977184295654,0.29328247904777527,0.32047760486602783,1,-0.027195125818252563,10.808683395385742,2.188096046447754,9.742419242858887
TRAIN,0442a954,74,0,1,2,1,1,0,5.25,0.9947799444198608,0.22708508372306824,0.2210533320903778,2,0.00603175163269043,12.101712226867676,2.0399587154388428,11.417479515075684
TRAIN,0442a954,74,1,2,2,1,1,0,9.25,0.9999039173126221,0.34144607186317444,0.33092737197875977,1,0.010518699884414673,9.538358688354492,1.797471046447754,8.552651405334473
TRAIN,0442a954,75,0,1,2,1,1,0,3.140625,0.9585376977920532,0.21729527413845062,0.2244585156440735,2,-0.007163241505622864,12.500280380249023,2.08530592918396,11.871358871459961
TRAIN,0442a954,75,1,2,2,1,1,0,9.125,0.9998910427093506,0.34333211183547974,0.33322909474372864,1,0.010103017091751099,9.52899169921875,1.586533546447754,8.513297080993652
TRAIN,0442a954,76,0,1,2,1,1,0,2.484375,0.9230391979217529,0.19038026034832,0.20401038229465485,2,-0.013630121946334839,12.01272201538086,2.12436842918396,11.430380821228027
TRAIN,0442a954,76,1,2,2,1,1,0,9.375,0.9999151229858398,0.3106297552585602,0.29418689012527466,1,0.016442865133285522,9.6674165725708,1.945908546447754,8.705682754516602
TRAIN,0442a954,77,0,1,2,1,1,0,0.037109375,0.509276270866394,0.19529980421066284,0.22479182481765747,2,-0.02949202060699463,12.299149513244629,1.8446462154388428,11.813825607299805
TRAIN,0442a954,77,1,2,2,1,1,0,9.3125,0.9999097585678101,0.3179306983947754,0.3077726364135742,1,0.010158061981201172,9.759681701660156,1.922471046447754,8.741082191467285
TRAIN,0442a954,78,0,1,2,1,0,1,-1.359375,0.20434190332889557,,,,,0.0,0.0,2.8216605186462402
TRAIN,0442a954,78,1,2,2,1,1,0,8.6875,0.9998313188552856,0.2978469729423523,0.29248639941215515,1,0.0053605735301971436,9.69152545928955,1.844346046447754,8.728715896606445
TRAIN,0442a954,79,0,1,2,1,0,1,-0.37890625,0.4063906967639923,,,,,0.0,0.0,2.8216605186462402
TRAIN,0442a954,79,1,2,2,1,1,0,8.8125,0.9998511075973511,0.2770739495754242,0.30520665645599365,1,-0.028132706880569458,11.613083839416504,2.047471046447754,10.726848602294922
TRAIN,0442a954,80,0,1,2,1,0,1,-1.265625,0.22000710666179657,,,,,0.0,0.0,2.8216605186462402
TRAIN,0442a954,80,1,2,2,1,1,0,8.9375,0.999868631362915,0.3078770041465759,0.32149365544319153,1,-0.0136166512966156,10.579957962036133,2.094346046447754,9.62964916229248
TRAIN,0442a954,81,0,1,2,1,1,0,0.37890625,0.5936092734336853,0.2866608500480652,0.32365450263023376,2,-0.03699365258216858,9.719757080078125,1.5354706048965454,9.215384483337402
TRAIN,0442a954,81,1,2,2,1,1,0,8.875,0.9998601675033569,0.3066786229610443,0.3177475333213806,1,-0.011068910360336304,10.773941993713379,2.172471046447754,9.830850601196289
TRAIN,0442a954,82,0,1,2,1,1,0,1.1171875,0.7534666657447815,0.2210811823606491,0.26796892285346985,2,-0.04688774049282074,11.433183670043945,1.7508962154388428,11.113829612731934
TRAIN,0442a954,82,1,2,2,1,1,0,8.3125,0.9997546076774597,0.30436548590660095,0.3147154450416565,1,-0.010349959135055542,10.449017524719238,2.047471046447754,9.492823600769043
TRAIN,0442a954,83,0,1,2,1,1,0,1.28125,0.7826625108718872,0.22363652288913727,0.25390928983688354,2,-0.030272766947746277,11.00141716003418,1.6928609609603882,10.678123474121094
TRAIN,0442a954,83,1,2,2,1,1,0,8.3125,0.9997546076774597,0.30385613441467285,0.31341174244880676,1,-0.009555608034133911,10.693624496459961,2.016221046447754,9.766510963439941
TRAIN,0442a954,84,0,1,2,1,1,0,1.1015625,0.750552773475647,0.21060095727443695,0.2468864470720291,2,-0.03628548979759216,11.045605659484863,1.7006734609603882,10.729001998901367
TRAIN,0442a954,84,1,2,2,1,1,0,7.6875,0.9995417594909668,0.32490143179893494,0.3215404748916626,1,0.003360956907272339,9.99145221710205,1.891221046447754,9.03122329711914
TRAIN,0442a954,85,0,1,2,1,1,0,1.3125,0.7879312038421631,0.24137409031391144,0.23665444552898407,2,0.004719644784927368,10.871125221252441,1.8758962154388428,10.24769115447998
TRAIN,0442a954,85,1,2,2,1,1,0,7.96875,0.9996540546417236,0.31422320008277893,0.31932902336120605,1,-0.005105823278427124,10.0339994430542,1.906846046447754,9.062546730041504
TRAIN,0442a954,86,0,1,2,1,1,0,1.5625,0.8267117738723755,0.24583588540554047,0.24204900860786438,2,0.0037868767976760864,11.903838157653809,2.1024587154388428,11.06766128540039
TRAIN,0442a954,86,1,2,2,1,1,0,8.0,0.9996646642684937,0.30741816759109497,0.3150440454483032,1,-0.007625877857208252,10.166340827941895,1.883408546447754,9.214216232299805
TRAIN,0442a954,87,0,1,2,1,1,0,2.5625,0.9284088015556335,0.2969302833080292,0.3129318952560425,2,-0.016001611948013306,11.420519828796387,1.919232964515686,10.685632705688477
TRAIN,0442a954,87,1,2,2,1,1,0,7.5,0.9994471669197083,0.32234784960746765,0.33147576451301575,1,-0.009127914905548096,10.104314804077148,1.797471046447754,9.140646934509277
TRAIN,0442a954,88,0,1,2,1,1,0,2.390625,0.9161096215248108,0.25596755743026733,0.250859797000885,2,0.005107760429382324,12.649942398071289,2.11655592918396,11.993254661560059
TRAIN,0442a954,88,1,2,2,1,1,0,7.71875,0.999555766582489,0.315066397190094,0.3269655704498291,1,-0.011899173259735107,10.302204132080078,1.766221046447754,9.344388961791992
TRAIN,0442a954,89,0,1,2,1,1,0,3.0625,0.9553191661834717,0.2964862287044525,0.28826236724853516,2,0.008223861455917358,13.35542106628418,2.1962087154388428,12.498826026916504
TRAIN,0442a954,89,1,2,2,1,1,0,7.78125,0.9995827078819275,0.31362253427505493,0.3261878788471222,1,-0.01256534457206726,10.713850021362305,1.930283546447754,9.753430366516113
TRAIN,0442a954,90,0,1,2,1,1,0,3.28125,0.9637799859046936,0.24400676786899567,0.247595876455307,2,-0.0035891085863113403,14.088624954223633,2.26930570602417,13.383995056152344
TRAIN,0442a954,90,1,2,2,1,1,0,7.78125,0.9995827078819275,0.31943821907043457,0.3312298059463501,1,-0.011791586875915527,10.315077781677246,1.820908546447754,9.335359573364258
TRAIN,0442a954,91,0,1,2,1,1,0,3.53125,0.971563994884491,0.23452073335647583,0.2318350225687027,2,0.0026857107877731323,13.716970443725586,2.258408546447754,12.944560050964355
TRAIN,0442a954,91,1,2,2,1,1,0,7.53125,0.999464213848114,0.2886219024658203,0.30066683888435364,1,-0.012044936418533325,11.196550369262695,2.070908546447754,10.260435104370117
TRAIN,0442a954,92,0,1,2,1,1,0,3.71875,0.9763104915618896,0.22698479890823364,0.23115302622318268,2,-0.004168227314949036,12.182363510131836,1.9993683099746704,11.508794784545898
TRAIN,0442a954,92,1,2,2,1,1,0,7.4375,0.9994115829467773,0.2610210180282593,0.24403338134288788,1,0.0169876366853714,9.667717933654785,1.797471046447754,8.80975341796875
TRAIN,0442a954,93,0,1,2,1,1,0,3.609375,0.9736446738243103,0.1887350082397461,0.1824689507484436,2,0.00626605749130249,13.883881568908691,2.65993070602417,13.415552139282227
TRAIN,0442a954,93,1,2,2,1,1,0,7.59375,0.9994966983795166,0.2611231803894043,0.24667160212993622,1,0.014451578259468079,10.379950523376465,1.914658546447754,9.456121444702148
TRAIN,0442a954,94,0,1,2,1,1,0,3.25,0.9626730680465698,0.20852211117744446,0.19462479650974274,2,0.013897314667701721,12.039180755615234,2.17555570602417,11.429561614990234
TRAIN,0442a954,94,1,2,2,1,1,0,8.3125,0.9997546076774597,0.3105911910533905,0.3019503057003021,1,0.008640885353088379,10.227133750915527,1.813096046447754,9.227123260498047
TRAIN,0442a954,95,0,1,2,1,1,0,3.25,0.9626730680465698,0.20651017129421234,0.22436760365962982,2,-0.01785743236541748,12.321332931518555,2.32749342918396,11.576752662658691
TRAIN,0442a954,95,1,2,2,1,1,0,7.375,0.999373733997345,0.28600814938545227,0.27992570400238037,1,0.006082445383071899,10.324284553527832,1.922471046447754,9.34698486328125
TRAIN,0442a954,96,0,1,2,1,1,0,3.625,0.9740425944328308,0.2420124113559723,0.25195634365081787,2,-0.009943932294845581,12.111639022827148,2.22593092918396,11.231770515441895
TRAIN,0442a954,96,1,2,2,1,1,0,5.59375,0.996292769908905,0.27346405386924744,0.2832130193710327,1,-0.009748965501785278,10.517210960388184,1.7181183099746704,9.679803848266602
TRAIN,0442a954,97,0,1,2,1,1,0,3.75,0.977022647857666,0.22574912011623383,0.2218751162290573,2,0.0038740038871765137,11.882566452026367,2.23374342918396,11.072640419006348
TRAIN,0442a954,97,1,2,2,1,1,0,2.578125,0.929440438747406,0.24593684077262878,0.2290155440568924,1,0.01692129671573639,10.677245140075684,1.7816596031188965,9.982606887817383
TRAIN,0442a954,98,0,1,2,1,1,0,3.625,0.9740425944328308,0.16227638721466064,0.17046529054641724,2,-0.008188903331756592,10.841964721679688,2.03843092918396,10.22392749786377
TRAIN,0442a954,98,1,2,2,1,1,0,2.578125,0.929440438747406,0.2824299931526184,0.25797873735427856,1,0.024451255798339844,10.725502967834473,1.7571808099746704,9.946868896484375
TRAIN,0442a954,99,0,1,2,1,1,0,3.140625,0.9585376977920532,0.22521182894706726,0.22690875828266144,2,-0.0016969293355941772,12.51712417602539,2.1805837154388428,11.776631355285645
TRAIN,0442a954,99,1,2,2,1,1,0,3.6875,0.9755768775939941,0.25290825963020325,0.24059297144412994,1,0.012315288186073303,11.405054092407227,2.07749342918396,10.836008071899414
TRAIN,0442a954,100,0,1,2,1,1,0,3.359375,0.9664104580879211,0.20004841685295105,0.2037782222032547,2,-0.00372980535030365,12.137927055358887,2.17905592918396,11.40837574005127
TRAIN,0442a954,100,1,2,2,1,1,0,4.75,0.9914224743843079,0.24474631249904633,0.23613625764846802,1,0.008610054850578308,11.20222282409668,2.11655592918396,10.478676795959473
TRAIN,0442a954,101,0,1,2,1,1,0,3.875,0.9796676635742188,0.22060611844062805,0.2362971305847168,2,-0.015691012144088745,11.600438117980957,2.03843092918396,10.788771629333496
TRAIN,0442a954,101,1,2,2,1,1,0,5.125,0.9940890073776245,0.28716516494750977,0.2738554775714874,1,0.013309687376022339,11.135662078857422,2.10874342918396,10.299968719482422
TRAIN,0442a954,102,0,1,2,1,1,0,3.859375,0.9793540239334106,0.1819317489862442,0.19890838861465454,2,-0.01697663962841034,11.248631477355957,2.13218092918396,10.532347679138184
TRAIN,0442a954,102,1,2,2,1,1,0,5.15625,0.9942697286605835,0.28712037205696106,0.2776225209236145,1,0.009497851133346558,11.603263854980469,1.9759308099746704,10.758243560791016
TRAIN,0442a954,103,0,1,2,1,1,0,4.5625,0.9896718263626099,0.22905784845352173,0.2536810338497162,2,-0.024623185396194458,11.842089653015137,2.13218092918396,10.9849271774292
TRAIN,0442a954,103,1,2,2,1,1,0,5.4375,0.9956685304641724,0.2786635458469391,0.2778662145137787,1,0.0007973313331604004,12.583821296691895,2.25718092918396,11.778085708618164
TRAIN,0442a954,104,0,1,2,1,1,0,5.15625,0.9942697286605835,0.20058323442935944,0.2120344042778015,2,-0.011451169848442078,12.58332347869873,2.13999342918396,11.73488998413086
TRAIN,0442a954,104,1,2,2,1,1,0,5.71875,0.9967268705368042,0.23497122526168823,0.23099760711193085,1,0.003973618149757385,12.47742748260498,2.141221046447754,11.673164367675781
TRAIN,0442a954,105,0,1,2,1,1,0,5.40625,0.9955315589904785,0.20131024718284607,0.20403149724006653,2,-0.002721250057220459,12.851178169250488,1.986801028251648,12.020329475402832
TRAIN,0442a954,105,1,2,2,1,1,0,5.75,0.9968273043632507,0.2241106927394867,0.2381163090467453,1,-0.014005616307258606,13.060201644897461,2.0682272911071777,12.25346565246582
TRAIN,0442a954,106,0,1,2,1,1,0,5.375,0.9953904151916504,0.20210950076580048,0.1932225078344345,2,0.008886992931365967,13.189805030822754,2.109971046447754,12.361715316772461
TRAIN,0442a954,106,1,2,2,1,1,0,5.375,0.9953904151916504,0.27184194326400757,0.25948089361190796,1,0.01236104965209961,10.923925399780273,1.7899587154388428,10.249978065490723
TRAIN,0442a954,107,0,1,2,1,1,0,6.375,0.9982993006706238,0.20786450803279877,0.19462673366069794,2,0.01323777437210083,12.789170265197754,2.09311842918396,11.978633880615234
TRAIN,0442a954,107,1,2,2,1,1,0,5.875,0.9971990585327148,0.213881254196167,0.2242559790611267,1,-0.010374724864959717,12.87967300415039,2.367783546447754,12.093016624450684
TRAIN,0442a954,108,0,1,2,1,1,0,6.84375,0.9989350438117981,0.20935823023319244,0.19237345457077026,2,0.01698477566242218,13.186034202575684,2.086533546447754,12.42991828918457
TRAIN,0442a954,108,1,2,2,1,1,0,6.15625,0.9978843331336975,0.19221040606498718,0.2061007022857666,1,-0.013890296220779419,13.117091178894043,2.305283546447754,12.371254920959473
TRAIN,0442a954,109,0,1,2,1,1,0,7.53125,0.999464213848114,0.20973007380962372,0.18898740410804749,2,0.020742669701576233,13.484891891479492,2.211533546447754,12.728649139404297
TRAIN,0442a954,109,1,2,2,1,1,0,6.46875,0.9984512329101562,0.23555763065814972,0.23184412717819214,1,0.0037135034799575806,12.185259819030762,2.149033546447754,11.308954238891602
TRAIN,0442a954,110,0,1,2,1,1,0,7.46875,0.9994296431541443,0.2810085117816925,0.27054736018180847,2,0.010461151599884033,11.51464557647705,1.8587433099746704,10.569561958312988
TRAIN,0442a954,110,1,2,2,1,1,0,6.5625,0.9985895752906799,0.22288106381893158,0.22674430906772614,1,-0.0038632452487945557,12.413445472717285,2.109971046447754,11.55828857421875
TRAIN,0442a954,111,0,1,2,1,1,0,7.875,0.9996199607849121,0.22519776225090027,0.21999521553516388,2,0.005202546715736389,14.021506309509277,2.391221046447754,13.218789100646973
TRAIN,0442a954,111,1,2,2,1,1,0,7.15625,0.999220609664917,0.19306056201457977,0.20732177793979645,1,-0.014261215925216675,12.90388298034668,2.383408546447754,12.119301795959473
TRAIN,0442a954,112,0,1,2,1,1,0,7.25,0.9992903470993042,0.21717078983783722,0.20399776101112366,2,0.013173028826713562,13.332453727722168,2.211533546447754,12.529545783996582
TRAIN,0442a954,112,1,2,2,1,1,0,7.03125,0.9991169571876526,0.20727768540382385,0.21155484020709991,1,-0.004277154803276062,12.519986152648926,2.164658546447754,11.748991966247559
TRAIN,0442a954,113,0,1,2,1,1,0,7.375,0.999373733997345,0.2106938660144806,0.2021322399377823,2,0.008561626076698303,13.024229049682617,2.258408546447754,12.283656120300293
TRAIN,0442a954,113,1,2,2,1,1,0,7.5625,0.999480664730072,0.21553026139736176,0.21844366192817688,1,-0.0029134005308151245,12.463236808776855,2.141221046447754,11.695068359375
TRAIN,0442a954,114,0,1,2,1,1,0,7.15625,0.999220609664917,0.22870033979415894,0.22286289930343628,2,0.005837440490722656,12.674474716186523,2.14780592918396,11.713236808776855
TRAIN,0442a954,114,1,2,2,1,1,0,7.59375,0.9994966983795166,0.23495276272296906,0.23308776319026947,1,0.001864999532699585,12.188878059387207,2.000596046447754,11.383156776428223
TRAIN,0442a954,115,0,1,2,1,1,0,7.78125,0.9995827078819275,0.222715362906456,0.21928033232688904,2,0.0034350305795669556,13.0147066116333,2.30405592918396,12.066514015197754
TRAIN,0442a954,115,1,2,2,1,1,0,7.375,0.999373733997345,0.23772336542606354,0.24838870763778687,1,-0.010665342211723328,11.892449378967285,1.930283546447754,11.059866905212402
TRAIN,0442a954,116,0,1,2,1,1,0,7.875,0.9996199607849121,0.2838265001773834,0.2747201919555664,2,0.009106308221817017,12.491719245910645,2.26499342918396,11.51193904876709
TRAIN,0442a954,116,1,2,2,1,1,0,7.0625,0.9991440773010254,0.2586948275566101,0.25639796257019043,1,0.0022968649864196777,11.450057983398438,1.8665558099746704,10.674379348754883
TRAIN,0442a954,117,0,1,2,1,1,0,8.5625,0.9998089671134949,0.2615552842617035,0.25854218006134033,2,0.003013104200363159,11.54011344909668,1.8978058099746704,10.72728157043457
TRAIN,0442a954,117,1,2,2,1,1,0,7.59375,0.9994966983795166,0.24123220145702362,0.24446608126163483,1,-0.003233879804611206,11.86786937713623,2.156846046447754,11.099479675292969
TRAIN,0442a954,118,0,1,2,1,1,0,8.375,0.9997695088386536,0.2612951695919037,0.24762535095214844,2,0.013669818639755249,11.876195907592773,1.820908546447754,10.972816467285156
TRAIN,0442a954,118,1,2,2,1,1,0,7.875,0.9996199607849121,0.2342938929796219,0.24185079336166382,1,-0.007556900382041931,12.130316734313965,2.125596046447754,11.381342887878418
TRAIN,0442a954,119,0,1,2,1,1,0,8.5,0.9997965693473816,0.24670879542827606,0.22649872303009033,2,0.02021007239818573,12.45675277709961,2.001095771789551,11.64255428314209
TRAIN,0442a954,119,1,2,2,1,1,0,7.875,0.9996199607849121,0.24773825705051422,0.24315804243087769,1,0.004580214619636536,11.773634910583496,2.180283546447754,10.992410659790039
TRAIN,0442a954,120,0,1,2,1,1,0,8.625,0.9998205304145813,0.26395371556282043,0.2338649481534958,2,0.030088767409324646,12.18631649017334,1.8760958909988403,11.436821937561035
TRAIN,0442a954,120,1,2,2,1,1,0,8.0625,0.9996849298477173,0.23468007147312164,0.24443288147449493,1,-0.009752810001373291,12.206006050109863,2.352158546447754,11.382822036743164
TRAIN,0442a954,121,0,1,2,1,1,0,8.8125,0.9998511075973511,0.252728670835495,0.22969406843185425,2,0.023034602403640747,12.234966278076172,1.906846046447754,11.302234649658203
TRAIN,0442a954,121,1,2,2,1,1,0,8.3125,0.9997546076774597,0.24581913650035858,0.2594241499900818,1,-0.013605013489723206,12.313257217407227,2.203721046447754,11.50823974609375
TRAIN,0442a954,122,0,1,2,1,1,0,8.5,0.9997965693473816,0.23695038259029388,0.21441875398159027,2,0.022531628608703613,13.238969802856445,2.383408546447754,12.426305770874023
TRAIN,0442a954,122,1,2,2,1,1,0,8.0625,0.9996849298477173,0.25701990723609924,0.2626384496688843,1,-0.005618542432785034,11.783935546875,1.906846046447754,10.999595642089844
TRAIN,0442a954,123,0,1,2,1,1,0,8.6875,0.9998313188552856,0.21547168493270874,0.20166358351707458,2,0.013808101415634155,13.635747909545898,2.508408546447754,12.879867553710938
TRAIN,0442a954,123,1,2,2,1,1,0,8.4375,0.999783456325531,0.25719016790390015,0.27266791462898254,1,-0.015477746725082397,12.017474174499512,2.039658546447754,11.221673965454102
TRAIN,0442a954,124,0,1,2,1,1,0,8.5625,0.9998089671134949,0.21002674102783203,0.2045227438211441,2,0.005503997206687927,12.686118125915527,2.359971046447754,11.935463905334473
TRAIN,0442a954,124,1,2,2,1,1,0,8.625,0.9998205304145813,0.2633878290653229,0.2673359811306,1,-0.0039481520652771,11.820708274841309,2.133408546447754,11.043514251708984
TRAIN,0442a954,125,0,1,2,1,1,0,8.9375,0.999868631362915,0.2743350863456726,0.2520884573459625,2,0.022246628999710083,12.656437873840332,2.11655592918396,11.85610294342041
TRAIN,0442a954,125,1,2,2,1,1,0,8.625,0.9998205304145813,0.25716128945350647,0.26319068670272827,1,-0.006029397249221802,11.833551406860352,2.117783546447754,11.055834770202637
TRAIN,0442a954,126,0,1,2,1,1,0,8.75,0.999841570854187,0.2523912489414215,0.24903661012649536,2,0.0033546388149261475,12.776416778564453,2.289658546447754,12.023083686828613
TRAIN,0442a954,126,1,2,2,1,1,0,8.6875,0.9998313188552856,0.25690215826034546,0.26567238569259644,1,-0.008770227432250977,12.084219932556152,2.195908546447754,11.27388858795166
TRAIN,0442a954,127,0,1,2,1,1,0,8.5,0.9997965693473816,0.2940169870853424,0.2898994982242584,2,0.004117488861083984,11.656686782836914,1.883408546447754,10.705255508422852
TRAIN,0442a954,127,1,2,2,1,1,0,8.6875,0.9998313188552856,0.28375187516212463,0.28855112195014954,1,-0.004799246788024902,11.813891410827637,2.195908546447754,10.921180725097656
TRAIN,0442a954,128,0,1,2,1,1,0,8.8125,0.9998511075973511,0.262495756149292,0.23868195712566376,2,0.023813799023628235,12.274567604064941,1.984971046447754,11.496742248535156
TRAIN,0442a954,128,1,2,2,1,1,0,8.4375,0.999783456325531,0.29101675748825073,0.292667418718338,1,-0.0016506612300872803,11.649247169494629,2.320908546447754,10.75583267211914
TRAIN,0442a954,129,0,1,2,1,1,0,9.0,0.9998766183853149,0.2772977650165558,0.26622697710990906,2,0.011070787906646729,12.01152229309082,2.008408546447754,11.230653762817383
TRAIN,0442a954,129,1,2,2,1,1,0,8.6875,0.9998313188552856,0.27574023604393005,0.2797659635543823,1,-0.0040257275104522705,11.489723205566406,2.266221046447754,10.632067680358887
TRAIN,0442a954,130,0,1,2,1,1,0,9.0625,0.9998840093612671,0.2584368884563446,0.24995262920856476,2,0.008484259247779846,13.282093048095703,2.539658546447754,12.486336708068848
TRAIN,0442a954,130,1,2,2,1,1,0,8.9375,0.999868631362915,0.2604617178440094,0.26981374621391296,1,-0.009352028369903564,10.650157928466797,2.039658546447754,9.66857624053955
TRAIN,0442a954,131,0,1,2,1,1,0,8.8125,0.9998511075973511,0.2800016403198242,0.27507880330085754,2,0.004922837018966675,12.243292808532715,2.141221046447754,11.394412994384766
TRAIN,0442a954,131,1,2,2,1,1,0,9.0,0.9998766183853149,0.24816195666790009,0.25862693786621094,1,-0.010464981198310852,11.1624116897583,2.227158546447754,10.207523345947266
TRAIN,0442a954,132,0,1,2,1,1,0,8.8125,0.9998511075973511,0.27558040618896484,0.2697012722492218,2,0.005879133939743042,12.262124061584473,2.383408546447754,11.400152206420898
TRAIN,0442a954,132,1,2,2,1,1,0,9.875,0.9999485015869141,0.23879122734069824,0.25131770968437195,1,-0.012526482343673706,11.362658500671387,2.250596046447754,10.421087265014648
TRAIN,0442a954,133,0,1,2,1,1,0,8.6875,0.9998313188552856,0.21471327543258667,0.21034961938858032,2,0.004363656044006348,12.882734298706055,2.524033546447754,12.178410530090332
TRAIN,0442a954,133,1,2,2,1,1,0,10.25,0.9999645948410034,0.2885533273220062,0.3103097677230835,1,-0.02175644040107727,11.756502151489258,2.125596046447754,10.78826904296875
TRAIN,0442a954,134,0,1,2,1,1,0,8.8125,0.9998511075973511,0.20972508192062378,0.2073962241411209,2,0.0023288577795028687,13.535640716552734,2.742783546447754,12.796494483947754
TRAIN,0442a954,134,1,2,2,1,1,0,10.125,0.9999599456787109,0.2526942491531372,0.2699982225894928,1,-0.01730397343635559,12.349040031433105,2.461533546447754,11.373400688171387
TRAIN,0442a954,135,0,1,2,1,1,0,8.9375,0.999868631362915,0.21513134241104126,0.20098432898521423,2,0.014147013425827026,12.994417190551758,2.477158546447754,12.249176979064941
TRAIN,0442a954,135,1,2,2,1,1,0,10.6875,0.9999772310256958,0.2406013160943985,0.25498443841934204,1,-0.014383122324943542,11.478479385375977,2.250596046447754,10.536237716674805
