split,video,frame_idx,obj_idx,object_id,n_objects,frame_height,frame_width,baseline_memory_encoded,mask_conf_iou_head,occ_score_logit,occ_score_prob,pointer_valid,pred_area_px,area_norm,frame0_anchor_area_px,area_ratio_anchor,temporal_iou_prev,centroid_x_px,centroid_y_px,prev_centroid_x_px,prev_centroid_y_px,target_visible,target_gt_area_px,target_iou,max_other_iou,max_other_object_id,ptr_sim_anchor_fp32
TRAIN,fc0qnjw2,1,0,1,3,720,1280,1,0.94140625,7.15625,0.999220609664917,1,10033,0.010886501736111111,10062,0.9971178692108925,0.8755833488893037,225.20930927937806,370.0869131864846,221.72341482806598,371.28046114092626,1,10234,0.924325864033422,0.0,2,0.28949475288391113
TRAIN,fc0qnjw2,1,1,2,3,720,1280,1,0.92578125,9.0,0.9998766183853149,1,4508,0.004891493055555555,4375,1.0304,0.9365598430346632,553.5372670807453,365.7464507542147,553.3364571428572,367.6528,1,4352,0.9265057621222005,0.0,1,0.2568698227405548
TRAIN,fc0qnjw2,1,2,3,3,720,1280,1,0.953125,7.75,0.9995694756507874,1,3502,0.0037999131944444443,3494,1.0022896393817973,0.9347345132743363,900.687321530554,350.50970873786406,899.5947338294219,351.43531768746425,1,3598,0.937244201909959,0.0,1,0.2780252695083618
TRAIN,fc0qnjw2,2,0,1,3,720,1280,1,0.94140625,7.96875,0.9996540546417236,1,9894,0.010735677083333334,10062,0.9833035181872392,0.8376060494282552,229.1557509601779,371.3090762078027,225.20930927937806,370.0869131864846,1,10293,0.9116477272727272,0.0,2,0.33131954073905945
TRAIN,fc0qnjw2,2,1,2,3,720,1280,1,0.921875,9.0,0.9998766183853149,1,4352,0.004722222222222222,4375,0.9947428571428572,0.9400043792423911,554.8642003676471,364.6966911764706,553.5372670807453,365.7464507542147,1,4541,0.889715257118572,0.0,1,0.2646328806877136
TRAIN,fc0qnjw2,2,2,3,3,720,1280,1,0.953125,7.59375,0.9994966983795166,1,3801,0.004124348958333334,3494,1.087864911276474,0.9208311415044713,900.9884240989213,351.9060773480663,900.687321530554,350.50970873786406,1,3632,0.9306493506493506,0.0,1,0.21271368861198425
TRAIN,fc0qnjw2,3,0,1,3,720,1280,1,0.9296875,8.75,0.999841570854187,1,9497,0.010304904513888888,10062,0.9438481415225601,0.816657298107551,234.35990312730337,374.7114878382647,229.1557509601779,371.3090762078027,1,9873,0.8871784879189399,0.0,2,0.3289978504180908
TRAIN,fc0qnjw2,3,1,2,3,720,1280,1,0.91015625,9.0,0.9998766183853149,1,4444,0.004822048611111111,4375,1.0157714285714285,0.8965071151358344,556.1001350135014,366.61566156615663,554.8642003676471,364.6966911764706,1,4506,0.8676961602671118,0.0,1,0.23006966710090637
TRAIN,fc0qnjw2,3,2,3,3,720,1280,1,0.953125,7.90625,0.9996316432952881,1,3837,0.004163411458333334,3494,1.098168288494562,0.9018924302788844,902.9257232212666,353.2366432108418,900.9884240989213,351.9060773480663,1,3859,0.9375629405840886,0.0,1,0.22038960456848145
TRAIN,fc0qnjw2,4,0,1,3,720,1280,1,0.93359375,9.375,0.9999151229858398,1,9524,0.01033420138888889,10062,0.9465315046710395,0.7227606195091024,228.60594288114237,383.3637127257455,234.35990312730337,374.7114878382647,1,9862,0.8970545063117722,0.0,2,0.2729884684085846
TRAIN,fc0qnjw2,4,1,2,3,720,1280,1,0.90625,9.0,0.9998766183853149,1,4595,0.004985894097222222,4375,1.0502857142857143,0.7578763127187864,553.8557127312296,377.13645266594125,556.1001350135014,366.61566156615663,1,4703,0.8856215777732711,0.0,1,0.25667282938957214
TRAIN,fc0qnjw2,4,2,3,3,720,1280,1,0.9453125,8.0625,0.9996849298477173,1,3907,0.0042393663194444445,3494,1.118202633085289,0.6564705882352941,900.6224724852829,366.5932940875352,902.9257232212666,353.2366432108418,1,3826,0.9293912175648703,0.0,1,0.24866506457328796
TRAIN,fc0qnjw2,5,0,1,3,720,1280,1,0.93359375,8.0,0.9996646642684937,1,9891,0.010732421875,10062,0.983005366726297,0.11044383436284604,184.85785057122638,387.4814477808108,228.60594288114237,383.3637127257455,1,9913,0.9283349561830575,0.0,2,0.3776751458644867
TRAIN,fc0qnjw2,5,1,2,3,720,1280,1,0.890625,8.625,0.9998205304145813,1,4733,0.005135633680555555,4375,1.0818285714285714,0.11432325886990802,520.6061694485527,381.9552081132474,553.8557127312296,377.13645266594125,1,4597,0.8924949290060852,0.0,1,0.3770119249820709
TRAIN,fc0qnjw2,5,2,3,3,720,1280,1,0.94140625,7.40625,0.9993928670883179,1,3825,0.004150390625,3494,1.094733829421866,0.15402985074626865,866.9898039215686,372.358954248366,900.6224724852829,366.5932940875352,1,3808,0.9427335199796386,0.0,1,0.39345070719718933
TRAIN,fc0qnjw2,6,0,1,3,720,1280,1,0.92578125,6.8125,0.9989012479782104,1,10678,0.011586371527777778,10062,1.0612204333134565,0.030459395821852614,126.65939314478366,388.5308110132984,184.85785057122638,387.4814477808108,1,10717,0.9027926004980434,0.0,2,0.3090682327747345
TRAIN,fc0qnjw2,6,1,2,3,720,1280,1,0.90234375,7.90625,0.9996316432952881,1,4756,0.005160590277777778,4375,1.0870857142857142,0.01118925831202046,475.1869217830109,382.11038687973087,520.6061694485527,381.9552081132474,1,4498,0.8908868001634654,0.0,1,0.2587629556655884
TRAIN,fc0qnjw2,6,2,3,3,720,1280,1,0.93359375,7.34375,0.99935382604599,1,3895,0.004226345486111111,3494,1.114768174012593,0.03305232169142246,820.3211810012837,371.8934531450578,866.9898039215686,372.358954248366,1,3789,0.9408941651932307,0.0,1,0.2358061969280243
TRAIN,fc0qnjw2,7,0,1,3,720,1280,1,0.9296875,6.75,0.9988304972648621,1,11193,0.012145182291666667,10062,1.1124031007751938,0.02550757256060393,61.8837666398642,389.35674082015544,126.65939314478366,388.5308110132984,1,11444,0.9303317131406157,0.0,2,0.3179808259010315
TRAIN,fc0qnjw2,7,1,2,3,720,1280,1,0.8984375,7.625,0.9995121955871582,1,4782,0.0051888020833333335,4375,1.0930285714285715,0.0017855267303854637,423.1258887494772,381.1175240485153,475.1869217830109,382.11038687973087,1,4627,0.8467124631992149,0.0,1,0.2918538749217987
TRAIN,fc0qnjw2,7,2,3,3,720,1280,1,0.9296875,7.09375,0.9991704225540161,1,3452,0.0037456597222222223,3494,0.9879793932455638,0.0010900667665894536,767.6984356894554,368.8702201622248,820.3211810012837,371.8934531450578,1,3641,0.9134070677097383,0.0,1,0.27519524097442627
TRAIN,fc0qnjw2,8,0,1,3,720,1280,1,0.92578125,3.8125,0.9783847332000732,1,3925,0.004258897569444444,10062,0.3900814947326575,0.016814635458703254,16.7228025477707,410.56585987261144,61.8837666398642,389.35674082015544,1,4050,0.8929503916449086,0.0,2,0.30510765314102173
TRAIN,fc0qnjw2,8,1,2,3,720,1280,1,0.89453125,7.34375,0.99935382604599,1,4903,0.005320095486111111,4375,1.1206857142857143,0.0,360.7421986538854,381.30185600652663,423.1258887494772,381.1175240485153,1,4874,0.8708381171067738,0.0,1,0.2727643847465515
TRAIN,fc0qnjw2,8,2,3,3,720,1280,1,0.8671875,5.53125,0.9960545301437378,1,1677,0.0018196614583333333,3494,0.47996565540927305,0.0,695.9797257006559,366.70960047704233,767.6984356894554,368.8702201622248,1,1640,0.8479108635097493,0.0,1,0.40081900358200073
TRAIN,fc0qnjw2,9,0,1,3,720,1280,1,5.39260384428426e-32,-4.9375,0.00712142838165164,0,0,0.0,10062,0.0,0.0,,,16.7228025477707,410.56585987261144,0,0,,0.0,2,
TRAIN,fc0qnjw2,9,1,2,3,720,1280,1,0.88671875,7.40625,0.9993928670883179,1,4748,0.005151909722222223,4375,1.085257142857143,0.0,296.26937657961247,378.7580033698399,360.7421986538854,381.30185600652663,1,5173,0.8270718232044199,0.0,1,0.27785083651542664
TRAIN,fc0qnjw2,9,2,3,3,720,1280,1,1.787262988391355e-30,-3.203125,0.039048291742801666,0,0,0.0,3494,0.0,0.0,,,695.9797257006559,366.70960047704233,0,0,,0.0,2,
TRAIN,fc0qnjw2,10,0,1,3,720,1280,1,9.870390964984584e-34,-5.71875,0.003273064736276865,0,0,0.0,10062,0.0,,,,,,0,0,,0.0,2,
TRAIN,fc0qnjw2,10,1,2,3,720,1280,1,0.90625,7.03125,0.9991169571876526,1,5436,0.0058984375,4375,1.2425142857142857,0.0,220.85467255334805,378.24963208241354,296.26937657961247,378.7580033698399,1,5425,0.9155202821869488,0.0,1,0.2488662749528885
TRAIN,fc0qnjw2,10,2,3,3,720,1280,1,3.6261649734165925e-34,-4.84375,0.007815888151526451,0,0,0.0,3494,0.0,,,,,,0,0,,0.0,2,
TRAIN,fc0qnjw2,11,0,1,3,720,1280,1,6.629788138637702e-36,-5.09375,0.0060975621454417706,0,0,0.0,10062,0.0,,,,,,0,0,,0.0,2,
TRAIN,fc0qnjw2,11,1,2,3,720,1280,1,0.90234375,6.46875,0.9984512329101562,1,5630,0.006108940972222222,4375,1.286857142857143,0.0,148.67388987566608,375.8017761989343,220.85467255334805,378.24963208241354,1,5816,0.9105324653647138,0.0,1,0.28586331009864807
TRAIN,fc0qnjw2,11,2,3,3,720,1280,1,2.68426485998971e-33,-5.78125,0.0030753696337342262,0,0,0.0,3494,0.0,,,,,,0,0,,0.0,2,
TRAIN,fc0qnjw2,12,0,1,3,720,1280,1,4.890056499420716e-35,-5.375,0.004609572235494852,0,0,0.0,10062,0.0,,,,,,0,0,,0.0,2,
TRAIN,fc0qnjw2,12,1,2,3,720,1280,1,0.9140625,6.34375,0.998245358467102,1,5959,0.006465928819444445,4375,1.3620571428571429,0.0,74.04195334787715,374.64960563853,148.67388987566608,375.8017761989343,1,5939,0.8686979739280666,0.0,1,0.2583640515804291
TRAIN,fc0qnjw2,12,2,3,3,720,1280,1,0.7109375,0.169921875,0.5423785448074341,1,94,0.00010199652777777778,3494,0.026903262736119062,0.0,470.63829787234044,314.9468085106383,,,1,121,0.6538461538461539,0.0,1,0.3677213788032532
TRAIN,fc0qnjw2,13,0,1,3,720,1280,1,4.890056499420716e-35,-6.3125,0.0018102108733728528,0,0,0.0,10062,0.0,,,,,,0,0,,0.0,2,
TRAIN,fc0qnjw2,13,1,2,3,720,1280,1,0.92578125,3.484375,0.9702399373054504,1,2792,0.003029513888888889,4375,0.6381714285714286,0.0,12.912249283667622,349.74462750716333,74.04195334787715,374.64960563853,1,2608,0.9054340155257586,0.0,1,0.28344449400901794
TRAIN,fc0qnjw2,13,2,3,3,720,1280,1,0.796875,3.71875,0.9763104915618896,1,568,0.0006163194444444444,3494,0.16256439610761306,0.0,389.2957746478873,317.76232394366195,470.63829787234044,314.9468085106383,1,480,0.8006872852233677,0.0,1,0.33170801401138306
TRAIN,fc0qnjw2,14,0,1,3,720,1280,1,2.971649718878743e-35,-6.1875,0.0020507434383034706,0,0,0.0,10062,0.0,,,,,,0,0,,0.0,3,
TRAIN,fc0qnjw2,14,1,2,3,720,1280,1,3.6261649734165925e-34,-5.625,0.0035936026833951473,0,0,0.0,4375,0.0,0.0,,,12.912249283667622,349.74462750716333,0,0,,0.0,3,
TRAIN,fc0qnjw2,14,2,3,3,720,1280,1,0.80078125,3.890625,0.9799765348434448,1,534,0.0005794270833333334,3494,0.15283342873497424,0.0,318.9943820224719,313.58801498127343,389.2957746478873,317.76232394366195,1,513,0.7989690721649485,0.0,1,0.34678298234939575
TRAIN,fc0qnjw2,15,0,1,3,720,1280,1,2.4035605705952703e-31,-5.96875,0.0025509123224765062,0,0,0.0,10062,0.0,,,,,,0,0,,0.0,3,
TRAIN,fc0qnjw2,15,1,2,3,720,1280,1,2.68426485998971e-33,-6.4375,0.001597845577634871,0,0,0.0,4375,0.0,,,,,,0,0,,0.0,3,
TRAIN,fc0qnjw2,15,2,3,3,720,1280,1,0.85546875,4.875,0.9924227595329285,1,1841,0.0019976128472222222,3494,0.5269032627361191,0.0,232.73221075502445,332.6958174904943,318.9943820224719,313.58801498127343,1,1686,0.827461139896373,0.0,1,0.38248971104621887
TRAIN,fc0qnjw2,16,0,1,3,720,1280,1,5.39260384428426e-32,-6.0625,0.002323162741959095,0,0,0.0,10062,0.0,,,,,,0,0,,0.0,3,
TRAIN,fc0qnjw2,16,1,2,3,720,1280,1,2.196763842816691e-34,-6.15625,0.002115703420713544,0,0,0.0,4375,0.0,,,,,,0,0,,0.0,3,
TRAIN,fc0qnjw2,16,2,3,3,720,1280,1,0.87109375,5.3125,0.9950946569442749,1,2091,0.0022688802083333333,3494,0.5984544934172867,0.0,147.44811095169774,331.15542802486846,232.73221075502445,332.6958174904943,1,1987,0.8870893105043961,0.0,1,0.3338598608970642
TRAIN,fc0qnjw2,17,0,1,3,720,1280,1,4.890056499420716e-35,-6.15625,0.002115703420713544,0,0,0.0,10062,0.0,,,,,,0,0,,0.0,3,
TRAIN,fc0qnjw2,17,1,2,3,720,1280,1,8.087401133657338e-35,-6.03125,0.0023967307060956955,0,0,0.0,4375,0.0,,,,,,0,0,,0.0,3,
TRAIN,fc0qnjw2,17,2,3,3,720,1280,1,0.859375,4.84375,0.9921841025352478,1,1978,0.002146267361111111,3494,0.5661133371493989,0.0,60.366026289180994,328.23306370070776,147.44811095169774,331.15542802486846,1,1930,0.8338808071328015,0.0,1,0.27287933230400085
TRAIN,fc0qnjw2,18,0,1,3,720,1280,1,1.6250033905767303e-33,-6.96875,0.0009399438858963549,0,0,0.0,10062,0.0,,,,,,0,0,,0.0,3,
TRAIN,fc0qnjw2,18,1,2,3,720,1280,1,9.870390964984584e-34,-6.46875,0.0015487611526623368,0,0,0.0,4375,0.0,,,,,,0,0,,0.0,3,
TRAIN,fc0qnjw2,18,2,3,3,720,1280,1,0.032470703125,-0.099609375,0.4751182496547699,0,0,0.0,3494,0.0,0.0,,,60.366026289180994,328.23306370070776,1,77,0.0,0.0,,
TRAIN,fc0qnjw2,19,0,1,3,720,1280,1,4.405564747785802e-33,-6.71875,0.0012065897462889552,0,0,0.0,10062,0.0,,,,,,0,0,,0.0,,
TRAIN,fc0qnjw2,19,1,2,3,720,1280,1,7.270385540061815e-33,-6.46875,0.0015487611526623368,0,0,0.0,4375,0.0,,,,,,0,0,,0.0,,
TRAIN,fc0qnjw2,19,2,3,3,720,1280,1,3.975119405215255e-31,-6.34375,0.0017546144081279635,0,0,0.0,3494,0.0,,,,,,0,0,,0.0,,
TRAIN,fc0qnjw2,20,0,1,3,720,1280,1,8.087401133657338e-35,-6.25,0.0019267346942797303,0,0,0.0,10062,0.0,,,,,,0,0,,0.0,,
TRAIN,fc0qnjw2,20,1,2,3,720,1280,1,5.9884384208290615e-34,-6.53125,0.0014550630003213882,0,0,0.0,4375,0.0,,,,,,0,0,,0.0,,
TRAIN,fc0qnjw2,20,2,3,3,720,1280,1,5.39260384428426e-32,-6.34375,0.0017546144081279635,0,0,0.0,3494,0.0,,,,,,0,0,,0.0,,
TRAIN,fc0qnjw2,21,0,1,3,720,1280,1,3.2548216060144286e-32,-6.15625,0.002115703420713544,0,0,0.0,10062,0.0,,,,,,0,0,,0.0,,
TRAIN,fc0qnjw2,21,1,2,3,720,1280,1,1.6250033905767303e-33,-6.25,0.0019267346942797303,0,0,0.0,4375,0.0,,,,,,0,0,,0.0,,
TRAIN,fc0qnjw2,21,2,3,3,720,1280,1,1.078520768856852e-30,-5.96875,0.0025509123224765062,0,0,0.0,3494,0.0,,,,,,0,0,,0.0,,
TRAIN,fc0qnjw2,22,0,1,3,720,1280,1,1.983707842718853e-32,-5.84375,0.002889581024646759,0,0,0.0,10062,0.0,,,,,,0,0,,0.0,,
TRAIN,fc0qnjw2,22,1,2,3,720,1280,1,5.9884384208290615e-34,-6.0625,0.002323162741959095,0,0,0.0,4375,0.0,,,,,,0,0,,0.0,,
TRAIN,fc0qnjw2,22,2,3,3,720,1280,1,8.859277744181285e-32,-6.09375,0.002251847181469202,0,0,0.0,3494,0.0,,,,,,0,0,,0.0,,
TRAIN,fc0qnjw2,23,0,1,3,720,1280,1,9.870390964984584e-34,-6.65625,0.0012843081494793296,0,0,0.0,10062,0.0,,,,,,0,0,,0.0,,
TRAIN,fc0qnjw2,23,1,2,3,720,1280,1,9.870390964984584e-34,-6.34375,0.0017546144081279635,0,0,0.0,4375,0.0,,,,,,0,0,,0.0,,
TRAIN,fc0qnjw2,23,2,3,3,720,1280,1,5.39260384428426e-32,-6.40625,0.0016484829830005765,0,0,0.0,3494,0.0,,,,,,0,0,,0.0,,
TRAIN,fc0qnjw2,24,0,1,3,720,1280,1,2.68426485998971e-33,-6.59375,0.0013670255430042744,0,0,0.0,10062,0.0,,,,,,0,0,,0.0,,
TRAIN,fc0qnjw2,24,1,2,3,720,1280,1,2.68426485998971e-33,-6.3125,0.0018102108733728528,0,0,0.0,4375,0.0,,,,,,0,0,,0.0,,
TRAIN,fc0qnjw2,24,2,3,3,720,1280,1,5.39260384428426e-32,-6.4375,0.001597845577634871,0,0,0.0,3494,0.0,,,,,,0,0,,0.0,,
TRAIN,fc0qnjw2,25,0,1,3,720,1280,1,3.2548216060144286e-32,-5.8125,0.0029810327105224133,0,0,0.0,10062,0.0,,,,,,0,0,,0.0,,
TRAIN,fc0qnjw2,25,1,2,3,720,1280,1,1.6250033905767303e-33,-6.5625,0.0014103584690019488,0,0,0.0,4375,0.0,,,,,,0,0,,0.0,,
TRAIN,fc0qnjw2,25,2,3,3,720,1280,1,4.405564747785802e-33,-5.90625,0.0027149852830916643,0,0,0.0,3494,0.0,,,,,,0,0,,0.0,,
TRAIN,fc0qnjw2,26,0,1,3,720,1280,1,5.39260384428426e-32,-5.9375,0.0026316740550100803,0,0,0.0,10062,0.0,,,,,,0,0,,0.0,,
TRAIN,fc0qnjw2,26,1,2,3,720,1280,1,8.859277744181285e-32,-5.90625,0.0027149852830916643,0,0,0.0,4375,0.0,,,,,,0,0,,0.0,,
TRAIN,fc0qnjw2,26,2,3,3,720,1280,1,2.4035605705952703e-31,-5.4375,0.004331501666456461,0,0,0.0,3494,0.0,,,,,,0,0,,0.0,,
TRAIN,fc0qnjw2,27,0,1,3,720,1280,1,1.4637067577342992e-31,-5.5625,0.0038244836032390594,0,0,0.0,10062,0.0,,,,,,0,0,,0.0,,
TRAIN,fc0qnjw2,27,1,2,3,720,1280,1,3.2548216060144286e-32,-5.8125,0.0029810327105224133,0,0,0.0,4375,0.0,,,,,,0,0,,0.0,,
TRAIN,fc0qnjw2,27,2,3,3,720,1280,1,8.859277744181285e-32,-5.5,0.00407013762742281,0,0,0.0,3494,0.0,,,,,,0,0,,0.0,,
TRAIN,fc0qnjw2,28,0,1,3,720,1280,1,1.1988913903810543e-32,-5.875,0.0028009270317852497,0,0,0.0,10062,0.0,,,,,,0,0,,0.0,,
TRAIN,fc0qnjw2,28,1,2,3,720,1280,1,4.405564747785802e-33,-6.1875,0.0020507434383034706,0,0,0.0,4375,0.0,,,,,,0,0,,0.0,,
TRAIN,fc0qnjw2,28,2,3,3,720,1280,1,1.1988913903810543e-32,-5.65625,0.0034834241960197687,0,0,0.0,3494,0.0,,,,,,0,0,,0.0,,
TRAIN,fc0qnjw2,29,0,1,3,720,1280,1,1.125862283931428e-26,-4.59375,0.010013571009039879,0,0,0.0,10062,0.0,,,,,,0,0,,0.0,,
TRAIN,fc0qnjw2,29,1,2,3,720,1280,1,9.870390964984584e-34,-5.75,0.003172682598233223,0,0,0.0,4375,0.0,,,,,,0,0,,0.0,,
TRAIN,fc0qnjw2,29,2,3,3,720,1280,1,4.405564747785802e-33,-5.40625,0.0044683837331831455,0,0,0.0,3494,0.0,,,,,,0,0,,0.0,,
TRAIN,fc0qnjw2,30,0,1,3,720,1280,1,2.6056189295420372e-23,-4.09375,0.01640303246676922,0,0,0.0,10062,0.0,,,,,,0,0,,0.0,,
TRAIN,fc0qnjw2,30,1,2,3,720,1280,1,2.68426485998971e-33,-5.90625,0.0027149852830916643,0,0,0.0,4375,0.0,,,,,,0,0,,0.0,,
TRAIN,fc0qnjw2,30,2,3,3,720,1280,1,3.2548216060144286e-32,-5.59375,0.0037072531413286924,0,0,0.0,3494,0.0,,,,,,0,0,,0.0,,
TRAIN,fc0qnjw2,31,0,1,3,720,1280,1,2.9335764912906377e-30,-5.0,0.006692850962281227,0,0,0.0,10062,0.0,,,,,,0,0,,0.0,,
TRAIN,fc0qnjw2,31,1,2,3,720,1280,1,4.405564747785802e-33,-6.09375,0.002251847181469202,0,0,0.0,4375,0.0,,,,,,0,0,,0.0,,
TRAIN,fc0qnjw2,31,2,3,3,720,1280,1,2.68426485998971e-33,-5.8125,0.0029810327105224133,0,0,0.0,3494,0.0,,,,,,0,0,,0.0,,
TRAIN,fc0qnjw2,32,0,1,3,720,1280,1,8.859277744181285e-32,-5.125,0.0059110685251653194,0,0,0.0,10062,0.0,,,,,,0,0,,0.0,,
TRAIN,fc0qnjw2,32,1,2,3,720,1280,1,5.9884384208290615e-34,-5.71875,0.003273064736276865,0,0,0.0,4375,0.0,,,,,,0,0,,0.0,,
TRAIN,fc0qnjw2,32,2,3,3,720,1280,1,1.3316000006114873e-34,-5.75,0.003172682598233223,0,0,0.0,3494,0.0,,,,,,0,0,,0.0,,
TRAIN,fc0qnjw2,33,0,1,3,720,1280,1,6.815758221109542e-27,-4.1875,0.014957086183130741,0,0,0.0,10062,0.0,,,,,,0,0,,0.0,,
TRAIN,fc0qnjw2,33,1,2,3,720,1280,1,8.859277744181285e-32,-5.96875,0.0025509123224765062,0,0,0.0,4375,0.0,,,,,,0,0,,0.0,,
TRAIN,fc0qnjw2,33,2,3,3,720,1280,1,1.1988913903810543e-32,-5.6875,0.0033766122069209814,0,0,0.0,3494,0.0,,,,,,0,0,,0.0,,
TRAIN,fc0qnjw2,34,0,1,3,720,1280,1,8.859277744181285e-32,-5.53125,0.0039454069919884205,0,0,0.0,10062,0.0,,,,,,0,0,,0.0,,
TRAIN,fc0qnjw2,34,1,2,3,720,1280,1,2.68426485998971e-33,-6.1875,0.0020507434383034706,0,0,0.0,4375,0.0,,,,,,0,0,,0.0,,
TRAIN,fc0qnjw2,34,2,3,3,720,1280,1,7.270385540061815e-33,-6.40625,0.0016484829830005765,0,0,0.0,3494,0.0,,,,,,0,0,,0.0,,
TRAIN,fc0qnjw2,35,0,1,3,720,1280,1,5.39260384428426e-32,-5.53125,0.0039454069919884205,0,0,0.0,10062,0.0,,,,,,0,0,,0.0,,
TRAIN,fc0qnjw2,35,1,2,3,720,1280,1,9.870390964984584e-34,-6.4375,0.001597845577634871,0,0,0.0,4375,0.0,,,,,,0,0,,0.0,,
TRAIN,fc0qnjw2,35,2,3,3,720,1280,1,4.405564747785802e-33,-6.375,0.0017007222631946206,0,0,0.0,3494,0.0,,,,,,0,0,,0.0,,
TRAIN,fc0qnjw2,36,0,1,3,720,1280,1,1.4637067577342992e-31,-5.78125,0.0030753696337342262,0,0,0.0,10062,0.0,,,,,,0,0,,0.0,,
TRAIN,fc0qnjw2,36,1,2,3,720,1280,1,2.68426485998971e-33,-6.3125,0.0018102108733728528,0,0,0.0,4375,0.0,,,,,,0,0,,0.0,,
TRAIN,fc0qnjw2,36,2,3,3,720,1280,1,4.405564747785802e-33,-6.0,0.0024726230185478926,0,0,0.0,3494,0.0,,,,,,0,0,,0.0,,
TRAIN,fc0qnjw2,37,0,1,3,720,1280,1,2.4035605705952703e-31,-5.28125,0.005060331895947456,0,0,0.0,10062,0.0,,,,,,0,0,,0.0,,
TRAIN,fc0qnjw2,37,1,2,3,720,1280,1,1.1988913903810543e-32,-6.15625,0.002115703420713544,0,0,0.0,4375,0.0,,,,,,0,0,,0.0,,
TRAIN,fc0qnjw2,37,2,3,3,720,1280,1,1.983707842718853e-32,-5.6875,0.0033766122069209814,0,0,0.0,3494,0.0,,,,,,0,0,,0.0,,
TRAIN,fc0qnjw2,38,0,1,3,720,1280,1,6.815758221109542e-27,-4.1875,0.014957086183130741,0,0,0.0,10062,0.0,,,,,,0,0,,0.0,,
TRAIN,fc0qnjw2,38,1,2,3,720,1280,1,2.9335764912906377e-30,-5.28125,0.005060331895947456,0,0,0.0,4375,0.0,,,,,,0,0,,0.0,,
TRAIN,fc0qnjw2,38,2,3,3,720,1280,1,1.787262988391355e-30,-4.75,0.008577484637498856,0,0,0.0,3494,0.0,,,,,,0,0,,0.0,,
TRAIN,fc0qnjw2,39,0,1,3,720,1280,1,3.715850407953054e-25,-3.625,0.02595735713839531,0,0,0.0,10062,0.0,,,,,,0,0,,0.0,,
TRAIN,fc0qnjw2,39,1,2,3,720,1280,1,1.078520768856852e-30,-5.40625,0.0044683837331831455,0,0,0.0,4375,0.0,,,,,,0,0,,0.0,,
TRAIN,fc0qnjw2,39,2,3,3,720,1280,1,5.585135208964764e-28,-4.75,0.008577484637498856,0,0,0.0,3494,0.0,,,,,,0,0,,0.0,,
TRAIN,fc0qnjw2,40,0,1,3,720,1280,1,2.7529604761530452e-24,-3.5,0.02931223064661026,0,0,0.0,10062,0.0,,,,,,0,0,,0.0,,
TRAIN,fc0qnjw2,40,1,2,3,720,1280,1,3.5695955961250784e-29,-5.15625,0.005730246659368277,0,0,0.0,4375,0.0,,,,,,0,0,,0.0,,
TRAIN,fc0qnjw2,40,2,3,3,720,1280,1,1.2989320556496763e-24,-4.03125,0.017442485317587852,0,0,0.0,3494,0.0,,,,,,0,0,,0.0,,
TRAIN,fc0qnjw2,41,0,1,3,720,1280,1,4.7222086809427244e-20,-2.796875,0.05749328061938286,0,0,0.0,10062,0.0,,,,,,0,0,,0.0,,
TRAIN,fc0qnjw2,41,1,2,3,720,1280,1,4.831773044478697e-30,-5.34375,0.004755199886858463,0,0,0.0,4375,0.0,,,,,,0,0,,0.0,,
TRAIN,fc0qnjw2,41,2,3,3,720,1280,1,1.6672859221771964e-24,-3.65625,0.02517884224653244,0,0,0.0,3494,0.0,,,,,,0,0,,0.0,,
TRAIN,fc0qnjw2,42,0,1,3,720,1280,1,2.540190280342358e-13,-2.28125,0.09268777817487717,0,0,0.0,10062,0.0,,,,,,0,0,,0.0,,
TRAIN,fc0qnjw2,42,1,2,3,720,1280,1,6.815758221109542e-27,-5.21875,0.005384937860071659,0,0,0.0,4375,0.0,,,,,,0,0,,0.0,,
TRAIN,fc0qnjw2,42,2,3,3,720,1280,1,1.1546753136970622e-17,-2.453125,0.0792103186249733,0,0,0.0,3494,0.0,,,,,,0,0,,0.0,,
TRAIN,fc0qnjw2,43,0,1,3,720,1280,1,1.7497114868092467e-13,-2.3125,0.09009299427270889,0,0,0.0,10062,0.0,,,,,,0,0,,0.0,,
TRAIN,fc0qnjw2,43,1,2,3,720,1280,1,6.5635692504717e-31,-5.46875,0.004198795650154352,0,0,0.0,4375,0.0,,,,,,0,0,,0.0,,
TRAIN,fc0qnjw2,43,2,3,3,720,1280,1,3.017554874593445e-21,-3.09375,0.04336579889059067,0,0,0.0,3494,0.0,,,,,,0,0,,0.0,,
TRAIN,fc0qnjw2,44,0,1,3,720,1280,1,3.54136699749265e-24,-3.34375,0.034100424498319626,0,0,0.0,10062,0.0,,,,,,0,0,,0.0,,
TRAIN,fc0qnjw2,44,1,2,3,720,1280,1,4.405564747785802e-33,-5.5,0.00407013762742281,0,0,0.0,4375,0.0,,,,,,0,0,,0.0,,
TRAIN,fc0qnjw2,44,2,3,3,720,1280,1,3.2548216060144286e-32,-4.46875,0.011331753805279732,0,0,0.0,3494,0.0,,,,,,0,0,,0.0,,
TRAIN,fc0qnjw2,45,0,1,3,720,1280,1,8.66885281955573e-22,-2.5625,0.07159119844436646,0,0,0.0,10062,0.0,,,,,,0,0,,0.0,,
TRAIN,fc0qnjw2,45,1,2,3,720,1280,1,8.859277744181285e-32,-5.40625,0.0044683837331831455,0,0,0.0,4375,0.0,,,,,,0,0,,0.0,,
TRAIN,fc0qnjw2,45,2,3,3,720,1280,1,2.9335764912906377e-30,-4.46875,0.011331753805279732,0,0,0.0,3494,0.0,,,,,,0,0,,0.0,,
TRAIN,fc0qnjw2,46,0,1,3,720,1280,1,3.218552493301728e-27,-3.984375,0.018264278769493103,0,0,0.0,10062,0.0,,,,,,0,0,,0.0,,
TRAIN,fc0qnjw2,46,1,2,3,720,1280,1,4.405564747785802e-33,-5.28125,0.005060331895947456,0,0,0.0,4375,0.0,,,,,,0,0,,0.0,,
TRAIN,fc0qnjw2,46,2,3,3,720,1280,1,5.916456789157589e-29,-4.375,0.012431650422513485,0,0,0.0,3494,0.0,,,,,,0,0,,0.0,,
TRAIN,fc0qnjw2,47,0,1,3,720,1280,1,1.4637067577342992e-31,-4.46875,0.011331753805279732,0,0,0.0,10062,0.0,,,,,,0,0,,0.0,,
TRAIN,fc0qnjw2,47,1,2,3,720,1280,1,2.196763842816691e-34,-4.53125,0.01065251138061285,0,0,0.0,4375,0.0,,,,,,0,0,,0.0,,
TRAIN,fc0qnjw2,47,2,3,3,720,1280,1,1.3213420162451948e-29,-4.40625,0.0120537793263793,0,0,0.0,3494,0.0,,,,,,0,0,,0.0,,
TRAIN,fc0qnjw2,48,0,1,3,720,1280,1,3.975119405215255e-31,-4.625,0.009708477184176445,0,0,0.0,10062,0.0,,,,,,0,0,,0.0,,
TRAIN,fc0qnjw2,48,1,2,3,720,1280,1,7.270385540061815e-33,-5.6875,0.0033766122069209814,0,0,0.0,4375,0.0,,,,,,0,0,,0.0,,
TRAIN,fc0qnjw2,48,2,3,3,720,1280,1,2.9335764912906377e-30,-4.625,0.009708477184176445,0,0,0.0,3494,0.0,,,,,,0,0,,0.0,,
TRAIN,fc0qnjw2,49,0,1,3,720,1280,1,6.5635692504717e-31,-5.0625,0.00628990214318037,0,0,0.0,10062,0.0,,,,,,0,0,,0.0,,
TRAIN,fc0qnjw2,49,1,2,3,720,1280,1,1.3316000006114873e-34,-5.59375,0.0037072531413286924,0,0,0.0,4375,0.0,,,,,,0,0,,0.0,,
TRAIN,fc0qnjw2,49,2,3,3,720,1280,1,3.2548216060144286e-32,-5.125,0.0059110685251653194,0,0,0.0,3494,0.0,,,,,,0,0,,0.0,,
TRAIN,fc0qnjw2,50,0,1,3,720,1280,1,7.987216665362745e-30,-5.25,0.005220125429332256,0,0,0.0,10062,0.0,,,,,,0,0,,0.0,,
TRAIN,fc0qnjw2,50,1,2,3,720,1280,1,5.39260384428426e-32,-5.71875,0.003273064736276865,0,0,0.0,4375,0.0,,,,,,0,0,,0.0,,
TRAIN,fc0qnjw2,50,2,3,3,720,1280,1,3.2548216060144286e-32,-5.125,0.0059110685251653194,0,0,0.0,3494,0.0,,,,,,0,0,,0.0,,
TRAIN,fc0qnjw2,51,0,1,3,720,1280,1,1.078520768856852e-30,-5.1875,0.005554925184696913,0,0,0.0,10062,0.0,,,,,,0,0,,0.0,,
TRAIN,fc0qnjw2,51,1,2,3,720,1280,1,1.6250033905767303e-33,-5.8125,0.0029810327105224133,0,0,0.0,4375,0.0,,,,,,0,0,,0.0,,
TRAIN,fc0qnjw2,51,2,3,3,720,1280,1,1.983707842718853e-32,-5.4375,0.004331501666456461,0,0,0.0,3494,0.0,,,,,,0,0,,0.0,,
TRAIN,fc0qnjw2,52,0,1,3,720,1280,1,1.4637067577342992e-31,-5.1875,0.005554925184696913,0,0,0.0,10062,0.0,,,,,,0,0,,0.0,,
TRAIN,fc0qnjw2,52,1,2,3,720,1280,1,1.095560734966372e-35,-5.875,0.0028009270317852497,0,0,0.0,4375,0.0,,,,,,0,0,,0.0,,
TRAIN,fc0qnjw2,52,2,3,3,720,1280,1,3.6261649734165925e-34,-5.75,0.003172682598233223,0,0,0.0,3494,0.0,,,,,,0,0,,0.0,,
TRAIN,fc0qnjw2,53,0,1,3,720,1280,1,3.3921018924503508e-28,-4.46875,0.011331753805279732,0,0,0.0,10062,0.0,,,,,,0,0,,0.0,,
TRAIN,fc0qnjw2,53,1,2,3,720,1280,1,8.087401133657338e-35,-5.96875,0.0025509123224765062,0,0,0.0,4375,0.0,,,,,,0,0,,0.0,,
TRAIN,fc0qnjw2,53,2,3,3,720,1280,1,1.6250033905767303e-33,-5.875,0.0028009270317852497,0,0,0.0,3494,0.0,,,,,,0,0,,0.0,,
TRAIN,fc0qnjw2,54,0,1,3,720,1280,1,5.39260384428426e-32,-4.90625,0.007345826830714941,0,0,0.0,10062,0.0,,,,,,0,0,,0.0,,
TRAIN,fc0qnjw2,54,1,2,3,720,1280,1,2.196763842816691e-34,-5.84375,0.002889581024646759,0,0,0.0,4375,0.0,,,,,,0,0,,0.0,,
TRAIN,fc0qnjw2,54,2,3,3,720,1280,1,9.870390964984584e-34,-5.46875,0.004198795650154352,0,0,0.0,3494,0.0,,,,,,0,0,,0.0,,
TRAIN,fc0qnjw2,55,0,1,3,720,1280,1,4.831773044478697e-30,-4.46875,0.011331753805279732,0,0,0.0,10062,0.0,,,,,,0,0,,0.0,,
TRAIN,fc0qnjw2,55,1,2,3,720,1280,1,9.870390964984584e-34,-5.71875,0.003273064736276865,0,0,0.0,4375,0.0,,,,,,0,0,,0.0,,
TRAIN,fc0qnjw2,55,2,3,3,720,1280,1,2.68426485998971e-33,-5.25,0.005220125429332256,0,0,0.0,3494,0.0,,,,,,0,0,,0.0,,
TRAIN,fc0qnjw2,56,0,1,3,720,1280,1,3.975119405215255e-31,-4.5625,0.010328153148293495,0,0,0.0,10062,0.0,,,,,,0,0,,0.0,,
TRAIN,fc0qnjw2,56,1,2,3,720,1280,1,4.890056499420716e-35,-5.78125,0.0030753696337342262,0,0,0.0,4375,0.0,,,,,,0,0,,0.0,,
TRAIN,fc0qnjw2,56,2,3,3,720,1280,1,1.3316000006114873e-34,-5.4375,0.004331501666456461,0,0,0.0,3494,0.0,,,,,,0,0,,0.0,,
TRAIN,fc0qnjw2,57,0,1,3,720,1280,1,1.4637067577342992e-31,-4.46875,0.011331753805279732,0,0,0.0,10062,0.0,,,,,,0,0,,0.0,,
TRAIN,fc0qnjw2,57,1,2,3,720,1280,1,8.087401133657338e-35,-5.6875,0.0033766122069209814,0,0,0.0,4375,0.0,,,,,,0,0,,0.0,,
TRAIN,fc0qnjw2,57,2,3,3,720,1280,1,1.6250033905767303e-33,-5.28125,0.005060331895947456,0,0,0.0,3494,0.0,,,,,,0,0,,0.0,,
TRAIN,fc0qnjw2,58,0,1,3,720,1280,1,5.585135208964764e-28,-4.0,0.01798621006309986,0,0,0.0,10062,0.0,,,,,,0,0,,0.0,,
TRAIN,fc0qnjw2,58,1,2,3,720,1280,1,1.8055593228630336e-35,-4.875,0.007577241398394108,0,0,0.0,4375,0.0,,,,,,0,0,,0.0,,
TRAIN,fc0qnjw2,58,2,3,3,720,1280,1,7.270385540061815e-33,-4.75,0.008577484637498856,0,0,0.0,3494,0.0,,,,,,0,0,,0.0,,
TRAIN,fc0qnjw2,59,0,1,3,720,1280,1,1.6672859221771964e-24,-3.921875,0.019419347867369652,0,0,0.0,10062,0.0,,,,,,0,0,,0.0,,
TRAIN,fc0qnjw2,59,1,2,3,720,1280,1,4.405564747785802e-33,-5.75,0.003172682598233223,0,0,0.0,4375,0.0,,,,,,0,0,,0.0,,
TRAIN,fc0qnjw2,59,2,3,3,720,1280,1,1.3213420162451948e-29,-4.90625,0.007345826830714941,0,0,0.0,3494,0.0,,,,,,0,0,,0.0,,
TRAIN,fc0qnjw2,60,0,1,3,720,1280,1,2.5117331222237016e-27,-4.40625,0.0120537793263793,0,0,0.0,10062,0.0,,,,,,0,0,,0.0,,
TRAIN,fc0qnjw2,60,1,2,3,720,1280,1,1.6250033905767303e-33,-6.1875,0.0020507434383034706,0,0,0.0,4375,0.0,,,,,,0,0,,0.0,,
TRAIN,fc0qnjw2,60,2,3,3,720,1280,1,1.983707842718853e-32,-5.25,0.005220125429332256,0,0,0.0,3494,0.0,,,,,,0,0,,0.0,,
TRAIN,fc0qnjw2,61,0,1,3,720,1280,1,6.716706573930585e-22,-3.328125,0.034618835896253586,0,0,0.0,10062,0.0,,,,,,0,0,,0.0,,
TRAIN,fc0qnjw2,61,1,2,3,720,1280,1,1.1988913903810543e-32,-5.78125,0.0030753696337342262,0,0,0.0,4375,0.0,,,,,,0,0,,0.0,,
TRAIN,fc0qnjw2,61,2,3,3,720,1280,1,4.405564747785802e-33,-5.4375,0.004331501666456461,0,0,0.0,3494,0.0,,,,,,0,0,,0.0,,
TRAIN,fc0qnjw2,62,0,1,3,720,1280,1,3.5695955961250784e-29,-4.5,0.010986941866576672,0,0,0.0,10062,0.0,,,,,,0,0,,0.0,,
TRAIN,fc0qnjw2,62,1,2,3,720,1280,1,1.6250033905767303e-33,-5.71875,0.003273064736276865,0,0,0.0,4375,0.0,,,,,,0,0,,0.0,,
TRAIN,fc0qnjw2,62,2,3,3,720,1280,1,4.405564747785802e-33,-5.125,0.0059110685251653194,0,0,0.0,3494,0.0,,,,,,0,0,,0.0,,
TRAIN,fc0qnjw2,63,0,1,3,720,1280,1,5.301145283085199e-27,-3.875,0.020332353189587593,0,0,0.0,10062,0.0,,,,,,0,0,,0.0,,
TRAIN,fc0qnjw2,63,1,2,3,720,1280,1,7.270385540061815e-33,-5.84375,0.002889581024646759,0,0,0.0,4375,0.0,,,,,,0,0,,0.0,,
TRAIN,fc0qnjw2,63,2,3,3,720,1280,1,7.270385540061815e-33,-5.34375,0.004755199886858463,0,0,0.0,3494,0.0,,,,,,0,0,,0.0,,
TRAIN,fc0qnjw2,64,0,1,3,720,1280,1,5.916456789157589e-29,-4.3125,0.013222821988165379,0,0,0.0,10062,0.0,,,,,,0,0,,0.0,,
TRAIN,fc0qnjw2,64,1,2,3,720,1280,1,7.270385540061815e-33,-5.875,0.0028009270317852497,0,0,0.0,4375,0.0,,,,,,0,0,,0.0,,
TRAIN,fc0qnjw2,64,2,3,3,720,1280,1,1.4637067577342992e-31,-5.21875,0.005384937860071659,0,0,0.0,3494,0.0,,,,,,0,0,,0.0,,
TRAIN,fc0qnjw2,65,0,1,3,720,1280,1,1.014588720084573e-24,-3.421875,0.031618766486644745,0,0,0.0,10062,0.0,,,,,,0,0,,0.0,,
TRAIN,fc0qnjw2,65,1,2,3,720,1280,1,1.983707842718853e-32,-5.6875,0.0033766122069209814,0,0,0.0,4375,0.0,,,,,,0,0,,0.0,,
TRAIN,fc0qnjw2,65,2,3,3,720,1280,1,2.4035605705952703e-31,-5.0,0.006692850962281227,0,0,0.0,3494,0.0,,,,,,0,0,,0.0,,
TRAIN,fc0qnjw2,66,0,1,3,720,1280,1,6.815758221109542e-27,-4.1875,0.014957086183130741,0,0,0.0,10062,0.0,,,,,,0,0,,0.0,,
TRAIN,fc0qnjw2,66,1,2,3,720,1280,1,1.1988913903810543e-32,-6.0,0.0024726230185478926,0,0,0.0,4375,0.0,,,,,,0,0,,0.0,,
TRAIN,fc0qnjw2,66,2,3,3,720,1280,1,4.405564747785802e-33,-5.5,0.00407013762742281,0,0,0.0,3494,0.0,,,,,,0,0,,0.0,,
TRAIN,fc0qnjw2,67,0,1,3,720,1280,1,1.4637067577342992e-31,-4.90625,0.007345826830714941,0,0,0.0,10062,0.0,,,,,,0,0,,0.0,,
TRAIN,fc0qnjw2,67,1,2,3,720,1280,1,1.1988913903810543e-32,-5.96875,0.0025509123224765062,0,0,0.0,4375,0.0,,,,,,0,0,,0.0,,
TRAIN,fc0qnjw2,67,2,3,3,720,1280,1,4.405564747785802e-33,-5.3125,0.004905405919998884,0,0,0.0,3494,0.0,,,,,,0,0,,0.0,,
TRAIN,fc0qnjw2,68,0,1,3,720,1280,1,2.1693674893577825e-29,-4.8125,0.008061991073191166,0,0,0.0,10062,0.0,,,,,,0,0,,0.0,,
TRAIN,fc0qnjw2,68,1,2,3,720,1280,1,1.6250033905767303e-33,-6.03125,0.0023967307060956955,0,0,0.0,4375,0.0,,,,,,0,0,,0.0,,
TRAIN,fc0qnjw2,68,2,3,3,720,1280,1,4.405564747785802e-33,-5.5625,0.0038244836032390594,0,0,0.0,3494,0.0,,,,,,0,0,,0.0,,
TRAIN,fc0qnjw2,69,0,1,3,720,1280,1,3.5695955961250784e-29,-4.46875,0.011331753805279732,0,0,0.0,10062,0.0,,,,,,0,0,,0.0,,
TRAIN,fc0qnjw2,69,1,2,3,720,1280,1,5.9884384208290615e-34,-5.40625,0.0044683837331831455,0,0,0.0,4375,0.0,,,,,,0,0,,0.0,,
TRAIN,fc0qnjw2,69,2,3,3,720,1280,1,9.870390964984584e-34,-5.65625,0.0034834241960197687,0,0,0.0,3494,0.0,,,,,,0,0,,0.0,,
TRAIN,fc0qnjw2,70,0,1,3,720,1280,1,1.1864468014524018e-27,-4.21875,0.014503579586744308,0,0,0.0,10062,0.0,,,,,,0,0,,0.0,,
TRAIN,fc0qnjw2,70,1,2,3,720,1280,1,1.983707842718853e-32,-6.0625,0.002323162741959095,0,0,0.0,4375,0.0,,,,,,0,0,,0.0,,
TRAIN,fc0qnjw2,70,2,3,3,720,1280,1,5.39260384428426e-32,-5.46875,0.004198795650154352,0,0,0.0,3494,0.0,,,,,,0,0,,0.0,,
TRAIN,fc0qnjw2,71,0,1,3,720,1280,1,2.3829910224916325e-26,-4.125,0.01590639166533947,0,0,0.0,10062,0.0,,,,,,0,0,,0.0,,
TRAIN,fc0qnjw2,71,1,2,3,720,1280,1,1.078520768856852e-30,-5.5625,0.0038244836032390594,0,0,0.0,4375,0.0,,,,,,0,0,,0.0,,
TRAIN,fc0qnjw2,71,2,3,3,720,1280,1,3.2548216060144286e-32,-5.59375,0.0037072531413286924,0,0,0.0,3494,0.0,,,,,,0,0,,0.0,,
TRAIN,fc0qnjw2,72,0,1,3,720,1280,1,1.2989320556496763e-24,-3.625,0.02595735713839531,0,0,0.0,10062,0.0,,,,,,0,0,,0.0,,
TRAIN,fc0qnjw2,72,1,2,3,720,1280,1,2.1693674893577825e-29,-4.71875,0.008847354911267757,0,0,0.0,4375,0.0,,,,,,0,0,,0.0,,
TRAIN,fc0qnjw2,72,2,3,3,720,1280,1,8.859277744181285e-32,-5.125,0.0059110685251653194,0,0,0.0,3494,0.0,,,,,,0,0,,0.0,,
TRAIN,fc0qnjw2,73,0,1,3,720,1280,1,2.1454997138094155e-24,-3.484375,0.029760092496871948,0,0,0.0,10062,0.0,,,,,,0,0,,0.0,,
TRAIN,fc0qnjw2,73,1,2,3,720,1280,1,2.3829910224916325e-26,-4.46875,0.011331753805279732,0,0,0.0,4375,0.0,,,,,,0,0,,0.0,,
TRAIN,fc0qnjw2,73,2,3,3,720,1280,1,2.5117331222237016e-27,-4.65625,0.009412589482963085,0,0,0.0,3494,0.0,,,,,,0,0,,0.0,,
TRAIN,fc0qnjw2,74,0,1,3,720,1280,1,5.0487097934144756e-26,-4.3125,0.013222821988165379,0,0,0.0,10062,0.0,,,,,,0,0,,0.0,,
TRAIN,fc0qnjw2,74,1,2,3,720,1280,1,1.1864468014524018e-27,-4.78125,0.008315778337419033,0,0,0.0,4375,0.0,,,,,,0,0,,0.0,,
TRAIN,fc0qnjw2,74,2,3,3,720,1280,1,1.0662875083691372e-25,-4.3125,0.013222821988165379,0,0,0.0,3494,0.0,,,,,,0,0,,0.0,,
TRAIN,fc0qnjw2,75,0,1,3,720,1280,1,1.3732490638087374e-25,-4.0625,0.016914913430809975,0,0,0.0,10062,0.0,,,,,,0,0,,0.0,,
TRAIN,fc0qnjw2,75,1,2,3,720,1280,1,3.715850407953054e-25,-4.4375,0.011687257327139378,0,0,0.0,4375,0.0,,,,,,0,0,,0.0,,
TRAIN,fc0qnjw2,75,2,3,3,720,1280,1,9.098986738083304e-23,-4.09375,0.01640303246676922,0,0,0.0,3494,0.0,,,,,,0,0,,0.0,,
TRAIN,fc0qnjw2,76,0,1,3,720,1280,1,3.715850407953054e-25,-3.734375,0.023330770432949066,0,0,0.0,10062,0.0,,,,,,0,0,,0.0,,
TRAIN,fc0qnjw2,76,1,2,3,720,1280,1,1.760989975942969e-25,-4.28125,0.013636835850775242,0,0,0.0,4375,0.0,,,,,,0,0,,0.0,,
TRAIN,fc0qnjw2,76,2,3,3,720,1280,1,7.496324301261813e-24,-4.21875,0.014503579586744308,0,0,0.0,3494,0.0,,,,,,0,0,,0.0,,
TRAIN,fc0qnjw2,77,0,1,3,720,1280,1,2.3829910224916325e-26,-4.0625,0.016914913430809975,0,0,0.0,10062,0.0,,,,,,0,0,,0.0,,
TRAIN,fc0qnjw2,77,1,2,3,720,1280,1,6.815758221109542e-27,-4.6875,0.009125636890530586,0,0,0.0,4375,0.0,,,,,,0,0,,0.0,,
TRAIN,fc0qnjw2,77,2,3,3,720,1280,1,5.542110104105285e-23,-3.84375,0.020964240655303,0,0,0.0,3494,0.0,,,,,,0,0,,0.0,,
TRAIN,fc0qnjw2,78,0,1,3,720,1280,1,2.5117331222237016e-27,-4.03125,0.017442485317587852,0,0,0.0,10062,0.0,,,,,,0,0,,0.0,,
TRAIN,fc0qnjw2,78,1,2,3,720,1280,1,3.3921018924503508e-28,-4.46875,0.011331753805279732,0,0,0.0,4375,0.0,,,,,,0,0,,0.0,,
TRAIN,fc0qnjw2,78,2,3,3,720,1280,1,9.213895372981418e-28,-4.5,0.010986941866576672,0,0,0.0,3494,0.0,,,,,,0,0,,0.0,,
TRAIN,fc0qnjw2,79,0,1,3,720,1280,1,9.742432179479496e-29,-4.5,0.010986941866576672,0,0,0.0,10062,0.0,,,,,,0,0,,0.0,,
TRAIN,fc0qnjw2,79,1,2,3,720,1280,1,7.987216665362745e-30,-4.84375,0.007815888151526451,0,0,0.0,4375,0.0,,,,,,0,0,,0.0,,
TRAIN,fc0qnjw2,79,2,3,3,720,1280,1,4.831773044478697e-30,-4.9375,0.00712142838165164,0,0,0.0,3494,0.0,,,,,,0,0,,0.0,,
TRAIN,fc0qnjw2,80,0,1,3,720,1280,1,4.354512196819985e-28,-4.40625,0.0120537793263793,0,0,0.0,10062,0.0,,,,,,0,0,,0.0,,
TRAIN,fc0qnjw2,80,1,2,3,720,1280,1,5.916456789157589e-29,-4.6875,0.009125636890530586,0,0,0.0,4375,0.0,,,,,,0,0,,0.0,,
TRAIN,fc0qnjw2,80,2,3,3,720,1280,1,1.601387637598654e-28,-4.84375,0.007815888151526451,0,0,0.0,3494,0.0,,,,,,0,0,,0.0,,
TRAIN,fc0qnjw2,81,0,1,3,720,1280,1,2.066815571679051e-28,-4.53125,0.01065251138061285,0,0,0.0,10062,0.0,,,,,,0,0,,0.0,,
TRAIN,fc0qnjw2,81,1,2,3,720,1280,1,2.5117331222237016e-27,-4.5625,0.010328153148293495,0,0,0.0,4375,0.0,,,,,,0,0,,0.0,,
TRAIN,fc0qnjw2,81,2,3,3,720,1280,1,2.8919009696678116e-25,-3.984375,0.018264278769493103,0,0,0.0,3494,0.0,,,,,,0,0,,0.0,,
TRAIN,fc0qnjw2,82,0,1,3,720,1280,1,8.320273739547056e-26,-4.03125,0.017442485317587852,0,0,0.0,10062,0.0,,,,,,0,0,,0.0,,
TRAIN,fc0qnjw2,82,1,2,3,720,1280,1,1.857925203976527e-26,-4.40625,0.0120537793263793,0,0,0.0,4375,0.0,,,,,,0,0,,0.0,,
TRAIN,fc0qnjw2,82,2,3,3,720,1280,1,8.734267942607043e-27,-4.21875,0.014503579586744308,0,0,0.0,3494,0.0,,,,,,0,0,,0.0,,
TRAIN,fc0qnjw2,83,0,1,3,720,1280,1,3.218552493301728e-27,-4.1875,0.014957086183130741,0,0,0.0,10062,0.0,,,,,,0,0,,0.0,,
TRAIN,fc0qnjw2,83,1,2,3,720,1280,1,1.760989975942969e-25,-4.3125,0.013222821988165379,0,0,0.0,4375,0.0,,,,,,0,0,,0.0,,
TRAIN,fc0qnjw2,83,2,3,3,720,1280,1,2.066815571679051e-28,-4.8125,0.008061991073191166,0,0,0.0,3494,0.0,,,,,,0,0,,0.0,,
TRAIN,fc0qnjw2,84,0,1,3,720,1280,1,4.782137916322191e-25,-3.890625,0.020023440942168236,0,0,0.0,10062,0.0,,,,,,0,0,,0.0,,
TRAIN,fc0qnjw2,84,1,2,3,720,1280,1,9.615974620928947e-24,-4.03125,0.017442485317587852,0,0,0.0,4375,0.0,,,,,,0,0,,0.0,,
TRAIN,fc0qnjw2,84,2,3,3,720,1280,1,9.615974620928947e-24,-4.125,0.01590639166533947,0,0,0.0,3494,0.0,,,,,,0,0,,0.0,,
TRAIN,fc0qnjw2,85,0,1,3,720,1280,1,2.3829910224916325e-26,-4.21875,0.014503579586744308,0,0,0.0,10062,0.0,,,,,,0,0,,0.0,,
TRAIN,fc0qnjw2,85,1,2,3,720,1280,1,2.9335764912906377e-30,-5.1875,0.005554925184696913,0,0,0.0,4375,0.0,,,,,,0,0,,0.0,,
TRAIN,fc0qnjw2,85,2,3,3,720,1280,1,3.917798799689633e-26,-4.5,0.010986941866576672,0,0,0.0,3494,0.0,,,,,,0,0,,0.0,,
TRAIN,fc0qnjw2,86,0,1,3,720,1280,1,7.792703114739563e-20,-2.65625,0.06560483574867249,0,0,0.0,10062,0.0,,,,,,0,0,,0.0,,
TRAIN,fc0qnjw2,86,1,2,3,720,1280,1,1.3732490638087374e-25,-4.34375,0.012821214273571968,0,0,0.0,4375,0.0,,,,,,0,0,,0.0,,
TRAIN,fc0qnjw2,86,2,3,3,720,1280,1,6.716706573930585e-22,-3.71875,0.023689469322562218,0,0,0.0,3494,0.0,,,,,,0,0,,0.0,,
TRAIN,fc0qnjw2,87,0,1,3,720,1280,1,3.350081480839762e-23,-3.546875,0.028007520362734795,0,0,0.0,10062,0.0,,,,,,0,0,,0.0,,
TRAIN,fc0qnjw2,87,1,2,3,720,1280,1,2.8919009696678116e-25,-4.21875,0.014503579586744308,0,0,0.0,4375,0.0,,,,,,0,0,,0.0,,
TRAIN,fc0qnjw2,87,2,3,3,720,1280,1,3.6845933205562065e-20,-3.453125,0.030675802379846573,0,0,0.0,3494,0.0,,,,,,0,0,,0.0,,
TRAIN,fc0qnjw2,88,0,1,3,720,1280,1,5.301145283085199e-27,-4.03125,0.017442485317587852,0,0,0.0,10062,0.0,,,,,,0,0,,0.0,,
TRAIN,fc0qnjw2,88,1,2,3,720,1280,1,6.5635692504717e-31,-5.46875,0.004198795650154352,0,0,0.0,4375,0.0,,,,,,0,0,,0.0,,
TRAIN,fc0qnjw2,88,2,3,3,720,1280,1,5.39260384428426e-32,-5.1875,0.005554925184696913,0,0,0.0,3494,0.0,,,,,,0,0,,0.0,,
TRAIN,fc0qnjw2,89,0,1,3,720,1280,1,6.5635692504717e-31,-5.25,0.005220125429332256,0,0,0.0,10062,0.0,,,,,,0,0,,0.0,,
TRAIN,fc0qnjw2,89,1,2,3,720,1280,1,3.975119405215255e-31,-5.5625,0.0038244836032390594,0,0,0.0,4375,0.0,,,,,,0,0,,0.0,,
TRAIN,fc0qnjw2,89,2,3,3,720,1280,1,1.4637067577342992e-31,-5.4375,0.004331501666456461,0,0,0.0,3494,0.0,,,,,,0,0,,0.0,,
TRAIN,fc0qnjw2,90,0,1,3,720,1280,1,5.916456789157589e-29,-4.84375,0.007815888151526451,0,0,0.0,10062,0.0,,,,,,0,0,,0.0,,
TRAIN,fc0qnjw2,90,1,2,3,720,1280,1,1.3213420162451948e-29,-5.375,0.004609572235494852,0,0,0.0,4375,0.0,,,,,,0,0,,0.0,,
TRAIN,fc0qnjw2,90,2,3,3,720,1280,1,1.3213420162451948e-29,-5.0,0.006692850962281227,0,0,0.0,3494,0.0,,,,,,0,0,,0.0,,
TRAIN,fc0qnjw2,91,0,1,3,720,1280,1,1.787262988391355e-30,-5.0625,0.00628990214318037,0,0,0.0,10062,0.0,,,,,,0,0,,0.0,,
TRAIN,fc0qnjw2,91,1,2,3,720,1280,1,1.3213420162451948e-29,-5.25,0.005220125429332256,0,0,0.0,4375,0.0,,,,,,0,0,,0.0,,
TRAIN,fc0qnjw2,91,2,3,3,720,1280,1,3.975119405215255e-31,-5.125,0.0059110685251653194,0,0,0.0,3494,0.0,,,,,,0,0,,0.0,,
TRAIN,fc0qnjw2,92,0,1,3,720,1280,1,7.987216665362745e-30,-4.625,0.009708477184176445,0,0,0.0,10062,0.0,,,,,,0,0,,0.0,,
TRAIN,fc0qnjw2,92,1,2,3,720,1280,1,5.916456789157589e-29,-5.03125,0.0064882696606218815,0,0,0.0,4375,0.0,,,,,,0,0,,0.0,,
TRAIN,fc0qnjw2,92,2,3,3,720,1280,1,2.1693674893577825e-29,-4.53125,0.01065251138061285,0,0,0.0,3494,0.0,,,,,,0,0,,0.0,,
TRAIN,fc0qnjw2,93,0,1,3,720,1280,1,5.916456789157589e-29,-4.9375,0.00712142838165164,0,0,0.0,10062,0.0,,,,,,0,0,,0.0,,
TRAIN,fc0qnjw2,93,1,2,3,720,1280,1,2.9335764912906377e-30,-5.21875,0.005384937860071659,0,0,0.0,4375,0.0,,,,,,0,0,,0.0,,
TRAIN,fc0qnjw2,93,2,3,3,720,1280,1,2.4035605705952703e-31,-5.09375,0.0060975621454417706,0,0,0.0,3494,0.0,,,,,,0,0,,0.0,,
TRAIN,fc0qnjw2,94,0,1,3,720,1280,1,1.3213420162451948e-29,-5.15625,0.005730246659368277,0,0,0.0,10062,0.0,,,,,,0,0,,0.0,,
TRAIN,fc0qnjw2,94,1,2,3,720,1280,1,2.1693674893577825e-29,-5.25,0.005220125429332256,0,0,0.0,4375,0.0,,,,,,0,0,,0.0,,
TRAIN,fc0qnjw2,94,2,3,3,720,1280,1,2.1693674893577825e-29,-4.9375,0.00712142838165164,0,0,0.0,3494,0.0,,,,,,0,0,,0.0,,
TRAIN,fc0qnjw2,95,0,1,3,720,1280,1,3.3921018924503508e-28,-4.84375,0.007815888151526451,0,0,0.0,10062,0.0,,,,,,0,0,,0.0,,
TRAIN,fc0qnjw2,95,1,2,3,720,1280,1,9.213895372981418e-28,-4.75,0.008577484637498856,0,0,0.0,4375,0.0,,,,,,0,0,,0.0,,
TRAIN,fc0qnjw2,95,2,3,3,720,1280,1,1.3732490638087374e-25,-4.46875,0.011331753805279732,0,0,0.0,3494,0.0,,,,,,0,0,,0.0,,
TRAIN,fc0qnjw2,96,0,1,3,720,1280,1,1.1864468014524018e-27,-4.75,0.008577484637498856,0,0,0.0,10062,0.0,,,,,,0,0,,0.0,,
TRAIN,fc0qnjw2,96,1,2,3,720,1280,1,4.13994203059987e-27,-4.53125,0.01065251138061285,0,0,0.0,4375,0.0,,,,,,0,0,,0.0,,
TRAIN,fc0qnjw2,96,2,3,3,720,1280,1,1.0662875083691372e-25,-4.34375,0.012821214273571968,0,0,0.0,3494,0.0,,,,,,0,0,,0.0,,
TRAIN,fc0qnjw2,97,0,1,3,720,1280,1,1.1864468014524018e-27,-4.6875,0.009125636890530586,0,0,0.0,10062,0.0,,,,,,0,0,,0.0,,
TRAIN,fc0qnjw2,97,1,2,3,720,1280,1,1.3213420162451948e-29,-5.21875,0.005384937860071659,0,0,0.0,4375,0.0,,,,,,0,0,,0.0,,
TRAIN,fc0qnjw2,97,2,3,3,720,1280,1,1.1864468014524018e-27,-4.96875,0.006903838831931353,0,0,0.0,3494,0.0,,,,,,0,0,,0.0,,
TRAIN,fc0qnjw2,98,0,1,3,720,1280,1,1.3213420162451948e-29,-5.28125,0.005060331895947456,0,0,0.0,10062,0.0,,,,,,0,0,,0.0,,
TRAIN,fc0qnjw2,98,1,2,3,720,1280,1,3.5695955961250784e-29,-4.9375,0.00712142838165164,0,0,0.0,4375,0.0,,,,,,0,0,,0.0,,
TRAIN,fc0qnjw2,98,2,3,3,720,1280,1,2.6505726415425997e-28,-4.9375,0.00712142838165164,0,0,0.0,3494,0.0,,,,,,0,0,,0.0,,
TRAIN,fc0qnjw2,99,0,1,3,720,1280,1,6.5635692504717e-31,-5.78125,0.0030753696337342262,0,0,0.0,10062,0.0,,,,,,0,0,,0.0,,
TRAIN,fc0qnjw2,99,1,2,3,720,1280,1,3.975119405215255e-31,-5.84375,0.002889581024646759,0,0,0.0,4375,0.0,,,,,,0,0,,0.0,,
TRAIN,fc0qnjw2,99,2,3,3,720,1280,1,9.742432179479496e-29,-5.125,0.0059110685251653194,0,0,0.0,3494,0.0,,,,,,0,0,,0.0,,
TRAIN,fc0qnjw2,100,0,1,3,720,1280,1,1.4637067577342992e-31,-5.96875,0.0025509123224765062,0,0,0.0,10062,0.0,,,,,,0,0,,0.0,,
TRAIN,fc0qnjw2,100,1,2,3,720,1280,1,3.2548216060144286e-32,-5.71875,0.003273064736276865,0,0,0.0,4375,0.0,,,,,,0,0,,0.0,,
TRAIN,fc0qnjw2,100,2,3,3,720,1280,1,2.4035605705952703e-31,-5.53125,0.0039454069919884205,0,0,0.0,3494,0.0,,,,,,0,0,,0.0,,
TRAIN,fc0qnjw2,101,0,1,3,720,1280,1,1.787262988391355e-30,-5.75,0.003172682598233223,0,0,0.0,10062,0.0,,,,,,0,0,,0.0,,
TRAIN,fc0qnjw2,101,1,2,3,720,1280,1,1.4637067577342992e-31,-5.625,0.0035936026833951473,0,0,0.0,4375,0.0,,,,,,0,0,,0.0,,
TRAIN,fc0qnjw2,101,2,3,3,720,1280,1,6.5635692504717e-31,-5.5625,0.0038244836032390594,0,0,0.0,3494,0.0,,,,,,0,0,,0.0,,
TRAIN,fc0qnjw2,102,0,1,3,720,1280,1,1.787262988391355e-30,-5.875,0.0028009270317852497,0,0,0.0,10062,0.0,,,,,,0,0,,0.0,,
TRAIN,fc0qnjw2,102,1,2,3,720,1280,1,6.5635692504717e-31,-5.75,0.003172682598233223,0,0,0.0,4375,0.0,,,,,,0,0,,0.0,,
TRAIN,fc0qnjw2,102,2,3,3,720,1280,1,4.831773044478697e-30,-5.0,0.006692850962281227,0,0,0.0,3494,0.0,,,,,,0,0,,0.0,,
TRAIN,fc0qnjw2,103,0,1,3,720,1280,1,3.975119405215255e-31,-5.90625,0.0027149852830916643,0,0,0.0,10062,0.0,,,,,,0,0,,0.0,,
TRAIN,fc0qnjw2,103,1,2,3,720,1280,1,8.859277744181285e-32,-5.875,0.0028009270317852497,0,0,0.0,4375,0.0,,,,,,0,0,,0.0,,
TRAIN,fc0qnjw2,103,2,3,3,720,1280,1,3.975119405215255e-31,-5.65625,0.0034834241960197687,0,0,0.0,3494,0.0,,,,,,0,0,,0.0,,
TRAIN,fc0qnjw2,104,0,1,3,720,1280,1,3.975119405215255e-31,-5.53125,0.0039454069919884205,0,0,0.0,10062,0.0,,,,,,0,0,,0.0,,
TRAIN,fc0qnjw2,104,1,2,3,720,1280,1,1.4637067577342992e-31,-5.90625,0.0027149852830916643,0,0,0.0,4375,0.0,,,,,,0,0,,0.0,,
TRAIN,fc0qnjw2,104,2,3,3,720,1280,1,1.078520768856852e-30,-5.59375,0.0037072531413286924,0,0,0.0,3494,0.0,,,,,,0,0,,0.0,,
TRAIN,fc0qnjw2,105,0,1,3,720,1280,1,6.5635692504717e-31,-5.625,0.0035936026833951473,0,0,0.0,10062,0.0,,,,,,0,0,,0.0,,
TRAIN,fc0qnjw2,105,1,2,3,720,1280,1,3.975119405215255e-31,-5.75,0.003172682598233223,0,0,0.0,4375,0.0,,,,,,0,0,,0.0,,
TRAIN,fc0qnjw2,105,2,3,3,720,1280,1,1.4637067577342992e-31,-5.5,0.00407013762742281,0,0,0.0,3494,0.0,,,,,,0,0,,0.0,,
TRAIN,fc0qnjw2,106,0,1,3,720,1280,1,2.9335764912906377e-30,-5.25,0.005220125429332256,0,0,0.0,10062,0.0,,,,,,0,0,,0.0,,
TRAIN,fc0qnjw2,106,1,2,3,720,1280,1,6.5635692504717e-31,-4.8125,0.008061991073191166,0,0,0.0,4375,0.0,,,,,,0,0,,0.0,,
TRAIN,fc0qnjw2,106,2,3,3,720,1280,1,4.405564747785802e-33,-4.90625,0.007345826830714941,0,0,0.0,3494,0.0,,,,,,0,0,,0.0,,
TRAIN,fc0qnjw2,107,0,1,3,720,1280,1,2.4035605705952703e-31,-5.625,0.0035936026833951473,0,0,0.0,10062,0.0,,,,,,0,0,,0.0,,
TRAIN,fc0qnjw2,107,1,2,3,720,1280,1,1.078520768856852e-30,-5.40625,0.0044683837331831455,0,0,0.0,4375,0.0,,,,,,0,0,,0.0,,
TRAIN,fc0qnjw2,107,2,3,3,720,1280,1,2.4035605705952703e-31,-5.25,0.005220125429332256,0,0,0.0,3494,0.0,,,,,,0,0,,0.0,,
TRAIN,fc0qnjw2,108,0,1,3,720,1280,1,1.078520768856852e-30,-5.21875,0.005384937860071659,0,0,0.0,10062,0.0,,,,,,0,0,,0.0,,
TRAIN,fc0qnjw2,108,1,2,3,720,1280,1,7.194411455615628e-28,-4.59375,0.010013571009039879,0,0,0.0,4375,0.0,,,,,,0,0,,0.0,,
TRAIN,fc0qnjw2,108,2,3,3,720,1280,1,7.987216665362745e-30,-5.125,0.0059110685251653194,0,0,0.0,3494,0.0,,,,,,0,0,,0.0,,
TRAIN,fc0qnjw2,109,0,1,3,720,1280,1,7.987216665362745e-30,-4.4375,0.011687257327139378,0,0,0.0,10062,0.0,,,,,,1,56,0.0,0.0,,
TRAIN,fc0qnjw2,109,1,2,3,720,1280,1,1.787262988391355e-30,-4.4375,0.011687257327139378,0,0,0.0,4375,0.0,,,,,,0,0,,0.0,1,
TRAIN,fc0qnjw2,109,2,3,3,720,1280,1,4.831773044478697e-30,-4.8125,0.008061991073191166,0,0,0.0,3494,0.0,,,,,,0,0,,0.0,1,
TRAIN,fc0qnjw2,110,0,1,3,720,1280,1,4.831773044478697e-30,-5.5625,0.0038244836032390594,0,0,0.0,10062,0.0,,,,,,1,1458,0.0,0.0,,
TRAIN,fc0qnjw2,110,1,2,3,720,1280,1,1.787262988391355e-30,-5.71875,0.003273064736276865,0,0,0.0,4375,0.0,,,,,,0,0,,0.0,1,
TRAIN,fc0qnjw2,110,2,3,3,720,1280,1,3.975119405215255e-31,-5.53125,0.0039454069919884205,0,0,0.0,3494,0.0,,,,,,0,0,,0.0,1,
TRAIN,fc0qnjw2,111,0,1,3,720,1280,1,1.078520768856852e-30,-5.46875,0.004198795650154352,0,0,0.0,10062,0.0,,,,,,1,4424,0.0,0.0,,
TRAIN,fc0qnjw2,111,1,2,3,720,1280,1,3.975119405215255e-31,-5.59375,0.0037072531413286924,0,0,0.0,4375,0.0,,,,,,0,0,,0.0,1,
TRAIN,fc0qnjw2,111,2,3,3,720,1280,1,3.2548216060144286e-32,-5.5,0.00407013762742281,0,0,0.0,3494,0.0,,,,,,0,0,,0.0,1,
TRAIN,fc0qnjw2,112,0,1,3,720,1280,1,4.831773044478697e-30,-5.4375,0.004331501666456461,0,0,0.0,10062,0.0,,,,,,1,6528,0.0,0.0,,
TRAIN,fc0qnjw2,112,1,2,3,720,1280,1,1.787262988391355e-30,-5.46875,0.004198795650154352,0,0,0.0,4375,0.0,,,,,,0,0,,0.0,1,
TRAIN,fc0qnjw2,112,2,3,3,720,1280,1,3.975119405215255e-31,-5.34375,0.004755199886858463,0,0,0.0,3494,0.0,,,,,,0,0,,0.0,1,
TRAIN,fc0qnjw2,113,0,1,3,720,1280,1,0.85546875,0.349609375,0.5865228176116943,1,8743,0.009486762152777778,10062,0.8689127410057642,0.0,1260.1910099508177,391.0646231270731,,,1,14592,0.5625418508102317,0.0,2,0.23643702268600464
TRAIN,fc0qnjw2,113,1,2,3,720,1280,1,9.742432179479496e-29,-4.78125,0.008315778337419033,0,0,0.0,4375,0.0,,,,,,0,0,,0.0,1,
TRAIN,fc0qnjw2,113,2,3,3,720,1280,1,1.3213420162451948e-29,-5.15625,0.005730246659368277,0,0,0.0,3494,0.0,,,,,,0,0,,0.0,1,
TRAIN,fc0qnjw2,114,0,1,3,720,1280,1,0.94140625,0.84765625,0.7000752091407776,1,23487,0.025485026041666668,10062,2.3342277877161597,0.28796355498721227,1237.6672201643462,395.4999361348831,1260.1910099508177,391.0646231270731,1,28115,0.7953517500521884,0.0,2,0.23649561405181885
TRAIN,fc0qnjw2,114,1,2,3,720,1280,1,1.3213420162451948e-29,-4.96875,0.006903838831931353,0,0,0.0,4375,0.0,,,,,,0,0,,0.0,1,
TRAIN,fc0qnjw2,114,2,3,3,720,1280,1,2.1693674893577825e-29,-4.9375,0.00712142838165164,0,0,0.0,3494,0.0,,,,,,0,0,,0.0,1,
TRAIN,fc0qnjw2,115,0,1,3,720,1280,1,0.93359375,1.1328125,0.7563575506210327,1,27077,0.02938042534722222,10062,2.6910157026436097,0.2647640011005778,1196.8706651401558,394.28633157292165,1237.6672201643462,395.4999361348831,1,31171,0.8191698678909397,0.0,2,0.25210461020469666
TRAIN,fc0qnjw2,115,1,2,3,720,1280,1,5.39260384428426e-32,-5.875,0.0028009270317852497,0,0,0.0,4375,0.0,,,,,,0,0,,0.0,1,
TRAIN,fc0qnjw2,115,2,3,3,720,1280,1,2.68426485998971e-33,-5.84375,0.002889581024646759,0,0,0.0,3494,0.0,,,,,,0,0,,0.0,1,
TRAIN,fc0qnjw2,116,0,1,3,720,1280,1,0.921875,0.96875,0.7248703241348267,1,24363,0.026435546875,10062,2.42128801431127,0.2302982468728325,1152.4499035422566,393.03016869843617,1196.8706651401558,394.28633157292165,1,29569,0.7984527144191009,0.0,2,0.22414623200893402
TRAIN,fc0qnjw2,116,1,2,3,720,1280,1,2.196763842816691e-34,-6.34375,0.0017546144081279635,0,0,0.0,4375,0.0,,,,,,0,0,,0.0,1,
TRAIN,fc0qnjw2,116,2,3,3,720,1280,1,1.095560734966372e-35,-6.1875,0.0020507434383034706,0,0,0.0,3494,0.0,,,,,,0,0,,0.0,1,
TRAIN,fc0qnjw2,117,0,1,3,720,1280,1,0.90625,0.51953125,0.6270381808280945,1,23579,0.025584852430555555,10062,2.3433710991850525,0.19579966078020553,1102.3442894100683,393.36417999066964,1152.4499035422566,393.03016869843617,1,28147,0.7976645582817822,0.0,2,0.19962534308433533
TRAIN,fc0qnjw2,117,1,2,3,720,1280,1,8.087401133657338e-35,-6.6875,0.0012448433553799987,0,0,0.0,4375,0.0,,,,,,0,0,,0.0,1,
TRAIN,fc0qnjw2,117,2,3,3,720,1280,1,6.629788138637702e-36,-6.21875,0.001987774157896638,0,0,0.0,3494,0.0,,,,,,0,0,,0.0,1,
TRAIN,fc0qnjw2,118,0,1,3,720,1280,1,0.90625,0.51171875,0.6252092719078064,1,22059,0.023935546875,10062,2.1923076923076925,0.16981518980852536,1049.2684165193346,392.32113876422324,1102.3442894100683,393.36417999066964,1,26204,0.8028090097493557,0.0,2,0.2120644748210907
TRAIN,fc0qnjw2,118,1,2,3,720,1280,1,1.3316000006114873e-34,-6.75,0.0011695103021338582,0,0,0.0,4375,0.0,,,,,,0,0,,0.0,1,
TRAIN,fc0qnjw2,118,2,3,3,720,1280,1,4.890056499420716e-35,-6.59375,0.0013670255430042744,0,0,0.0,3494,0.0,,,,,,0,0,,0.0,1,
TRAIN,fc0qnjw2,119,0,1,3,720,1280,1,0.91015625,0.7265625,0.6740504503250122,1,21244,0.023051215277777776,10062,2.1113098787517393,0.14412914817163391,992.5504613067219,387.4048201845227,1049.2684165193346,392.32113876422324,1,25926,0.7876904419010081,0.0,2,0.21533310413360596
TRAIN,fc0qnjw2,119,1,2,3,720,1280,1,5.9884384208290615e-34,-7.46875,0.000570315751247108,0,0,0.0,4375,0.0,,,,,,0,0,,0.0,1,
TRAIN,fc0qnjw2,119,2,3,3,720,1280,1,1.3316000006114873e-34,-7.28125,0.0006878511630930007,0,0,0.0,3494,0.0,,,,,,0,0,,0.0,1,
TRAIN,fc0qnjw2,120,0,1,3,720,1280,1,0.890625,0.875,0.7057850360870361,1,20576,0.02232638888888889,10062,2.044921486781952,0.12404246741029432,933.1015746500777,383.6865279937792,992.5504613067219,387.4048201845227,1,25715,0.77537010048324,0.0,2,0.23695054650306702
TRAIN,fc0qnjw2,120,1,2,3,720,1280,1,1.3316000006114873e-34,-7.59375,0.000503335555549711,0,0,0.0,4375,0.0,,,,,,0,0,,0.0,1,
TRAIN,fc0qnjw2,120,2,3,3,720,1280,1,2.196763842816691e-34,-7.53125,0.0005357805639505386,0,0,0.0,3494,0.0,,,,,,0,0,,0.0,1,
TRAIN,fc0qnjw2,121,0,1,3,720,1280,1,0.89453125,0.94921875,0.7209580540657043,1,20132,0.021844618055555556,10062,2.0007950705625124,0.10030543017001378,871.3297734949334,380.79346314325454,933.1015746500777,383.6865279937792,1,24500,0.7771053155484771,0.0,2,0.2257215678691864
TRAIN,fc0qnjw2,121,1,2,3,720,1280,1,2.971649718878743e-35,-7.5,0.000552778656128794,0,0,0.0,4375,0.0,,,,,,0,0,,0.0,1,
TRAIN,fc0qnjw2,121,2,3,3,720,1280,1,6.629788138637702e-36,-7.25,0.0007096704212017357,0,0,0.0,3494,0.0,,,,,,0,0,,0.0,1,
TRAIN,fc0qnjw2,122,0,1,3,720,1280,1,0.90625,0.91015625,0.7130321860313416,1,19205,0.020838758680555555,10062,1.9086662691313854,0.07634005527129449,806.5009112210362,378.4556625878677,871.3297734949334,380.79346314325454,1,23734,0.7743388429752066,0.0,2,0.2208194136619568
TRAIN,fc0qnjw2,122,1,2,3,720,1280,1,4.890056499420716e-35,-6.65625,0.0012843081494793296,0,0,0.0,4375,0.0,,,,,,0,0,,0.0,1,
TRAIN,fc0qnjw2,122,2,3,3,720,1280,1,1.095560734966372e-35,-7.28125,0.0006878511630930007,0,0,0.0,3494,0.0,,,,,,0,0,,0.0,1,
TRAIN,fc0qnjw2,123,0,1,3,720,1280,1,0.890625,1.109375,0.7520125508308411,1,18798,0.020397135416666667,10062,1.8682170542635659,0.05775439768425741,738.3792424726034,375.8653048196617,806.5009112210362,378.4556625878677,1,23155,0.7705423085039038,0.0,2,0.2476731836795807
TRAIN,fc0qnjw2,123,1,2,3,720,1280,1,3.6261649734165925e-34,-7.3125,0.0006667023408226669,0,0,0.0,4375,0.0,,,,,,0,0,,0.0,1,
TRAIN,fc0qnjw2,123,2,3,3,720,1280,1,6.629788138637702e-36,-7.28125,0.0006878511630930007,0,0,0.0,3494,0.0,,,,,,0,0,,0.0,1,
TRAIN,fc0qnjw2,124,0,1,3,720,1280,1,0.8984375,1.2734375,0.7813306450843811,1,18002,0.01953342013888889,10062,1.7891075332935797,0.04828372026776812,669.9125652705255,372.2079768914565,738.3792424726034,375.8653048196617,1,21984,0.7696835583093605,0.0,2,0.23828847706317902
TRAIN,fc0qnjw2,124,1,2,3,720,1280,1,1.1988913903810543e-32,-6.46875,0.0015487611526623368,0,0,0.0,4375,0.0,,,,,,0,0,,0.0,1,
TRAIN,fc0qnjw2,124,2,3,3,720,1280,1,1.8055593228630336e-35,-6.34375,0.0017546144081279635,0,0,0.0,3494,0.0,,,,,,0,0,,0.0,1,
TRAIN,fc0qnjw2,125,0,1,3,720,1280,1,0.90234375,1.328125,0.7905303239822388,1,18625,0.020209418402777776,10062,1.8510236533492348,0.05362022840376262,602.0180939597316,372.7553288590604,669.9125652705255,372.2079768914565,1,23476,0.7438903156325076,0.0,2,0.1771165132522583
TRAIN,fc0qnjw2,125,1,2,3,720,1280,1,1.2014061212539673e-07,-0.4140625,0.39793843030929565,0,0,0.0,4375,0.0,,,,,,0,0,,0.0,1,
TRAIN,fc0qnjw2,125,2,3,3,720,1280,1,1.760989975942969e-25,-3.140625,0.04146226868033409,0,0,0.0,3494,0.0,,,,,,0,0,,0.0,1,
TRAIN,fc0qnjw2,126,0,1,3,720,1280,1,0.8984375,1.3984375,0.8019358515739441,1,19006,0.020622829861111112,10062,1.8888888888888888,0.06733414641064187,535.8629906345365,371.88398400505105,602.0180939597316,372.7553288590604,1,25236,0.7097696707373629,0.0,2,0.2063213288784027
TRAIN,fc0qnjw2,126,1,2,3,720,1280,1,0.0004730224609375,-0.3984375,0.4016878008842468,0,0,0.0,4375,0.0,,,,,,0,0,,0.0,1,
TRAIN,fc0qnjw2,126,2,3,3,720,1280,1,2.971649718878743e-35,-6.59375,0.0013670255430042744,0,0,0.0,3494,0.0,,,,,,0,0,,0.0,1,
TRAIN,fc0qnjw2,127,0,1,3,720,1280,1,0.88671875,1.53125,0.8221890926361084,1,19509,0.021168619791666666,10062,1.9388789505068575,0.0958261018010072,475.78338202880724,367.9602747449895,535.8629906345365,371.88398400505105,1,25670,0.7073806734439364,0.0,2,0.24443775415420532
TRAIN,fc0qnjw2,127,1,2,3,720,1280,1,1.6079866327345371e-09,-0.953125,0.2782568037509918,0,0,0.0,4375,0.0,,,,,,0,0,,0.0,1,
TRAIN,fc0qnjw2,127,2,3,3,720,1280,1,4.831773044478697e-30,-4.75,0.008577484637498856,0,0,0.0,3494,0.0,,,,,,0,0,,0.0,1,
TRAIN,fc0qnjw2,128,0,1,3,720,1280,1,0.8828125,2.484375,0.9230391979217529,1,20382,0.022115885416666668,10062,2.0256410256410255,0.14953028643882196,426.20910607398685,368.51162790697674,475.78338202880724,367.9602747449895,1,26968,0.7252687192566952,0.0,2,0.20433691143989563
TRAIN,fc0qnjw2,128,1,2,3,720,1280,1,1.84297022087776e-14,-1.140625,0.2422056347131729,0,0,0.0,4375,0.0,,,,,,0,0,,0.0,1,
TRAIN,fc0qnjw2,128,2,3,3,720,1280,1,6.5635692504717e-31,-4.75,0.008577484637498856,0,0,0.0,3494,0.0,,,,,,0,0,,0.0,1,
TRAIN,fc0qnjw2,129,0,1,3,720,1280,1,0.8984375,2.546875,0.9273632764816284,1,22133,0.02401584201388889,10062,2.199662095010932,0.20054782142151187,385.1257850268829,381.13066461844306,426.20910607398685,368.51162790697674,1,27764,0.7357289456291092,0.0,2,0.19969864189624786
TRAIN,fc0qnjw2,129,1,2,3,720,1280,1,0.74609375,1.2734375,0.7813306450843811,1,701,0.0007606336805555555,4375,0.16022857142857144,0.0,1273.0142653352355,390.96718972895866,,,1,418,0.5917496443812233,0.0,1,0.2533712387084961
TRAIN,fc0qnjw2,129,2,3,3,720,1280,1,2.4035605705952703e-31,-5.09375,0.0060975621454417706,0,0,0.0,3494,0.0,,,,,,0,0,,0.0,1,
TRAIN,fc0qnjw2,130,0,1,3,720,1280,1,0.8671875,2.765625,0.9407896995544434,1,23345,0.025330946180555557,10062,2.3201152852315645,0.24566545235421403,343.0017562647248,381.8473763118441,385.1257850268829,381.13066461844306,1,30950,0.734553702638809,0.0,2,0.1818983554840088
TRAIN,fc0qnjw2,130,1,2,3,720,1280,1,0.796875,3.9375,0.9808759689331055,1,5051,0.005480685763888889,4375,1.1545142857142856,0.015716051562775914,1254.4862403484458,348.24945555335574,1273.0142653352355,390.96718972895866,1,5095,0.7806247806247806,0.0,1,0.3984659016132355
TRAIN,fc0qnjw2,130,2,3,3,720,1280,1,2.1693674893577825e-29,-4.5625,0.010328153148293495,0,0,0.0,3494,0.0,,,,,,0,0,,0.0,1,
TRAIN,fc0qnjw2,131,0,1,3,720,1280,1,0.81640625,2.671875,0.9353464841842651,1,25542,0.02771484375,10062,2.5384615384615383,0.25955221188776956,299.7679508260904,378.6308433168898,343.0017562647248,381.8473763118441,1,31943,0.7667035466224107,0.0,2,0.16838769614696503
TRAIN,fc0qnjw2,131,1,2,3,720,1280,1,0.84375,5.125,0.9940890073776245,1,7012,0.007608506944444445,4375,1.6027428571428572,0.02445859872611465,1205.0511979463777,342.51611523103253,1254.4862403484458,348.24945555335574,1,6779,0.8878850102669404,0.0,1,0.3433847427368164
TRAIN,fc0qnjw2,131,2,3,3,720,1280,1,1.4637067577342992e-31,-5.4375,0.004331501666456461,0,0,0.0,3494,0.0,,,,,,0,0,,0.0,1,
TRAIN,fc0qnjw2,132,0,1,3,720,1280,1,0.87109375,2.796875,0.9425067901611328,1,31286,0.03394748263888889,10062,3.1093222023454583,0.20370252695346425,240.46838841654414,388.2302307741482,299.7679508260904,378.6308433168898,1,31200,0.9088437452268214,0.0,2,0.1940351277589798
TRAIN,fc0qnjw2,132,1,2,3,720,1280,1,0.87890625,5.6875,0.9966233968734741,1,6823,0.007403428819444445,4375,1.5595428571428571,0.03687326688151091,1146.8449362450535,345.6001758757145,1205.0511979463777,342.51611523103253,1,6332,0.8971733487164696,0.0,1,0.2894175350666046
TRAIN,fc0qnjw2,132,2,3,3,720,1280,1,9.870390964984584e-34,-6.5,0.0015011823270469904,0,0,0.0,3494,0.0,,,,,,0,0,,0.0,1,
TRAIN,fc0qnjw2,133,0,1,3,720,1280,1,0.91796875,2.765625,0.9407896995544434,1,26177,0.02840386284722222,10062,2.601570264360962,0.2595458331506729,198.75314207128395,402.859685983879,240.46838841654414,388.2302307741482,1,30374,0.8394756529941776,0.0,2,0.18503926694393158
TRAIN,fc0qnjw2,133,1,2,3,720,1280,1,0.890625,5.90625,0.997285008430481,1,6408,0.006953125,4375,1.4646857142857144,0.0344800625488663,1088.7150436953807,349.2830836454432,1146.8449362450535,345.6001758757145,1,6201,0.9026708918062472,0.0,1,0.2729659974575043
TRAIN,fc0qnjw2,133,2,3,3,720,1280,1,9.870390964984584e-34,-6.34375,0.0017546144081279635,0,0,0.0,3494,0.0,,,,,,0,0,,0.0,1,
TRAIN,fc0qnjw2,134,0,1,3,720,1280,1,0.91796875,2.828125,0.9441768527030945,1,27681,0.030035807291666668,10062,2.7510435301132974,0.14081762338487608,138.91145551100033,411.12737979119254,198.75314207128395,402.859685983879,1,29712,0.890539561235918,0.0,2,0.21364367008209229
TRAIN,fc0qnjw2,134,1,2,3,720,1280,1,0.87890625,6.0625,0.9976769089698792,1,6033,0.006546223958333333,4375,1.3789714285714285,0.02631578947368421,1030.150671307807,352.70561909497764,1088.7150436953807,349.2830836454432,1,6074,0.9165743232547096,0.0,1,0.24236178398132324
TRAIN,fc0qnjw2,134,2,3,3,720,1280,1,2.4035605705952703e-31,-4.84375,0.007815888151526451,0,0,0.0,3494,0.0,,,,,,0,0,,0.0,1,
TRAIN,fc0qnjw2,135,0,1,3,720,1280,1,0.94140625,2.84375,0.9449946880340576,1,29353,0.03185004340277778,10062,2.917213277678394,0.15106258451230095,77.5977242530576,422.1536810547474,138.91145551100033,411.12737979119254,1,30282,0.939097353189829,0.0,2,0.2453458160161972
TRAIN,fc0qnjw2,135,1,2,3,720,1280,1,0.89453125,5.9375,0.997368335723877,1,5831,0.006327039930555556,4375,1.3328,0.018194301407483692,970.9149374035328,360.8334762476419,1030.150671307807,352.70561909497764,1,5855,0.9347682119205298,0.0,1,0.25541970133781433
TRAIN,fc0qnjw2,135,2,3,3,720,1280,1,2.68426485998971e-33,-5.21875,0.005384937860071659,0,0,0.0,3494,0.0,,,,,,0,0,,0.0,1,
TRAIN,fc0qnjw2,136,0,1,3,720,1280,1,0.96875,2.734375,0.939024806022644,1,21436,0.02325954861111111,10062,2.1303915722520372,0.22135917660638707,31.989736891211045,428.6441966784848,77.5977242530576,422.1536810547474,1,21041,0.9724634316229394,0.0,2,0.24766650795936584
TRAIN,fc0qnjw2,136,1,2,3,720,1280,1,0.890625,5.78125,0.9969245791435242,1,5650,0.006130642361111111,4375,1.2914285714285714,0.03255688461192553,918.9371681415929,364.4484955752212,970.9149374035328,360.8334762476419,1,5583,0.9260973936899863,0.0,1,0.1997925341129303
TRAIN,fc0qnjw2,136,2,3,3,720,1280,1,1.2989320556496763e-24,-2.1875,0.10087862610816956,0,0,0.0,3494,0.0,,,,,,0,0,,0.0,1,
TRAIN,fc0qnjw2,137,0,1,3,720,1280,1,0.90234375,3.328125,0.9653811454772949,1,3743,0.0040614149305555555,10062,0.3719936394354999,0.1746128008956895,10.220411434678066,397.2086561581619,31.989736891211045,428.6441966784848,1,3035,0.8007438894792773,0.0,2,0.2487955242395401
TRAIN,fc0qnjw2,137,1,2,3,720,1280,1,0.89453125,5.84375,0.9971103668212891,1,5581,0.006055772569444445,4375,1.2756571428571428,0.06143086664776486,873.2119691811504,369.1173624798423,918.9371681415929,364.4484955752212,1,5360,0.8942174515235457,0.0,1,0.24471023678779602
TRAIN,fc0qnjw2,137,2,3,3,720,1280,1,0.84765625,2.71875,0.9381240010261536,1,1626,0.0017643229166666666,3494,0.4653692043503148,0.0,1268.5910209102092,373.77429274292746,,,1,1209,0.7371323529411765,0.0,1,0.3393804728984833
TRAIN,fc0qnjw2,138,0,1,3,720,1280,1,1.078520768856852e-30,-4.46875,0.011331753805279732,0,0,0.0,10062,0.0,0.0,,,10.220411434678066,397.2086561581619,0,0,,0.0,2,
TRAIN,fc0qnjw2,138,1,2,3,720,1280,1,0.89453125,6.34375,0.998245358467102,1,5642,0.006121961805555556,4375,1.2896,0.13524175601861219,836.6579227224388,372.3342786246012,873.2119691811504,369.1173624798423,1,5330,0.9051918735891648,0.0,1,0.24701935052871704
TRAIN,fc0qnjw2,138,2,3,3,720,1280,1,0.73046875,3.71875,0.9763104915618896,1,1700,0.0018446180555555555,3494,0.48654836863194045,0.004833836858006042,1234.2711764705882,357.6158823529412,1268.5910209102092,373.77429274292746,1,2253,0.6936589545844044,0.0,1,0.40859660506248474
TRAIN,fc0qnjw2,139,0,1,3,720,1280,1,1.983707842718853e-32,-5.5,0.00407013762742281,0,0,0.0,10062,0.0,,,,,,0,0,,0.0,2,
TRAIN,fc0qnjw2,139,1,2,3,720,1280,1,0.8828125,7.0,0.9990890026092529,1,5625,0.006103515625,4375,1.2857142857142858,0.27729282394286364,811.1342222222222,374.8961777777778,836.6579227224388,372.3342786246012,1,5276,0.9077703885194259,0.0,1,0.23510977625846863
TRAIN,fc0qnjw2,139,2,3,3,720,1280,1,0.70703125,4.125,0.9840936064720154,1,2313,0.002509765625,3494,0.6619919862621637,0.020340706839562676,1204.0423692174666,367.45611759619544,1234.2711764705882,357.6158823529412,1,2122,0.7690466693258875,0.0,1,0.33687907457351685
TRAIN,fc0qnjw2,140,0,1,3,720,1280,1,5.39260384428426e-32,-5.46875,0.004198795650154352,0,0,0.0,10062,0.0,,,,,,0,0,,0.0,2,
TRAIN,fc0qnjw2,140,1,2,3,720,1280,1,0.89453125,7.34375,0.99935382604599,1,5239,0.005684678819444444,4375,1.1974857142857143,0.46790974192676665,796.4059935102118,375.9114334796717,811.1342222222222,374.8961777777778,1,5196,0.9087250777391622,0.0,1,0.21952053904533386
TRAIN,fc0qnjw2,140,2,3,3,720,1280,1,0.734375,4.5,0.9890130758285522,1,2184,0.0023697916666666667,3494,0.6250715512306811,0.11698956780923994,1183.7559523809523,369.4555860805861,1204.0423692174666,367.45611759619544,1,2253,0.788391777509069,0.0,1,0.335416316986084
TRAIN,fc0qnjw2,141,0,1,3,720,1280,1,3.2548216060144286e-32,-5.46875,0.004198795650154352,0,0,0.0,10062,0.0,,,,,,0,0,,0.0,2,
TRAIN,fc0qnjw2,141,1,2,3,720,1280,1,0.890625,7.875,0.9996199607849121,1,5670,0.00615234375,4375,1.296,0.6240881345838916,786.2067019400353,378.55361552028216,796.4059935102118,375.9114334796717,1,5303,0.8954914493003973,0.0,1,0.2284965068101883
TRAIN,fc0qnjw2,141,2,3,3,720,1280,1,0.71484375,4.25,0.9859364032745361,1,2063,0.002238498263888889,3494,0.590440755580996,0.34186413902053714,1174.717886572952,361.61027629665534,1183.7559523809523,369.4555860805861,1,1482,0.6549953314659197,0.0,1,0.34160056710243225
TRAIN,fc0qnjw2,142,0,1,3,720,1280,1,5.39260384428426e-32,-5.90625,0.0027149852830916643,0,0,0.0,10062,0.0,,,,,,0,0,,0.0,2,
TRAIN,fc0qnjw2,142,1,2,3,720,1280,1,0.89453125,8.4375,0.999783456325531,1,5455,0.005919053819444444,4375,1.2468571428571429,0.7785771382893685,781.3252062328139,378.25426214482127,786.2067019400353,378.55361552028216,1,5103,0.8786476868327402,0.0,1,0.263020396232605
TRAIN,fc0qnjw2,142,2,3,3,720,1280,1,0.76171875,4.65625,0.9905874133110046,1,2366,0.0025672743055555557,3494,0.6771608471665712,0.47978616772469096,1169.5498732037192,366.30431107354184,1174.717886572952,361.61027629665534,1,1947,0.6946954813359528,0.0,1,0.3168460428714752
