video,split,object_id_i,object_id_j,cosine_fp32
sfbg4630,TRAIN,1,1,0.9999998211860657
sfbg4630,TRAIN,1,2,0.9961081743240356
sfbg4630,TRAIN,1,3,0.9967689514160156
sfbg4630,TRAIN,1,4,0.9974929690361023
sfbg4630,TRAIN,1,5,0.9953716397285461
sfbg4630,TRAIN,1,6,0.9961135983467102
sfbg4630,TRAIN,1,7,0.9957485795021057
sfbg4630,TRAIN,1,8,0.9953561425209045
sfbg4630,TRAIN,1,9,0.9977315068244934
sfbg4630,TRAIN,1,10,0.9965019822120667
sfbg4630,TRAIN,1,11,0.9965789914131165
sfbg4630,TRAIN,1,12,0.977202832698822
sfbg4630,TRAIN,1,13,0.9887953400611877
sfbg4630,TRAIN,1,14,0.9970874786376953
sfbg4630,TRAIN,1,15,0.9917299151420593
sfbg4630,TRAIN,1,16,0.9941632747650146
sfbg4630,TRAIN,1,17,0.9969967007637024
sfbg4630,TRAIN,1,18,0.997161865234375
sfbg4630,TRAIN,1,19,0.9428412318229675
sfbg4630,TRAIN,1,20,0.9609429836273193
sfbg4630,TRAIN,2,1,0.9961081743240356
sfbg4630,TRAIN,2,2,0.9999998211860657
sfbg4630,TRAIN,2,3,0.992242693901062
sfbg4630,TRAIN,2,4,0.9967236518859863
sfbg4630,TRAIN,2,5,0.9992402195930481
sfbg4630,TRAIN,2,6,0.9985849261283875
sfbg4630,TRAIN,2,7,0.998272180557251
sfbg4630,TRAIN,2,8,0.9947827458381653
sfbg4630,TRAIN,2,9,0.9981992244720459
sfbg4630,TRAIN,2,10,0.9961333870887756
sfbg4630,TRAIN,2,11,0.9931493401527405
sfbg4630,TRAIN,2,12,0.9798551797866821
sfbg4630,TRAIN,2,13,0.9946749806404114
sfbg4630,TRAIN,2,14,0.9971520304679871
sfbg4630,TRAIN,2,15,0.9860469102859497
sfbg4630,TRAIN,2,16,0.9958134889602661
sfbg4630,TRAIN,2,17,0.9982671737670898
sfbg4630,TRAIN,2,18,0.9943047165870667
sfbg4630,TRAIN,2,19,0.9290063977241516
sfbg4630,TRAIN,2,20,0.9513436555862427
sfbg4630,TRAIN,3,1,0.9967689514160156
sfbg4630,TRAIN,3,2,0.992242693901062
sfbg4630,TRAIN,3,3,1.0000001192092896
sfbg4630,TRAIN,3,4,0.9967507123947144
sfbg4630,TRAIN,3,5,0.9914290904998779
sfbg4630,TRAIN,3,6,0.9900379180908203
sfbg4630,TRAIN,3,7,0.9891863465309143
sfbg4630,TRAIN,3,8,0.9912635087966919
sfbg4630,TRAIN,3,9,0.9943362474441528
sfbg4630,TRAIN,3,10,0.9925445914268494
sfbg4630,TRAIN,3,11,0.9932233095169067
sfbg4630,TRAIN,3,12,0.9660084843635559
sfbg4630,TRAIN,3,13,0.979485273361206
sfbg4630,TRAIN,3,14,0.992815375328064
sfbg4630,TRAIN,3,15,0.9889209270477295
sfbg4630,TRAIN,3,16,0.9861006736755371
sfbg4630,TRAIN,3,17,0.9924179315567017
sfbg4630,TRAIN,3,18,0.9944291114807129
sfbg4630,TRAIN,3,19,0.9339241981506348
sfbg4630,TRAIN,3,20,0.9518851637840271
sfbg4630,TRAIN,4,1,0.9974929690361023
sfbg4630,TRAIN,4,2,0.9967236518859863
sfbg4630,TRAIN,4,3,0.9967507123947144
sfbg4630,TRAIN,4,4,1.0000001192092896
sfbg4630,TRAIN,4,5,0.9968105554580688
sfbg4630,TRAIN,4,6,0.9953699707984924
sfbg4630,TRAIN,4,7,0.9956062436103821
sfbg4630,TRAIN,4,8,0.996507465839386
sfbg4630,TRAIN,4,9,0.9983907341957092
sfbg4630,TRAIN,4,10,0.9978042244911194
sfbg4630,TRAIN,4,11,0.9962981939315796
sfbg4630,TRAIN,4,12,0.9721911549568176
sfbg4630,TRAIN,4,13,0.9881405234336853
sfbg4630,TRAIN,4,14,0.9946781396865845
sfbg4630,TRAIN,4,15,0.9911100268363953
sfbg4630,TRAIN,4,16,0.9936663508415222
sfbg4630,TRAIN,4,17,0.9973220229148865
sfbg4630,TRAIN,4,18,0.9972180724143982
sfbg4630,TRAIN,4,19,0.936021625995636
sfbg4630,TRAIN,4,20,0.9551398158073425
sfbg4630,TRAIN,5,1,0.9953716397285461
sfbg4630,TRAIN,5,2,0.9992402195930481
sfbg4630,TRAIN,5,3,0.9914290904998779
sfbg4630,TRAIN,5,4,0.9968105554580688
sfbg4630,TRAIN,5,5,1.0000001192092896
sfbg4630,TRAIN,5,6,0.9980980753898621
sfbg4630,TRAIN,5,7,0.9980555772781372
sfbg4630,TRAIN,5,8,0.9939501881599426
sfbg4630,TRAIN,5,9,0.9973044991493225
sfbg4630,TRAIN,5,10,0.9967100620269775
sfbg4630,TRAIN,5,11,0.9929356575012207
sfbg4630,TRAIN,5,12,0.9822483062744141
sfbg4630,TRAIN,5,13,0.9934370517730713
sfbg4630,TRAIN,5,14,0.9952990412712097
sfbg4630,TRAIN,5,15,0.9858000874519348
sfbg4630,TRAIN,5,16,0.9949789047241211
sfbg4630,TRAIN,5,17,0.9972284436225891
sfbg4630,TRAIN,5,18,0.9943225383758545
sfbg4630,TRAIN,5,19,0.9322007894515991
sfbg4630,TRAIN,5,20,0.9532712697982788
sfbg4630,TRAIN,6,1,0.9961135983467102
sfbg4630,TRAIN,6,2,0.9985849261283875
sfbg4630,TRAIN,6,3,0.9900379180908203
sfbg4630,TRAIN,6,4,0.9953699707984924
sfbg4630,TRAIN,6,5,0.9980980753898621
sfbg4630,TRAIN,6,6,1.0000001192092896
sfbg4630,TRAIN,6,7,0.999241828918457
sfbg4630,TRAIN,6,8,0.995003342628479
sfbg4630,TRAIN,6,9,0.9971834421157837
sfbg4630,TRAIN,6,10,0.9965859651565552
sfbg4630,TRAIN,6,11,0.9941141605377197
sfbg4630,TRAIN,6,12,0.9836879968643188
sfbg4630,TRAIN,6,13,0.9966672658920288
sfbg4630,TRAIN,6,14,0.996069073677063
sfbg4630,TRAIN,6,15,0.9851614236831665
sfbg4630,TRAIN,6,16,0.9968550801277161
sfbg4630,TRAIN,6,17,0.9987783432006836
sfbg4630,TRAIN,6,18,0.9930910468101501
sfbg4630,TRAIN,6,19,0.9342272281646729
sfbg4630,TRAIN,6,20,0.9551864862442017
sfbg4630,TRAIN,7,1,0.9957485795021057
sfbg4630,TRAIN,7,2,0.998272180557251
sfbg4630,TRAIN,7,3,0.9891863465309143
sfbg4630,TRAIN,7,4,0.9956062436103821
sfbg4630,TRAIN,7,5,0.9980555772781372
sfbg4630,TRAIN,7,6,0.999241828918457
sfbg4630,TRAIN,7,7,1.0000001192092896
sfbg4630,TRAIN,7,8,0.9967999458312988
sfbg4630,TRAIN,7,9,0.997452437877655
sfbg4630,TRAIN,7,10,0.9960896968841553
sfbg4630,TRAIN,7,11,0.9931848645210266
sfbg4630,TRAIN,7,12,0.9816110134124756
sfbg4630,TRAIN,7,13,0.9968416690826416
sfbg4630,TRAIN,7,14,0.9954558610916138
sfbg4630,TRAIN,7,15,0.983934760093689
sfbg4630,TRAIN,7,16,0.9971485733985901
sfbg4630,TRAIN,7,17,0.9980987906455994
sfbg4630,TRAIN,7,18,0.9924390316009521
sfbg4630,TRAIN,7,19,0.9302288293838501
sfbg4630,TRAIN,7,20,0.9514850974082947
sfbg4630,TRAIN,8,1,0.9953561425209045
sfbg4630,TRAIN,8,2,0.9947827458381653
sfbg4630,TRAIN,8,3,0.9912635087966919
sfbg4630,TRAIN,8,4,0.996507465839386
sfbg4630,TRAIN,8,5,0.9939501881599426
sfbg4630,TRAIN,8,6,0.995003342628479
sfbg4630,TRAIN,8,7,0.9967999458312988
sfbg4630,TRAIN,8,8,1.0
sfbg4630,TRAIN,8,9,0.9980172514915466
sfbg4630,TRAIN,8,10,0.9960642457008362
sfbg4630,TRAIN,8,11,0.994891345500946
sfbg4630,TRAIN,8,12,0.9697954058647156
sfbg4630,TRAIN,8,13,0.9915581941604614
sfbg4630,TRAIN,8,14,0.992004930973053
sfbg4630,TRAIN,8,15,0.9850018620491028
sfbg4630,TRAIN,8,16,0.9954200983047485
sfbg4630,TRAIN,8,17,0.9957883954048157
sfbg4630,TRAIN,8,18,0.9934256076812744
sfbg4630,TRAIN,8,19,0.9307515025138855
sfbg4630,TRAIN,8,20,0.952052891254425
sfbg4630,TRAIN,9,1,0.9977315068244934
sfbg4630,TRAIN,9,2,0.9981992244720459
sfbg4630,TRAIN,9,3,0.9943362474441528
sfbg4630,TRAIN,9,4,0.9983907341957092
sfbg4630,TRAIN,9,5,0.9973044991493225
sfbg4630,TRAIN,9,6,0.9971834421157837
sfbg4630,TRAIN,9,7,0.997452437877655
sfbg4630,TRAIN,9,8,0.9980172514915466
sfbg4630,TRAIN,9,9,1.0000001192092896
sfbg4630,TRAIN,9,10,0.998152494430542
sfbg4630,TRAIN,9,11,0.996443510055542
sfbg4630,TRAIN,9,12,0.9751511216163635
sfbg4630,TRAIN,9,13,0.9928221106529236
sfbg4630,TRAIN,9,14,0.9966676831245422
sfbg4630,TRAIN,9,15,0.9906279444694519
sfbg4630,TRAIN,9,16,0.9973671436309814
sfbg4630,TRAIN,9,17,0.9983106255531311
sfbg4630,TRAIN,9,18,0.9971948862075806
sfbg4630,TRAIN,9,19,0.9358606934547424
sfbg4630,TRAIN,9,20,0.9578160643577576
sfbg4630,TRAIN,10,1,0.9965019822120667
sfbg4630,TRAIN,10,2,0.9961333870887756
sfbg4630,TRAIN,10,3,0.9925445914268494
sfbg4630,TRAIN,10,4,0.9978042244911194
sfbg4630,TRAIN,10,5,0.9967100620269775
sfbg4630,TRAIN,10,6,0.9965859651565552
sfbg4630,TRAIN,10,7,0.9960896968841553
sfbg4630,TRAIN,10,8,0.9960642457008362
sfbg4630,TRAIN,10,9,0.998152494430542
sfbg4630,TRAIN,10,10,0.9999999403953552
sfbg4630,TRAIN,10,11,0.9986394643783569
sfbg4630,TRAIN,10,12,0.9795544147491455
sfbg4630,TRAIN,10,13,0.9900453090667725
sfbg4630,TRAIN,10,14,0.992824912071228
sfbg4630,TRAIN,10,15,0.9922595024108887
sfbg4630,TRAIN,10,16,0.9961155652999878
sfbg4630,TRAIN,10,17,0.9968858361244202
sfbg4630,TRAIN,10,18,0.998232901096344
sfbg4630,TRAIN,10,19,0.9490127563476562
sfbg4630,TRAIN,10,20,0.9679757356643677
sfbg4630,TRAIN,11,1,0.9965789914131165
sfbg4630,TRAIN,11,2,0.9931493401527405
sfbg4630,TRAIN,11,3,0.9932233095169067
sfbg4630,TRAIN,11,4,0.9962981939315796
sfbg4630,TRAIN,11,5,0.9929356575012207
sfbg4630,TRAIN,11,6,0.9941141605377197
sfbg4630,TRAIN,11,7,0.9931848645210266
sfbg4630,TRAIN,11,8,0.994891345500946
sfbg4630,TRAIN,11,9,0.996443510055542
sfbg4630,TRAIN,11,10,0.9986394643783569
sfbg4630,TRAIN,11,11,1.0
sfbg4630,TRAIN,11,12,0.9783433675765991
sfbg4630,TRAIN,11,13,0.9855406284332275
sfbg4630,TRAIN,11,14,0.9907850027084351
sfbg4630,TRAIN,11,15,0.9935854077339172
sfbg4630,TRAIN,11,16,0.9931046962738037
sfbg4630,TRAIN,11,17,0.9946951270103455
sfbg4630,TRAIN,11,18,0.9982272982597351
sfbg4630,TRAIN,11,19,0.9570262432098389
sfbg4630,TRAIN,11,20,0.9731186032295227
sfbg4630,TRAIN,12,1,0.977202832698822
sfbg4630,TRAIN,12,2,0.9798551797866821
sfbg4630,TRAIN,12,3,0.9660084843635559
sfbg4630,TRAIN,12,4,0.9721911549568176
sfbg4630,TRAIN,12,5,0.9822483062744141
sfbg4630,TRAIN,12,6,0.9836879968643188
sfbg4630,TRAIN,12,7,0.9816110134124756
sfbg4630,TRAIN,12,8,0.9697954058647156
sfbg4630,TRAIN,12,9,0.9751511216163635
sfbg4630,TRAIN,12,10,0.9795544147491455
sfbg4630,TRAIN,12,11,0.9783433675765991
sfbg4630,TRAIN,12,12,0.9999998807907104
sfbg4630,TRAIN,12,13,0.9788762927055359
sfbg4630,TRAIN,12,14,0.9756327271461487
sfbg4630,TRAIN,12,15,0.9724975228309631
sfbg4630,TRAIN,12,16,0.9776760339736938
sfbg4630,TRAIN,12,17,0.9772355556488037
sfbg4630,TRAIN,12,18,0.976170003414154
sfbg4630,TRAIN,12,19,0.9563809037208557
sfbg4630,TRAIN,12,20,0.9680591225624084
sfbg4630,TRAIN,13,1,0.9887953400611877
sfbg4630,TRAIN,13,2,0.9946749806404114
sfbg4630,TRAIN,13,3,0.979485273361206
sfbg4630,TRAIN,13,4,0.9881405234336853
sfbg4630,TRAIN,13,5,0.9934370517730713
sfbg4630,TRAIN,13,6,0.9966672658920288
sfbg4630,TRAIN,13,7,0.9968416690826416
sfbg4630,TRAIN,13,8,0.9915581941604614
sfbg4630,TRAIN,13,9,0.9928221106529236
sfbg4630,TRAIN,13,10,0.9900453090667725
sfbg4630,TRAIN,13,11,0.9855406284332275
sfbg4630,TRAIN,13,12,0.9788762927055359
sfbg4630,TRAIN,13,13,1.0000001192092896
sfbg4630,TRAIN,13,14,0.9928452372550964
sfbg4630,TRAIN,13,15,0.9766547679901123
sfbg4630,TRAIN,13,16,0.9966103434562683
sfbg4630,TRAIN,13,17,0.9954917430877686
sfbg4630,TRAIN,13,18,0.984569251537323
sfbg4630,TRAIN,13,19,0.9181761741638184
sfbg4630,TRAIN,13,20,0.943714439868927
sfbg4630,TRAIN,14,1,0.9970874786376953
sfbg4630,TRAIN,14,2,0.9971520304679871
sfbg4630,TRAIN,14,3,0.992815375328064
sfbg4630,TRAIN,14,4,0.9946781396865845
sfbg4630,TRAIN,14,5,0.9952990412712097
sfbg4630,TRAIN,14,6,0.996069073677063
sfbg4630,TRAIN,14,7,0.9954558610916138
sfbg4630,TRAIN,14,8,0.992004930973053
sfbg4630,TRAIN,14,9,0.9966676831245422
sfbg4630,TRAIN,14,10,0.992824912071228
sfbg4630,TRAIN,14,11,0.9907850027084351
sfbg4630,TRAIN,14,12,0.9756327271461487
sfbg4630,TRAIN,14,13,0.9928452372550964
sfbg4630,TRAIN,14,14,1.0
sfbg4630,TRAIN,14,15,0.9890809059143066
sfbg4630,TRAIN,14,16,0.9954879879951477
sfbg4630,TRAIN,14,17,0.997426450252533
sfbg4630,TRAIN,14,18,0.9934056401252747
sfbg4630,TRAIN,14,19,0.9284126162528992
sfbg4630,TRAIN,14,20,0.9510335922241211
sfbg4630,TRAIN,15,1,0.9917299151420593
sfbg4630,TRAIN,15,2,0.9860469102859497
sfbg4630,TRAIN,15,3,0.9889209270477295
sfbg4630,TRAIN,15,4,0.9911100268363953
sfbg4630,TRAIN,15,5,0.9858000874519348
sfbg4630,TRAIN,15,6,0.9851614236831665
sfbg4630,TRAIN,15,7,0.983934760093689
sfbg4630,TRAIN,15,8,0.9850018620491028
sfbg4630,TRAIN,15,9,0.9906279444694519
sfbg4630,TRAIN,15,10,0.9922595024108887
sfbg4630,TRAIN,15,11,0.9935854077339172
sfbg4630,TRAIN,15,12,0.9724975228309631
sfbg4630,TRAIN,15,13,0.9766547679901123
sfbg4630,TRAIN,15,14,0.9890809059143066
sfbg4630,TRAIN,15,15,1.0
sfbg4630,TRAIN,15,16,0.9888331890106201
sfbg4630,TRAIN,15,17,0.9886331558227539
sfbg4630,TRAIN,15,18,0.9962369799613953
sfbg4630,TRAIN,15,19,0.9626853466033936
sfbg4630,TRAIN,15,20,0.9775729775428772
sfbg4630,TRAIN,16,1,0.9941632747650146
sfbg4630,TRAIN,16,2,0.9958134889602661
sfbg4630,TRAIN,16,3,0.9861006736755371
sfbg4630,TRAIN,16,4,0.9936663508415222
sfbg4630,TRAIN,16,5,0.9949789047241211
sfbg4630,TRAIN,16,6,0.9968550801277161
sfbg4630,TRAIN,16,7,0.9971485733985901
sfbg4630,TRAIN,16,8,0.9954200983047485
sfbg4630,TRAIN,16,9,0.9973671436309814
sfbg4630,TRAIN,16,10,0.9961155652999878
sfbg4630,TRAIN,16,11,0.9931046962738037
sfbg4630,TRAIN,16,12,0.9776760339736938
sfbg4630,TRAIN,16,13,0.9966103434562683
sfbg4630,TRAIN,16,14,0.9954879879951477
sfbg4630,TRAIN,16,15,0.9888331890106201
sfbg4630,TRAIN,16,16,1.0000001192092896
sfbg4630,TRAIN,16,17,0.9973708987236023
sfbg4630,TRAIN,16,18,0.9936844706535339
sfbg4630,TRAIN,16,19,0.9365396499633789
sfbg4630,TRAIN,16,20,0.960024356842041
sfbg4630,TRAIN,17,1,0.9969967007637024
sfbg4630,TRAIN,17,2,0.9982671737670898
sfbg4630,TRAIN,17,3,0.9924179315567017
sfbg4630,TRAIN,17,4,0.9973220229148865
sfbg4630,TRAIN,17,5,0.9972284436225891
sfbg4630,TRAIN,17,6,0.9987783432006836
sfbg4630,TRAIN,17,7,0.9980987906455994
sfbg4630,TRAIN,17,8,0.9957883954048157
sfbg4630,TRAIN,17,9,0.9983106255531311
sfbg4630,TRAIN,17,10,0.9968858361244202
sfbg4630,TRAIN,17,11,0.9946951270103455
sfbg4630,TRAIN,17,12,0.9772355556488037
sfbg4630,TRAIN,17,13,0.9954917430877686
sfbg4630,TRAIN,17,14,0.997426450252533
sfbg4630,TRAIN,17,15,0.9886331558227539
sfbg4630,TRAIN,17,16,0.9973708987236023
sfbg4630,TRAIN,17,17,1.0000001192092896
sfbg4630,TRAIN,17,18,0.9947628974914551
sfbg4630,TRAIN,17,19,0.9320656657218933
sfbg4630,TRAIN,17,20,0.953596830368042
sfbg4630,TRAIN,18,1,0.997161865234375
sfbg4630,TRAIN,18,2,0.9943047165870667
sfbg4630,TRAIN,18,3,0.9944291114807129
sfbg4630,TRAIN,18,4,0.9972180724143982
sfbg4630,TRAIN,18,5,0.9943225383758545
sfbg4630,TRAIN,18,6,0.9930910468101501
sfbg4630,TRAIN,18,7,0.9924390316009521
sfbg4630,TRAIN,18,8,0.9934256076812744
sfbg4630,TRAIN,18,9,0.9971948862075806
sfbg4630,TRAIN,18,10,0.998232901096344
sfbg4630,TRAIN,18,11,0.9982272982597351
sfbg4630,TRAIN,18,12,0.976170003414154
sfbg4630,TRAIN,18,13,0.984569251537323
sfbg4630,TRAIN,18,14,0.9934056401252747
sfbg4630,TRAIN,18,15,0.9962369799613953
sfbg4630,TRAIN,18,16,0.9936844706535339
sfbg4630,TRAIN,18,17,0.9947628974914551
sfbg4630,TRAIN,18,18,1.0
sfbg4630,TRAIN,18,19,0.9539875984191895
sfbg4630,TRAIN,18,20,0.9713433980941772
sfbg4630,TRAIN,19,1,0.9428412318229675
sfbg4630,TRAIN,19,2,0.9290063977241516
sfbg4630,TRAIN,19,3,0.9339241981506348
sfbg4630,TRAIN,19,4,0.936021625995636
sfbg4630,TRAIN,19,5,0.9322007894515991
sfbg4630,TRAIN,19,6,0.9342272281646729
sfbg4630,TRAIN,19,7,0.9302288293838501
sfbg4630,TRAIN,19,8,0.9307515025138855
sfbg4630,TRAIN,19,9,0.9358606934547424
sfbg4630,TRAIN,19,10,0.9490127563476562
sfbg4630,TRAIN,19,11,0.9570262432098389
sfbg4630,TRAIN,19,12,0.9563809037208557
sfbg4630,TRAIN,19,13,0.9181761741638184
sfbg4630,TRAIN,19,14,0.9284126162528992
sfbg4630,TRAIN,19,15,0.9626853466033936
sfbg4630,TRAIN,19,16,0.9365396499633789
sfbg4630,TRAIN,19,17,0.9320656657218933
sfbg4630,TRAIN,19,18,0.9539875984191895
sfbg4630,TRAIN,19,19,1.0000001192092896
sfbg4630,TRAIN,19,20,0.9945806264877319
sfbg4630,TRAIN,20,1,0.9609429836273193
sfbg4630,TRAIN,20,2,0.9513436555862427
sfbg4630,TRAIN,20,3,0.9518851637840271
sfbg4630,TRAIN,20,4,0.9551398158073425
sfbg4630,TRAIN,20,5,0.9532712697982788
sfbg4630,TRAIN,20,6,0.9551864862442017
sfbg4630,TRAIN,20,7,0.9514850974082947
sfbg4630,TRAIN,20,8,0.952052891254425
sfbg4630,TRAIN,20,9,0.9578160643577576
sfbg4630,TRAIN,20,10,0.9679757356643677
sfbg4630,TRAIN,20,11,0.9731186032295227
sfbg4630,TRAIN,20,12,0.9680591225624084
sfbg4630,TRAIN,20,13,0.943714439868927
sfbg4630,TRAIN,20,14,0.9510335922241211
sfbg4630,TRAIN,20,15,0.9775729775428772
sfbg4630,TRAIN,20,16,0.960024356842041
sfbg4630,TRAIN,20,17,0.953596830368042
sfbg4630,TRAIN,20,18,0.9713433980941772
sfbg4630,TRAIN,20,19,0.9945806264877319
sfbg4630,TRAIN,20,20,1.0000001192092896
