split,video,frame_idx,obj_idx,object_id,n_objects,self_anchor_cos_fp32,max_tracked_competitor_cos_fp32,competitor_object_id,identity_margin_fp32,object_score_logit,object_score_prob,distance_to_no_obj_ptr,obj_ptr_l2_norm
TRAIN,sfbg4630,1,0,1,20,-0.19477832317352295,-0.1243012398481369,19,-0.07047708332538605,-7.25,0.0007096704212017357,0.0,2.8216605186462402
TRAIN,sfbg4630,1,1,2,20,-0.20196793973445892,-0.1243012398481369,19,-0.07766669988632202,-6.125,0.002182716503739357,0.0,2.8216605186462402
TRAIN,sfbg4630,1,2,3,20,-0.20892120897769928,-0.1243012398481369,19,-0.08461996912956238,-7.3125,0.0006667023408226669,0.0,2.8216605186462402
TRAIN,sfbg4630,1,3,4,20,-0.2044040411710739,-0.1243012398481369,19,-0.08010280132293701,-5.375,0.004609572235494852,0.0,2.8216605186462402
TRAIN,sfbg4630,1,4,5,20,-0.2015400379896164,-0.1243012398481369,19,-0.07723879814147949,-1.6640625,0.15921740233898163,0.0,2.8216605186462402
TRAIN,sfbg4630,1,5,6,20,-0.19469790160655975,-0.1243012398481369,19,-0.07039666175842285,-0.61328125,0.351311057806015,0.0,2.8216605186462402
TRAIN,sfbg4630,1,6,7,20,-0.19308046996593475,-0.1243012398481369,19,-0.06877923011779785,-4.09375,0.01640303246676922,0.0,2.8216605186462402
TRAIN,sfbg4630,1,7,8,20,-0.19905482232570648,-0.1243012398481369,19,-0.07475358247756958,-5.0,0.006692850962281227,0.0,2.8216605186462402
TRAIN,sfbg4630,1,8,9,20,-0.20574679970741272,-0.1243012398481369,19,-0.08144555985927582,-6.6875,0.0012448433553799987,0.0,2.8216605186462402
TRAIN,sfbg4630,1,9,10,20,-0.20670829713344574,-0.1243012398481369,19,-0.08240705728530884,-2.890625,0.052618950605392456,0.0,2.8216605186462402
TRAIN,sfbg4630,1,10,11,20,-0.19787190854549408,-0.1243012398481369,19,-0.07357066869735718,-5.71875,0.003273064736276865,0.0,2.8216605186462402
TRAIN,sfbg4630,1,11,12,20,-0.14621908962726593,-0.1243012398481369,19,-0.02191784977912903,-5.71875,0.003273064736276865,0.0,2.8216605186462402
TRAIN,sfbg4630,1,12,13,20,-0.18789994716644287,-0.1243012398481369,19,-0.06359870731830597,-4.46875,0.011331753805279732,0.0,2.8216605186462402
TRAIN,sfbg4630,1,13,14,20,-0.19298534095287323,-0.1243012398481369,19,-0.06868410110473633,-6.1875,0.0020507434383034706,0.0,2.8216605186462402
TRAIN,sfbg4630,1,14,15,20,-0.1911664456129074,-0.1243012398481369,19,-0.06686520576477051,-4.0625,0.016914913430809975,0.0,2.8216605186462402
TRAIN,sfbg4630,1,15,16,20,-0.20001837611198425,-0.1243012398481369,19,-0.07571713626384735,-5.21875,0.005384937860071659,0.0,2.8216605186462402
TRAIN,sfbg4630,1,16,17,20,-0.19814734160900116,-0.1243012398481369,19,-0.07384610176086426,-2.90625,0.05184546485543251,0.0,2.8216605186462402
TRAIN,sfbg4630,1,17,18,20,-0.20441432297229767,-0.1243012398481369,19,-0.08011308312416077,-6.28125,0.0018675660248845816,0.0,2.8216605186462402
TRAIN,sfbg4630,1,18,19,20,-0.1243012398481369,-0.14621908962726593,12,0.02191784977912903,-6.28125,0.0018675660248845816,0.0,2.8216605186462402
TRAIN,sfbg4630,1,19,20,20,-0.16091711819171906,-0.1243012398481369,19,-0.03661587834358215,-5.09375,0.0060975621454417706,0.0,2.8216605186462402
TRAIN,sfbg4630,2,0,1,20,-0.19477832317352295,-0.1243012398481369,19,-0.07047708332538605,-8.25,0.0002611903182696551,0.0,2.8216605186462402
TRAIN,sfbg4630,2,1,2,20,-0.20196793973445892,-0.1243012398481369,19,-0.07766669988632202,-7.75,0.00043055712012574077,0.0,2.8216605186462402
TRAIN,sfbg4630,2,2,3,20,-0.20892120897769928,-0.1243012398481369,19,-0.08461996912956238,-8.3125,0.00024536947603337467,0.0,2.8216605186462402
TRAIN,sfbg4630,2,3,4,20,-0.2044040411710739,-0.1243012398481369,19,-0.08010280132293701,-7.59375,0.000503335555549711,0.0,2.8216605186462402
TRAIN,sfbg4630,2,4,5,20,-0.2015400379896164,-0.1243012398481369,19,-0.07723879814147949,-6.875,0.0010322310263291001,0.0,2.8216605186462402
TRAIN,sfbg4630,2,5,6,20,-0.19469790160655975,-0.1243012398481369,19,-0.07039666175842285,-6.5,0.0015011823270469904,0.0,2.8216605186462402
TRAIN,sfbg4630,2,6,7,20,-0.19308046996593475,-0.1243012398481369,19,-0.06877923011779785,-7.0,0.0009110511746257544,0.0,2.8216605186462402
TRAIN,sfbg4630,2,7,8,20,-0.19905482232570648,-0.1243012398481369,19,-0.07475358247756958,-7.28125,0.0006878511630930007,0.0,2.8216605186462402
TRAIN,sfbg4630,2,8,9,20,-0.20574679970741272,-0.1243012398481369,19,-0.08144555985927582,-7.40625,0.0006070755189284682,0.0,2.8216605186462402
TRAIN,sfbg4630,2,9,10,20,-0.20670829713344574,-0.1243012398481369,19,-0.08240705728530884,-4.9375,0.00712142838165164,0.0,2.8216605186462402
TRAIN,sfbg4630,2,10,11,20,-0.19787190854549408,-0.1243012398481369,19,-0.07357066869735718,-7.25,0.0007096704212017357,0.0,2.8216605186462402
TRAIN,sfbg4630,2,11,12,20,-0.14621908962726593,-0.1243012398481369,19,-0.02191784977912903,-6.59375,0.0013670255430042744,0.0,2.8216605186462402
TRAIN,sfbg4630,2,12,13,20,-0.18789994716644287,-0.1243012398481369,19,-0.06359870731830597,-5.8125,0.0029810327105224133,0.0,2.8216605186462402
TRAIN,sfbg4630,2,13,14,20,-0.19298534095287323,-0.1243012398481369,19,-0.06868410110473633,-6.46875,0.0015487611526623368,0.0,2.8216605186462402
TRAIN,sfbg4630,2,14,15,20,-0.1911664456129074,-0.1243012398481369,19,-0.06686520576477051,-6.9375,0.0009697519708424807,0.0,2.8216605186462402
TRAIN,sfbg4630,2,15,16,20,-0.20001837611198425,-0.1243012398481369,19,-0.07571713626384735,-6.96875,0.0009399438858963549,0.0,2.8216605186462402
TRAIN,sfbg4630,2,16,17,20,-0.19814734160900116,-0.1243012398481369,19,-0.07384610176086426,-6.09375,0.002251847181469202,0.0,2.8216605186462402
TRAIN,sfbg4630,2,17,18,20,-0.20441432297229767,-0.1243012398481369,19,-0.08011308312416077,-7.3125,0.0006667023408226669,0.0,2.8216605186462402
TRAIN,sfbg4630,2,18,19,20,-0.1243012398481369,-0.14621908962726593,12,0.02191784977912903,-7.03125,0.0008830457809381187,0.0,2.8216605186462402
TRAIN,sfbg4630,2,19,20,20,-0.16091711819171906,-0.1243012398481369,19,-0.03661587834358215,-7.40625,0.0006070755189284682,0.0,2.8216605186462402
TRAIN,sfbg4630,3,0,1,20,-0.19477832317352295,-0.1243012398481369,19,-0.07047708332538605,-8.1875,0.0002780309587251395,0.0,2.8216605186462402
TRAIN,sfbg4630,3,1,2,20,-0.20196793973445892,-0.1243012398481369,19,-0.07766669988632202,-7.4375,0.0005884087877348065,0.0,2.8216605186462402
TRAIN,sfbg4630,3,2,3,20,-0.20892120897769928,-0.1243012398481369,19,-0.08461996912956238,-8.0625,0.0003150386910419911,0.0,2.8216605186462402
TRAIN,sfbg4630,3,3,4,20,-0.2044040411710739,-0.1243012398481369,19,-0.08010280132293701,-7.15625,0.0007793660624884069,0.0,2.8216605186462402
TRAIN,sfbg4630,3,4,5,20,-0.2015400379896164,-0.1243012398481369,19,-0.07723879814147949,-7.15625,0.0007793660624884069,0.0,2.8216605186462402
TRAIN,sfbg4630,3,5,6,20,-0.19469790160655975,-0.1243012398481369,19,-0.07039666175842285,-7.0625,0.0008559006964787841,0.0,2.8216605186462402
TRAIN,sfbg4630,3,6,7,20,-0.19308046996593475,-0.1243012398481369,19,-0.06877923011779785,-6.71875,0.0012065897462889552,0.0,2.8216605186462402
TRAIN,sfbg4630,3,7,8,20,-0.19905482232570648,-0.1243012398481369,19,-0.07475358247756958,-7.0,0.0009110511746257544,0.0,2.8216605186462402
TRAIN,sfbg4630,3,8,9,20,-0.20574679970741272,-0.1243012398481369,19,-0.08144555985927582,-7.28125,0.0006878511630930007,0.0,2.8216605186462402
TRAIN,sfbg4630,3,9,10,20,-0.20670829713344574,-0.1243012398481369,19,-0.08240705728530884,-7.71875,0.0004442183708306402,0.0,2.8216605186462402
TRAIN,sfbg4630,3,10,11,20,-0.19787190854549408,-0.1243012398481369,19,-0.07357066869735718,-7.3125,0.0006667023408226669,0.0,2.8216605186462402
TRAIN,sfbg4630,3,11,12,20,-0.14621908962726593,-0.1243012398481369,19,-0.02191784977912903,-6.53125,0.0014550630003213882,0.0,2.8216605186462402
TRAIN,sfbg4630,3,12,13,20,-0.18789994716644287,-0.1243012398481369,19,-0.06359870731830597,-5.875,0.0028009270317852497,0.0,2.8216605186462402
TRAIN,sfbg4630,3,13,14,20,-0.19298534095287323,-0.1243012398481369,19,-0.06868410110473633,-6.28125,0.0018675660248845816,0.0,2.8216605186462402
TRAIN,sfbg4630,3,14,15,20,-0.1911664456129074,-0.1243012398481369,19,-0.06686520576477051,-6.96875,0.0009399438858963549,0.0,2.8216605186462402
TRAIN,sfbg4630,3,15,16,20,-0.20001837611198425,-0.1243012398481369,19,-0.07571713626384735,-7.09375,0.0008295892039313912,0.0,2.8216605186462402
TRAIN,sfbg4630,3,16,17,20,-0.19814734160900116,-0.1243012398481369,19,-0.07384610176086426,-7.03125,0.0008830457809381187,0.0,2.8216605186462402
TRAIN,sfbg4630,3,17,18,20,-0.20441432297229767,-0.1243012398481369,19,-0.08011308312416077,-7.40625,0.0006070755189284682,0.0,2.8216605186462402
TRAIN,sfbg4630,3,18,19,20,-0.1243012398481369,-0.14621908962726593,12,0.02191784977912903,-7.3125,0.0006667023408226669,0.0,2.8216605186462402
TRAIN,sfbg4630,3,19,20,20,-0.16091711819171906,-0.1243012398481369,19,-0.03661587834358215,-7.375,0.000626334105618298,0.0,2.8216605186462402
