split,video,object_id_i,object_id_j,cosine_fp32
TRAIN,0442a954,1,1,1.0
TRAIN,0442a954,1,2,0.9826955795288086
TRAIN,0442a954,2,1,0.9826955795288086
TRAIN,0442a954,2,2,1.0
TRAIN,0f7r7f3f,1,1,1.0
TRAIN,0f7r7f3f,1,2,0.9370428919792175
TRAIN,0f7r7f3f,2,1,0.9370428919792175
TRAIN,0f7r7f3f,2,2,1.0000001192092896
TRAIN,181ec185,1,1,1.0
TRAIN,181ec185,1,2,0.9814605116844177
TRAIN,181ec185,1,3,0.9752764701843262
TRAIN,181ec185,1,4,0.9702178239822388
TRAIN,181ec185,1,5,0.9743524789810181
TRAIN,181ec185,1,6,0.9785663485527039
TRAIN,181ec185,1,7,0.9575684070587158
TRAIN,181ec185,1,8,0.9478996396064758
TRAIN,181ec185,1,9,0.9609898328781128
TRAIN,181ec185,2,1,0.9814605116844177
TRAIN,181ec185,2,2,1.0
TRAIN,181ec185,2,3,0.9872111678123474
TRAIN,181ec185,2,4,0.9894366264343262
TRAIN,181ec185,2,5,0.9887394309043884
TRAIN,181ec185,2,6,0.9927546977996826
TRAIN,181ec185,2,7,0.9872381091117859
TRAIN,181ec185,2,8,0.9795590043067932
TRAIN,181ec185,2,9,0.9880067706108093
TRAIN,181ec185,3,1,0.9752764701843262
TRAIN,181ec185,3,2,0.9872111678123474
TRAIN,181ec185,3,3,0.9999999403953552
TRAIN,181ec185,3,4,0.9890978932380676
TRAIN,181ec185,3,5,0.9936673641204834
TRAIN,181ec185,3,6,0.9884393215179443
TRAIN,181ec185,3,7,0.9875178337097168
TRAIN,181ec185,3,8,0.9883406758308411
TRAIN,181ec185,3,9,0.9936957359313965
TRAIN,181ec185,4,1,0.9702178239822388
TRAIN,181ec185,4,2,0.9894366264343262
TRAIN,181ec185,4,3,0.9890978932380676
TRAIN,181ec185,4,4,1.0
TRAIN,181ec185,4,5,0.9916521906852722
TRAIN,181ec185,4,6,0.9958160519599915
TRAIN,181ec185,4,7,0.990085244178772
TRAIN,181ec185,4,8,0.9808623790740967
TRAIN,181ec185,4,9,0.9913998246192932
TRAIN,181ec185,5,1,0.9743524789810181
TRAIN,181ec185,5,2,0.9887394309043884
TRAIN,181ec185,5,3,0.9936673641204834
TRAIN,181ec185,5,4,0.9916521906852722
TRAIN,181ec185,5,5,1.0000001192092896
TRAIN,181ec185,5,6,0.9965561628341675
TRAIN,181ec185,5,7,0.9905096888542175
TRAIN,181ec185,5,8,0.9797998666763306
TRAIN,181ec185,5,9,0.9957095980644226
TRAIN,181ec185,6,1,0.9785663485527039
TRAIN,181ec185,6,2,0.9927546977996826
TRAIN,181ec185,6,3,0.9884393215179443
TRAIN,181ec185,6,4,0.9958160519599915
TRAIN,181ec185,6,5,0.9965561628341675
TRAIN,181ec185,6,6,1.0
TRAIN,181ec185,6,7,0.9899023771286011
TRAIN,181ec185,6,8,0.9745529294013977
TRAIN,181ec185,6,9,0.9918212890625
TRAIN,181ec185,7,1,0.9575684070587158
TRAIN,181ec185,7,2,0.9872381091117859
TRAIN,181ec185,7,3,0.9875178337097168
TRAIN,181ec185,7,4,0.990085244178772
TRAIN,181ec185,7,5,0.9905096888542175
TRAIN,181ec185,7,6,0.9899023771286011
TRAIN,181ec185,7,7,1.0
TRAIN,181ec185,7,8,0.9923497438430786
TRAIN,181ec185,7,9,0.9973885416984558
TRAIN,181ec185,8,1,0.9478996396064758
TRAIN,181ec185,8,2,0.9795590043067932
TRAIN,181ec185,8,3,0.9883406758308411
TRAIN,181ec185,8,4,0.9808623790740967
TRAIN,181ec185,8,5,0.9797998666763306
TRAIN,181ec185,8,6,0.9745529294013977
TRAIN,181ec185,8,7,0.9923497438430786
TRAIN,181ec185,8,8,1.0
TRAIN,181ec185,8,9,0.9921904802322388
TRAIN,181ec185,9,1,0.9609898328781128
TRAIN,181ec185,9,2,0.9880067706108093
TRAIN,181ec185,9,3,0.9936957359313965
TRAIN,181ec185,9,4,0.9913998246192932
TRAIN,181ec185,9,5,0.9957095980644226
TRAIN,181ec185,9,6,0.9918212890625
TRAIN,181ec185,9,7,0.9973885416984558
TRAIN,181ec185,9,8,0.9921904802322388
TRAIN,181ec185,9,9,0.9999999403953552
TRAIN,3142014e,1,1,1.0
TRAIN,3142014e,1,2,0.9747897982597351
TRAIN,3142014e,2,1,0.9747897982597351
TRAIN,3142014e,2,2,1.0
TRAIN,5a064706,1,1,1.0000001192092896
TRAIN,5a064706,1,2,0.9979603886604309
TRAIN,5a064706,1,3,0.9912833571434021
TRAIN,5a064706,1,4,0.99327552318573
TRAIN,5a064706,1,5,0.980994462966919
TRAIN,5a064706,1,6,0.9768102765083313
TRAIN,5a064706,2,1,0.9979603886604309
TRAIN,5a064706,2,2,1.0000001192092896
TRAIN,5a064706,2,3,0.9927057027816772
TRAIN,5a064706,2,4,0.9917644262313843
TRAIN,5a064706,2,5,0.9797769784927368
TRAIN,5a064706,2,6,0.9795946478843689
TRAIN,5a064706,3,1,0.9912833571434021
TRAIN,5a064706,3,2,0.9927057027816772
TRAIN,5a064706,3,3,0.9999999403953552
TRAIN,5a064706,3,4,0.9948248267173767
TRAIN,5a064706,3,5,0.992688775062561
TRAIN,5a064706,3,6,0.9894368648529053
TRAIN,5a064706,4,1,0.99327552318573
TRAIN,5a064706,4,2,0.9917644262313843
TRAIN,5a064706,4,3,0.9948248267173767
TRAIN,5a064706,4,4,1.0000001192092896
TRAIN,5a064706,4,5,0.9941701889038086
TRAIN,5a064706,4,6,0.9830758571624756
TRAIN,5a064706,5,1,0.980994462966919
TRAIN,5a064706,5,2,0.9797769784927368
TRAIN,5a064706,5,3,0.992688775062561
TRAIN,5a064706,5,4,0.9941701889038086
TRAIN,5a064706,5,5,1.0
TRAIN,5a064706,5,6,0.9874323606491089
TRAIN,5a064706,6,1,0.9768102765083313
TRAIN,5a064706,6,2,0.9795946478843689
TRAIN,5a064706,6,3,0.9894368648529053
TRAIN,5a064706,6,4,0.9830758571624756
TRAIN,5a064706,6,5,0.9874323606491089
TRAIN,5a064706,6,6,0.9999999403953552
TRAIN,5hcafebs,1,1,0.9999998807907104
TRAIN,5hcafebs,1,2,0.9671883583068848
TRAIN,5hcafebs,1,3,-0.20558477938175201
TRAIN,5hcafebs,1,4,-0.20558477938175201
TRAIN,5hcafebs,1,5,0.9846644401550293
TRAIN,5hcafebs,1,6,0.998150646686554
TRAIN,5hcafebs,1,7,0.994109570980072
TRAIN,5hcafebs,1,8,0.9833850264549255
TRAIN,5hcafebs,1,9,0.9915006160736084
TRAIN,5hcafebs,1,10,0.9756177067756653
TRAIN,5hcafebs,2,1,0.9671883583068848
TRAIN,5hcafebs,2,2,1.0
TRAIN,5hcafebs,2,3,-0.227470263838768
TRAIN,5hcafebs,2,4,-0.227470263838768
TRAIN,5hcafebs,2,5,0.9893901944160461
TRAIN,5hcafebs,2,6,0.9611640572547913
TRAIN,5hcafebs,2,7,0.9710375666618347
TRAIN,5hcafebs,2,8,0.9685578942298889
TRAIN,5hcafebs,2,9,0.9800134301185608
TRAIN,5hcafebs,2,10,0.9801100492477417
TRAIN,5hcafebs,3,1,-0.20558477938175201
TRAIN,5hcafebs,3,2,-0.227470263838768
TRAIN,5hcafebs,3,3,0.9999998807907104
TRAIN,5hcafebs,3,4,0.9999998807907104
TRAIN,5hcafebs,3,5,-0.21340417861938477
TRAIN,5hcafebs,3,6,-0.20672078430652618
TRAIN,5hcafebs,3,7,-0.18084639310836792
TRAIN,5hcafebs,3,8,-0.20210988819599152
TRAIN,5hcafebs,3,9,-0.222246915102005
TRAIN,5hcafebs,3,10,-0.22711201012134552
TRAIN,5hcafebs,4,1,-0.20558477938175201
TRAIN,5hcafebs,4,2,-0.227470263838768
TRAIN,5hcafebs,4,3,0.9999998807907104
TRAIN,5hcafebs,4,4,0.9999998807907104
TRAIN,5hcafebs,4,5,-0.21340417861938477
TRAIN,5hcafebs,4,6,-0.20672078430652618
TRAIN,5hcafebs,4,7,-0.18084639310836792
TRAIN,5hcafebs,4,8,-0.20210988819599152
TRAIN,5hcafebs,4,9,-0.222246915102005
TRAIN,5hcafebs,4,10,-0.22711201012134552
TRAIN,5hcafebs,5,1,0.9846644401550293
TRAIN,5hcafebs,5,2,0.9893901944160461
TRAIN,5hcafebs,5,3,-0.21340417861938477
TRAIN,5hcafebs,5,4,-0.21340417861938477
TRAIN,5hcafebs,5,5,1.0000001192092896
TRAIN,5hcafebs,5,6,0.9816907644271851
TRAIN,5hcafebs,5,7,0.9910392165184021
TRAIN,5hcafebs,5,8,0.9756568670272827
TRAIN,5hcafebs,5,9,0.9830479621887207
TRAIN,5hcafebs,5,10,0.9883659482002258
TRAIN,5hcafebs,6,1,0.998150646686554
TRAIN,5hcafebs,6,2,0.9611640572547913
TRAIN,5hcafebs,6,3,-0.20672078430652618
TRAIN,5hcafebs,6,4,-0.20672078430652618
TRAIN,5hcafebs,6,5,0.9816907644271851
TRAIN,5hcafebs,6,6,0.9999999403953552
TRAIN,5hcafebs,6,7,0.9943816065788269
TRAIN,5hcafebs,6,8,0.980561375617981
TRAIN,5hcafebs,6,9,0.9873018860816956
TRAIN,5hcafebs,6,10,0.9745039939880371
TRAIN,5hcafebs,7,1,0.994109570980072
TRAIN,5hcafebs,7,2,0.9710375666618347
TRAIN,5hcafebs,7,3,-0.18084639310836792
TRAIN,5hcafebs,7,4,-0.18084639310836792
TRAIN,5hcafebs,7,5,0.9910392165184021
TRAIN,5hcafebs,7,6,0.9943816065788269
TRAIN,5hcafebs,7,7,0.9999999403953552
TRAIN,5hcafebs,7,8,0.9770081639289856
TRAIN,5hcafebs,7,9,0.984079897403717
TRAIN,5hcafebs,7,10,0.9752312898635864
TRAIN,5hcafebs,8,1,0.9833850264549255
TRAIN,5hcafebs,8,2,0.9685578942298889
TRAIN,5hcafebs,8,3,-0.20210988819599152
TRAIN,5hcafebs,8,4,-0.20210988819599152
TRAIN,5hcafebs,8,5,0.9756568670272827
TRAIN,5hcafebs,8,6,0.980561375617981
TRAIN,5hcafebs,8,7,0.9770081639289856
TRAIN,5hcafebs,8,8,0.9999999403953552
TRAIN,5hcafebs,8,9,0.9830130338668823
TRAIN,5hcafebs,8,10,0.9843734502792358
TRAIN,5hcafebs,9,1,0.9915006160736084
TRAIN,5hcafebs,9,2,0.9800134301185608
TRAIN,5hcafebs,9,3,-0.222246915102005
TRAIN,5hcafebs,9,4,-0.222246915102005
TRAIN,5hcafebs,9,5,0.9830479621887207
TRAIN,5hcafebs,9,6,0.9873018860816956
TRAIN,5hcafebs,9,7,0.984079897403717
TRAIN,5hcafebs,9,8,0.9830130338668823
TRAIN,5hcafebs,9,9,1.0
TRAIN,5hcafebs,9,10,0.9740471243858337
TRAIN,5hcafebs,10,1,0.9756177067756653
TRAIN,5hcafebs,10,2,0.9801100492477417
TRAIN,5hcafebs,10,3,-0.22711201012134552
TRAIN,5hcafebs,10,4,-0.22711201012134552
TRAIN,5hcafebs,10,5,0.9883659482002258
TRAIN,5hcafebs,10,6,0.9745039939880371
TRAIN,5hcafebs,10,7,0.9752312898635864
TRAIN,5hcafebs,10,8,0.9843734502792358
TRAIN,5hcafebs,10,9,0.9740471243858337
TRAIN,5hcafebs,10,10,1.0000001192092896
TRAIN,6bbyqk3u,1,1,1.0
TRAIN,6bbyqk3u,1,2,0.8505518436431885
TRAIN,6bbyqk3u,2,1,0.8505518436431885
TRAIN,6bbyqk3u,2,2,1.0
TRAIN,7744dc51,1,1,1.0
TRAIN,7744dc51,1,2,0.9957168102264404
TRAIN,7744dc51,1,3,0.9935926198959351
TRAIN,7744dc51,1,4,0.9840013980865479
TRAIN,7744dc51,1,5,0.9957724213600159
TRAIN,7744dc51,1,6,0.9909408688545227
TRAIN,7744dc51,1,7,0.985129714012146
TRAIN,7744dc51,2,1,0.9957168102264404
TRAIN,7744dc51,2,2,1.0
TRAIN,7744dc51,2,3,0.9988044500350952
TRAIN,7744dc51,2,4,0.9931867718696594
TRAIN,7744dc51,2,5,0.9987359046936035
TRAIN,7744dc51,2,6,0.9961787462234497
TRAIN,7744dc51,2,7,0.9930616021156311
TRAIN,7744dc51,3,1,0.9935926198959351
TRAIN,7744dc51,3,2,0.9988044500350952
TRAIN,7744dc51,3,3,0.9999999403953552
TRAIN,7744dc51,3,4,0.9955379366874695
TRAIN,7744dc51,3,5,0.9990451335906982
TRAIN,7744dc51,3,6,0.9974358081817627
TRAIN,7744dc51,3,7,0.9964755773544312
TRAIN,7744dc51,4,1,0.9840013980865479
TRAIN,7744dc51,4,2,0.9931867718696594
TRAIN,7744dc51,4,3,0.9955379366874695
TRAIN,7744dc51,4,4,0.9999998807907104
TRAIN,7744dc51,4,5,0.9926866888999939
TRAIN,7744dc51,4,6,0.991130530834198
TRAIN,7744dc51,4,7,0.9976758360862732
TRAIN,7744dc51,5,1,0.9957724213600159
TRAIN,7744dc51,5,2,0.9987359046936035
TRAIN,7744dc51,5,3,0.9990451335906982
TRAIN,7744dc51,5,4,0.9926866888999939
TRAIN,7744dc51,5,5,1.0
TRAIN,7744dc51,5,6,0.9980437159538269
TRAIN,7744dc51,5,7,0.9942840933799744
TRAIN,7744dc51,6,1,0.9909408688545227
TRAIN,7744dc51,6,2,0.9961787462234497
TRAIN,7744dc51,6,3,0.9974358081817627
TRAIN,7744dc51,6,4,0.991130530834198
TRAIN,7744dc51,6,5,0.9980437159538269
TRAIN,7744dc51,6,6,1.0000001192092896
TRAIN,7744dc51,6,7,0.9955037832260132
TRAIN,7744dc51,7,1,0.985129714012146
TRAIN,7744dc51,7,2,0.9930616021156311
TRAIN,7744dc51,7,3,0.9964755773544312
TRAIN,7744dc51,7,4,0.9976758360862732
TRAIN,7744dc51,7,5,0.9942840933799744
TRAIN,7744dc51,7,6,0.9955037832260132
TRAIN,7744dc51,7,7,1.0
TRAIN,82a3db34,1,1,0.9999999403953552
TRAIN,82a3db34,1,2,0.9901155829429626
TRAIN,82a3db34,1,3,0.9789543151855469
TRAIN,82a3db34,1,4,0.9670803546905518
TRAIN,82a3db34,2,1,0.9901155829429626
TRAIN,82a3db34,2,2,1.0
TRAIN,82a3db34,2,3,0.9961518049240112
TRAIN,82a3db34,2,4,0.988398015499115
TRAIN,82a3db34,3,1,0.9789543151855469
TRAIN,82a3db34,3,2,0.9961518049240112
TRAIN,82a3db34,3,3,1.0
TRAIN,82a3db34,3,4,0.9953279495239258
TRAIN,82a3db34,4,1,0.9670803546905518
TRAIN,82a3db34,4,2,0.988398015499115
TRAIN,82a3db34,4,3,0.9953279495239258
TRAIN,82a3db34,4,4,0.9999999403953552
TRAIN,89b671bb,1,1,0.9999999403953552
TRAIN,89b671bb,1,2,0.9887247085571289
TRAIN,89b671bb,1,3,0.9940857291221619
TRAIN,89b671bb,1,4,0.9785082936286926
TRAIN,89b671bb,1,5,0.9800139665603638
TRAIN,89b671bb,2,1,0.9887247085571289
TRAIN,89b671bb,2,2,0.9999999403953552
TRAIN,89b671bb,2,3,0.9951004385948181
TRAIN,89b671bb,2,4,0.9955050349235535
TRAIN,89b671bb,2,5,0.9921353459358215
TRAIN,89b671bb,3,1,0.9940857291221619
TRAIN,89b671bb,3,2,0.9951004385948181
TRAIN,89b671bb,3,3,1.0000001192092896
TRAIN,89b671bb,3,4,0.9914814233779907
TRAIN,89b671bb,3,5,0.9859386086463928
TRAIN,89b671bb,4,1,0.9785082936286926
TRAIN,89b671bb,4,2,0.9955050349235535
TRAIN,89b671bb,4,3,0.9914814233779907
TRAIN,89b671bb,4,4,0.9999999403953552
TRAIN,89b671bb,4,5,0.985381007194519
TRAIN,89b671bb,5,1,0.9800139665603638
TRAIN,89b671bb,5,2,0.9921353459358215
TRAIN,89b671bb,5,3,0.9859386086463928
TRAIN,89b671bb,5,4,0.985381007194519
TRAIN,89b671bb,5,5,1.0000001192092896
TRAIN,9e85179b,1,1,1.0000001192092896
TRAIN,9e85179b,1,2,0.9970207810401917
TRAIN,9e85179b,1,3,0.9803167581558228
TRAIN,9e85179b,1,4,0.9717332124710083
TRAIN,9e85179b,1,5,0.979850709438324
TRAIN,9e85179b,2,1,0.9970207810401917
TRAIN,9e85179b,2,2,0.9999999403953552
TRAIN,9e85179b,2,3,0.9870293140411377
TRAIN,9e85179b,2,4,0.9793602228164673
TRAIN,9e85179b,2,5,0.9849976897239685
TRAIN,9e85179b,3,1,0.9803167581558228
TRAIN,9e85179b,3,2,0.9870293140411377
TRAIN,9e85179b,3,3,1.0000001192092896
TRAIN,9e85179b,3,4,0.9945701956748962
TRAIN,9e85179b,3,5,0.983676016330719
TRAIN,9e85179b,4,1,0.9717332124710083
TRAIN,9e85179b,4,2,0.9793602228164673
TRAIN,9e85179b,4,3,0.9945701956748962
TRAIN,9e85179b,4,4,0.9999999403953552
TRAIN,9e85179b,4,5,0.9707409739494324
TRAIN,9e85179b,5,1,0.979850709438324
TRAIN,9e85179b,5,2,0.9849976897239685
TRAIN,9e85179b,5,3,0.983676016330719
TRAIN,9e85179b,5,4,0.9707409739494324
TRAIN,9e85179b,5,5,1.0
TRAIN,emd2bu78,1,1,1.0000001192092896
TRAIN,emd2bu78,1,2,0.9879851341247559
TRAIN,emd2bu78,2,1,0.9879851341247559
TRAIN,emd2bu78,2,2,1.0
TRAIN,fc0qnjw2,1,1,1.0000001192092896
TRAIN,fc0qnjw2,1,2,0.9788604974746704
TRAIN,fc0qnjw2,1,3,0.9706026911735535
TRAIN,fc0qnjw2,2,1,0.9788604974746704
TRAIN,fc0qnjw2,2,2,0.9999998807907104
TRAIN,fc0qnjw2,2,3,0.9617525935173035
TRAIN,fc0qnjw2,3,1,0.9706026911735535
TRAIN,fc0qnjw2,3,2,0.9617525935173035
TRAIN,fc0qnjw2,3,3,1.0000001192092896
TRAIN,l1kmuosm,1,1,1.0000001192092896
TRAIN,l1kmuosm,1,2,0.9847631454467773
TRAIN,l1kmuosm,1,3,0.9928845763206482
TRAIN,l1kmuosm,2,1,0.9847631454467773
TRAIN,l1kmuosm,2,2,1.0
TRAIN,l1kmuosm,2,3,0.9885948896408081
TRAIN,l1kmuosm,3,1,0.9928845763206482
TRAIN,l1kmuosm,3,2,0.9885948896408081
TRAIN,l1kmuosm,3,3,1.0000001192092896
TRAIN,qb8rh6ap,1,1,1.0
TRAIN,qb8rh6ap,1,2,0.8928890228271484
TRAIN,qb8rh6ap,2,1,0.8928890228271484
TRAIN,qb8rh6ap,2,2,1.0
TRAIN,sfbg4630,1,1,0.9999998211860657
TRAIN,sfbg4630,1,2,0.9961081743240356
TRAIN,sfbg4630,1,3,0.9967689514160156
TRAIN,sfbg4630,1,4,0.9974929690361023
TRAIN,sfbg4630,1,5,0.9953716397285461
TRAIN,sfbg4630,1,6,0.9961135983467102
TRAIN,sfbg4630,1,7,0.9957485795021057
TRAIN,sfbg4630,1,8,0.9953561425209045
TRAIN,sfbg4630,1,9,0.9977315068244934
TRAIN,sfbg4630,1,10,0.9965019822120667
TRAIN,sfbg4630,1,11,0.9965789914131165
TRAIN,sfbg4630,1,12,0.977202832698822
TRAIN,sfbg4630,1,13,0.9887953400611877
TRAIN,sfbg4630,1,14,0.9970874786376953
TRAIN,sfbg4630,1,15,0.9917299151420593
TRAIN,sfbg4630,1,16,0.9941632747650146
TRAIN,sfbg4630,1,17,0.9969967007637024
TRAIN,sfbg4630,1,18,0.997161865234375
TRAIN,sfbg4630,1,19,0.9428412318229675
TRAIN,sfbg4630,1,20,0.9609429836273193
TRAIN,sfbg4630,2,1,0.9961081743240356
TRAIN,sfbg4630,2,2,0.9999998211860657
TRAIN,sfbg4630,2,3,0.992242693901062
TRAIN,sfbg4630,2,4,0.9967236518859863
TRAIN,sfbg4630,2,5,0.9992402195930481
TRAIN,sfbg4630,2,6,0.9985849261283875
TRAIN,sfbg4630,2,7,0.998272180557251
TRAIN,sfbg4630,2,8,0.9947827458381653
TRAIN,sfbg4630,2,9,0.9981992244720459
TRAIN,sfbg4630,2,10,0.9961333870887756
TRAIN,sfbg4630,2,11,0.9931493401527405
TRAIN,sfbg4630,2,12,0.9798551797866821
TRAIN,sfbg4630,2,13,0.9946749806404114
TRAIN,sfbg4630,2,14,0.9971520304679871
TRAIN,sfbg4630,2,15,0.9860469102859497
TRAIN,sfbg4630,2,16,0.9958134889602661
TRAIN,sfbg4630,2,17,0.9982671737670898
TRAIN,sfbg4630,2,18,0.9943047165870667
TRAIN,sfbg4630,2,19,0.9290063977241516
TRAIN,sfbg4630,2,20,0.9513436555862427
TRAIN,sfbg4630,3,1,0.9967689514160156
TRAIN,sfbg4630,3,2,0.992242693901062
TRAIN,sfbg4630,3,3,1.0000001192092896
TRAIN,sfbg4630,3,4,0.9967507123947144
TRAIN,sfbg4630,3,5,0.9914290904998779
TRAIN,sfbg4630,3,6,0.9900379180908203
TRAIN,sfbg4630,3,7,0.9891863465309143
TRAIN,sfbg4630,3,8,0.9912635087966919
TRAIN,sfbg4630,3,9,0.9943362474441528
TRAIN,sfbg4630,3,10,0.9925445914268494
TRAIN,sfbg4630,3,11,0.9932233095169067
TRAIN,sfbg4630,3,12,0.9660084843635559
TRAIN,sfbg4630,3,13,0.979485273361206
TRAIN,sfbg4630,3,14,0.992815375328064
TRAIN,sfbg4630,3,15,0.9889209270477295
TRAIN,sfbg4630,3,16,0.9861006736755371
TRAIN,sfbg4630,3,17,0.9924179315567017
TRAIN,sfbg4630,3,18,0.9944291114807129
TRAIN,sfbg4630,3,19,0.9339241981506348
TRAIN,sfbg4630,3,20,0.9518851637840271
TRAIN,sfbg4630,4,1,0.9974929690361023
TRAIN,sfbg4630,4,2,0.9967236518859863
TRAIN,sfbg4630,4,3,0.9967507123947144
TRAIN,sfbg4630,4,4,1.0000001192092896
TRAIN,sfbg4630,4,5,0.9968105554580688
TRAIN,sfbg4630,4,6,0.9953699707984924
TRAIN,sfbg4630,4,7,0.9956062436103821
TRAIN,sfbg4630,4,8,0.996507465839386
TRAIN,sfbg4630,4,9,0.9983907341957092
TRAIN,sfbg4630,4,10,0.9978042244911194
TRAIN,sfbg4630,4,11,0.9962981939315796
TRAIN,sfbg4630,4,12,0.9721911549568176
TRAIN,sfbg4630,4,13,0.9881405234336853
TRAIN,sfbg4630,4,14,0.9946781396865845
TRAIN,sfbg4630,4,15,0.9911100268363953
TRAIN,sfbg4630,4,16,0.9936663508415222
TRAIN,sfbg4630,4,17,0.9973220229148865
TRAIN,sfbg4630,4,18,0.9972180724143982
TRAIN,sfbg4630,4,19,0.936021625995636
TRAIN,sfbg4630,4,20,0.9551398158073425
TRAIN,sfbg4630,5,1,0.9953716397285461
TRAIN,sfbg4630,5,2,0.9992402195930481
TRAIN,sfbg4630,5,3,0.9914290904998779
TRAIN,sfbg4630,5,4,0.9968105554580688
TRAIN,sfbg4630,5,5,1.0000001192092896
TRAIN,sfbg4630,5,6,0.9980980753898621
TRAIN,sfbg4630,5,7,0.9980555772781372
TRAIN,sfbg4630,5,8,0.9939501881599426
TRAIN,sfbg4630,5,9,0.9973044991493225
TRAIN,sfbg4630,5,10,0.9967100620269775
TRAIN,sfbg4630,5,11,0.9929356575012207
TRAIN,sfbg4630,5,12,0.9822483062744141
TRAIN,sfbg4630,5,13,0.9934370517730713
TRAIN,sfbg4630,5,14,0.9952990412712097
TRAIN,sfbg4630,5,15,0.9858000874519348
TRAIN,sfbg4630,5,16,0.9949789047241211
TRAIN,sfbg4630,5,17,0.9972284436225891
TRAIN,sfbg4630,5,18,0.9943225383758545
TRAIN,sfbg4630,5,19,0.9322007894515991
TRAIN,sfbg4630,5,20,0.9532712697982788
TRAIN,sfbg4630,6,1,0.9961135983467102
TRAIN,sfbg4630,6,2,0.9985849261283875
TRAIN,sfbg4630,6,3,0.9900379180908203
TRAIN,sfbg4630,6,4,0.9953699707984924
TRAIN,sfbg4630,6,5,0.9980980753898621
TRAIN,sfbg4630,6,6,1.0000001192092896
TRAIN,sfbg4630,6,7,0.999241828918457
TRAIN,sfbg4630,6,8,0.995003342628479
TRAIN,sfbg4630,6,9,0.9971834421157837
TRAIN,sfbg4630,6,10,0.9965859651565552
TRAIN,sfbg4630,6,11,0.9941141605377197
TRAIN,sfbg4630,6,12,0.9836879968643188
TRAIN,sfbg4630,6,13,0.9966672658920288
TRAIN,sfbg4630,6,14,0.996069073677063
TRAIN,sfbg4630,6,15,0.9851614236831665
TRAIN,sfbg4630,6,16,0.9968550801277161
TRAIN,sfbg4630,6,17,0.9987783432006836
TRAIN,sfbg4630,6,18,0.9930910468101501
TRAIN,sfbg4630,6,19,0.9342272281646729
TRAIN,sfbg4630,6,20,0.9551864862442017
TRAIN,sfbg4630,7,1,0.9957485795021057
TRAIN,sfbg4630,7,2,0.998272180557251
TRAIN,sfbg4630,7,3,0.9891863465309143
TRAIN,sfbg4630,7,4,0.9956062436103821
TRAIN,sfbg4630,7,5,0.9980555772781372
TRAIN,sfbg4630,7,6,0.999241828918457
TRAIN,sfbg4630,7,7,1.0000001192092896
TRAIN,sfbg4630,7,8,0.9967999458312988
TRAIN,sfbg4630,7,9,0.997452437877655
TRAIN,sfbg4630,7,10,0.9960896968841553
TRAIN,sfbg4630,7,11,0.9931848645210266
TRAIN,sfbg4630,7,12,0.9816110134124756
TRAIN,sfbg4630,7,13,0.9968416690826416
TRAIN,sfbg4630,7,14,0.9954558610916138
TRAIN,sfbg4630,7,15,0.983934760093689
TRAIN,sfbg4630,7,16,0.9971485733985901
TRAIN,sfbg4630,7,17,0.9980987906455994
TRAIN,sfbg4630,7,18,0.9924390316009521
TRAIN,sfbg4630,7,19,0.9302288293838501
TRAIN,sfbg4630,7,20,0.9514850974082947
TRAIN,sfbg4630,8,1,0.9953561425209045
TRAIN,sfbg4630,8,2,0.9947827458381653
TRAIN,sfbg4630,8,3,0.9912635087966919
TRAIN,sfbg4630,8,4,0.996507465839386
TRAIN,sfbg4630,8,5,0.9939501881599426
TRAIN,sfbg4630,8,6,0.995003342628479
TRAIN,sfbg4630,8,7,0.9967999458312988
TRAIN,sfbg4630,8,8,1.0
TRAIN,sfbg4630,8,9,0.9980172514915466
TRAIN,sfbg4630,8,10,0.9960642457008362
TRAIN,sfbg4630,8,11,0.994891345500946
TRAIN,sfbg4630,8,12,0.9697954058647156
TRAIN,sfbg4630,8,13,0.9915581941604614
TRAIN,sfbg4630,8,14,0.992004930973053
TRAIN,sfbg4630,8,15,0.9850018620491028
TRAIN,sfbg4630,8,16,0.9954200983047485
TRAIN,sfbg4630,8,17,0.9957883954048157
TRAIN,sfbg4630,8,18,0.9934256076812744
TRAIN,sfbg4630,8,19,0.9307515025138855
TRAIN,sfbg4630,8,20,0.952052891254425
TRAIN,sfbg4630,9,1,0.9977315068244934
TRAIN,sfbg4630,9,2,0.9981992244720459
TRAIN,sfbg4630,9,3,0.9943362474441528
TRAIN,sfbg4630,9,4,0.9983907341957092
TRAIN,sfbg4630,9,5,0.9973044991493225
TRAIN,sfbg4630,9,6,0.9971834421157837
TRAIN,sfbg4630,9,7,0.997452437877655
TRAIN,sfbg4630,9,8,0.9980172514915466
TRAIN,sfbg4630,9,9,1.0000001192092896
TRAIN,sfbg4630,9,10,0.998152494430542
TRAIN,sfbg4630,9,11,0.996443510055542
TRAIN,sfbg4630,9,12,0.9751511216163635
TRAIN,sfbg4630,9,13,0.9928221106529236
TRAIN,sfbg4630,9,14,0.9966676831245422
TRAIN,sfbg4630,9,15,0.9906279444694519
TRAIN,sfbg4630,9,16,0.9973671436309814
TRAIN,sfbg4630,9,17,0.9983106255531311
TRAIN,sfbg4630,9,18,0.9971948862075806
TRAIN,sfbg4630,9,19,0.9358606934547424
TRAIN,sfbg4630,9,20,0.9578160643577576
TRAIN,sfbg4630,10,1,0.9965019822120667
TRAIN,sfbg4630,10,2,0.9961333870887756
TRAIN,sfbg4630,10,3,0.9925445914268494
TRAIN,sfbg4630,10,4,0.9978042244911194
TRAIN,sfbg4630,10,5,0.9967100620269775
TRAIN,sfbg4630,10,6,0.9965859651565552
TRAIN,sfbg4630,10,7,0.9960896968841553
TRAIN,sfbg4630,10,8,0.9960642457008362
TRAIN,sfbg4630,10,9,0.998152494430542
TRAIN,sfbg4630,10,10,0.9999999403953552
TRAIN,sfbg4630,10,11,0.9986394643783569
TRAIN,sfbg4630,10,12,0.9795544147491455
TRAIN,sfbg4630,10,13,0.9900453090667725
TRAIN,sfbg4630,10,14,0.992824912071228
TRAIN,sfbg4630,10,15,0.9922595024108887
TRAIN,sfbg4630,10,16,0.9961155652999878
TRAIN,sfbg4630,10,17,0.9968858361244202
TRAIN,sfbg4630,10,18,0.998232901096344
TRAIN,sfbg4630,10,19,0.9490127563476562
TRAIN,sfbg4630,10,20,0.9679757356643677
TRAIN,sfbg4630,11,1,0.9965789914131165
TRAIN,sfbg4630,11,2,0.9931493401527405
TRAIN,sfbg4630,11,3,0.9932233095169067
TRAIN,sfbg4630,11,4,0.9962981939315796
TRAIN,sfbg4630,11,5,0.9929356575012207
TRAIN,sfbg4630,11,6,0.9941141605377197
TRAIN,sfbg4630,11,7,0.9931848645210266
TRAIN,sfbg4630,11,8,0.994891345500946
TRAIN,sfbg4630,11,9,0.996443510055542
TRAIN,sfbg4630,11,10,0.9986394643783569
TRAIN,sfbg4630,11,11,1.0
TRAIN,sfbg4630,11,12,0.9783433675765991
TRAIN,sfbg4630,11,13,0.9855406284332275
TRAIN,sfbg4630,11,14,0.9907850027084351
TRAIN,sfbg4630,11,15,0.9935854077339172
TRAIN,sfbg4630,11,16,0.9931046962738037
TRAIN,sfbg4630,11,17,0.9946951270103455
TRAIN,sfbg4630,11,18,0.9982272982597351
TRAIN,sfbg4630,11,19,0.9570262432098389
TRAIN,sfbg4630,11,20,0.9731186032295227
TRAIN,sfbg4630,12,1,0.977202832698822
TRAIN,sfbg4630,12,2,0.9798551797866821
TRAIN,sfbg4630,12,3,0.9660084843635559
TRAIN,sfbg4630,12,4,0.9721911549568176
TRAIN,sfbg4630,12,5,0.9822483062744141
TRAIN,sfbg4630,12,6,0.9836879968643188
TRAIN,sfbg4630,12,7,0.9816110134124756
TRAIN,sfbg4630,12,8,0.9697954058647156
TRAIN,sfbg4630,12,9,0.9751511216163635
TRAIN,sfbg4630,12,10,0.9795544147491455
TRAIN,sfbg4630,12,11,0.9783433675765991
TRAIN,sfbg4630,12,12,0.9999998807907104
TRAIN,sfbg4630,12,13,0.9788762927055359
TRAIN,sfbg4630,12,14,0.9756327271461487
TRAIN,sfbg4630,12,15,0.9724975228309631
TRAIN,sfbg4630,12,16,0.9776760339736938
TRAIN,sfbg4630,12,17,0.9772355556488037
TRAIN,sfbg4630,12,18,0.976170003414154
TRAIN,sfbg4630,12,19,0.9563809037208557
TRAIN,sfbg4630,12,20,0.9680591225624084
TRAIN,sfbg4630,13,1,0.9887953400611877
TRAIN,sfbg4630,13,2,0.9946749806404114
TRAIN,sfbg4630,13,3,0.979485273361206
TRAIN,sfbg4630,13,4,0.9881405234336853
TRAIN,sfbg4630,13,5,0.9934370517730713
TRAIN,sfbg4630,13,6,0.9966672658920288
TRAIN,sfbg4630,13,7,0.9968416690826416
TRAIN,sfbg4630,13,8,0.9915581941604614
TRAIN,sfbg4630,13,9,0.9928221106529236
TRAIN,sfbg4630,13,10,0.9900453090667725
TRAIN,sfbg4630,13,11,0.9855406284332275
TRAIN,sfbg4630,13,12,0.9788762927055359
TRAIN,sfbg4630,13,13,1.0000001192092896
TRAIN,sfbg4630,13,14,0.9928452372550964
TRAIN,sfbg4630,13,15,0.9766547679901123
TRAIN,sfbg4630,13,16,0.9966103434562683
TRAIN,sfbg4630,13,17,0.9954917430877686
TRAIN,sfbg4630,13,18,0.984569251537323
TRAIN,sfbg4630,13,19,0.9181761741638184
TRAIN,sfbg4630,13,20,0.943714439868927
TRAIN,sfbg4630,14,1,0.9970874786376953
TRAIN,sfbg4630,14,2,0.9971520304679871
TRAIN,sfbg4630,14,3,0.992815375328064
TRAIN,sfbg4630,14,4,0.9946781396865845
TRAIN,sfbg4630,14,5,0.9952990412712097
TRAIN,sfbg4630,14,6,0.996069073677063
TRAIN,sfbg4630,14,7,0.9954558610916138
TRAIN,sfbg4630,14,8,0.992004930973053
TRAIN,sfbg4630,14,9,0.9966676831245422
TRAIN,sfbg4630,14,10,0.992824912071228
TRAIN,sfbg4630,14,11,0.9907850027084351
TRAIN,sfbg4630,14,12,0.9756327271461487
TRAIN,sfbg4630,14,13,0.9928452372550964
TRAIN,sfbg4630,14,14,1.0
TRAIN,sfbg4630,14,15,0.9890809059143066
TRAIN,sfbg4630,14,16,0.9954879879951477
TRAIN,sfbg4630,14,17,0.997426450252533
TRAIN,sfbg4630,14,18,0.9934056401252747
TRAIN,sfbg4630,14,19,0.9284126162528992
TRAIN,sfbg4630,14,20,0.9510335922241211
TRAIN,sfbg4630,15,1,0.9917299151420593
TRAIN,sfbg4630,15,2,0.9860469102859497
TRAIN,sfbg4630,15,3,0.9889209270477295
TRAIN,sfbg4630,15,4,0.9911100268363953
TRAIN,sfbg4630,15,5,0.9858000874519348
TRAIN,sfbg4630,15,6,0.9851614236831665
TRAIN,sfbg4630,15,7,0.983934760093689
TRAIN,sfbg4630,15,8,0.9850018620491028
TRAIN,sfbg4630,15,9,0.9906279444694519
TRAIN,sfbg4630,15,10,0.9922595024108887
TRAIN,sfbg4630,15,11,0.9935854077339172
TRAIN,sfbg4630,15,12,0.9724975228309631
TRAIN,sfbg4630,15,13,0.9766547679901123
TRAIN,sfbg4630,15,14,0.9890809059143066
TRAIN,sfbg4630,15,15,1.0
TRAIN,sfbg4630,15,16,0.9888331890106201
TRAIN,sfbg4630,15,17,0.9886331558227539
TRAIN,sfbg4630,15,18,0.9962369799613953
TRAIN,sfbg4630,15,19,0.9626853466033936
TRAIN,sfbg4630,15,20,0.9775729775428772
TRAIN,sfbg4630,16,1,0.9941632747650146
TRAIN,sfbg4630,16,2,0.9958134889602661
TRAIN,sfbg4630,16,3,0.9861006736755371
TRAIN,sfbg4630,16,4,0.9936663508415222
TRAIN,sfbg4630,16,5,0.9949789047241211
TRAIN,sfbg4630,16,6,0.9968550801277161
TRAIN,sfbg4630,16,7,0.9971485733985901
TRAIN,sfbg4630,16,8,0.9954200983047485
TRAIN,sfbg4630,16,9,0.9973671436309814
TRAIN,sfbg4630,16,10,0.9961155652999878
TRAIN,sfbg4630,16,11,0.9931046962738037
TRAIN,sfbg4630,16,12,0.9776760339736938
TRAIN,sfbg4630,16,13,0.9966103434562683
TRAIN,sfbg4630,16,14,0.9954879879951477
TRAIN,sfbg4630,16,15,0.9888331890106201
TRAIN,sfbg4630,16,16,1.0000001192092896
TRAIN,sfbg4630,16,17,0.9973708987236023
TRAIN,sfbg4630,16,18,0.9936844706535339
TRAIN,sfbg4630,16,19,0.9365396499633789
TRAIN,sfbg4630,16,20,0.960024356842041
TRAIN,sfbg4630,17,1,0.9969967007637024
TRAIN,sfbg4630,17,2,0.9982671737670898
TRAIN,sfbg4630,17,3,0.9924179315567017
TRAIN,sfbg4630,17,4,0.9973220229148865
TRAIN,sfbg4630,17,5,0.9972284436225891
TRAIN,sfbg4630,17,6,0.9987783432006836
TRAIN,sfbg4630,17,7,0.9980987906455994
TRAIN,sfbg4630,17,8,0.9957883954048157
TRAIN,sfbg4630,17,9,0.9983106255531311
TRAIN,sfbg4630,17,10,0.9968858361244202
TRAIN,sfbg4630,17,11,0.9946951270103455
TRAIN,sfbg4630,17,12,0.9772355556488037
TRAIN,sfbg4630,17,13,0.9954917430877686
TRAIN,sfbg4630,17,14,0.997426450252533
TRAIN,sfbg4630,17,15,0.9886331558227539
TRAIN,sfbg4630,17,16,0.9973708987236023
TRAIN,sfbg4630,17,17,1.0000001192092896
TRAIN,sfbg4630,17,18,0.9947628974914551
TRAIN,sfbg4630,17,19,0.9320656657218933
TRAIN,sfbg4630,17,20,0.953596830368042
TRAIN,sfbg4630,18,1,0.997161865234375
TRAIN,sfbg4630,18,2,0.9943047165870667
TRAIN,sfbg4630,18,3,0.9944291114807129
TRAIN,sfbg4630,18,4,0.9972180724143982
TRAIN,sfbg4630,18,5,0.9943225383758545
TRAIN,sfbg4630,18,6,0.9930910468101501
TRAIN,sfbg4630,18,7,0.9924390316009521
TRAIN,sfbg4630,18,8,0.9934256076812744
TRAIN,sfbg4630,18,9,0.9971948862075806
TRAIN,sfbg4630,18,10,0.998232901096344
TRAIN,sfbg4630,18,11,0.9982272982597351
TRAIN,sfbg4630,18,12,0.976170003414154
TRAIN,sfbg4630,18,13,0.984569251537323
TRAIN,sfbg4630,18,14,0.9934056401252747
TRAIN,sfbg4630,18,15,0.9962369799613953
TRAIN,sfbg4630,18,16,0.9936844706535339
TRAIN,sfbg4630,18,17,0.9947628974914551
TRAIN,sfbg4630,18,18,1.0
TRAIN,sfbg4630,18,19,0.9539875984191895
TRAIN,sfbg4630,18,20,0.9713433980941772
TRAIN,sfbg4630,19,1,0.9428412318229675
TRAIN,sfbg4630,19,2,0.9290063977241516
TRAIN,sfbg4630,19,3,0.9339241981506348
TRAIN,sfbg4630,19,4,0.936021625995636
TRAIN,sfbg4630,19,5,0.9322007894515991
TRAIN,sfbg4630,19,6,0.9342272281646729
TRAIN,sfbg4630,19,7,0.9302288293838501
TRAIN,sfbg4630,19,8,0.9307515025138855
TRAIN,sfbg4630,19,9,0.9358606934547424
TRAIN,sfbg4630,19,10,0.9490127563476562
TRAIN,sfbg4630,19,11,0.9570262432098389
TRAIN,sfbg4630,19,12,0.9563809037208557
TRAIN,sfbg4630,19,13,0.9181761741638184
TRAIN,sfbg4630,19,14,0.9284126162528992
TRAIN,sfbg4630,19,15,0.9626853466033936
TRAIN,sfbg4630,19,16,0.9365396499633789
TRAIN,sfbg4630,19,17,0.9320656657218933
TRAIN,sfbg4630,19,18,0.9539875984191895
TRAIN,sfbg4630,19,19,1.0000001192092896
TRAIN,sfbg4630,19,20,0.9945806264877319
TRAIN,sfbg4630,20,1,0.9609429836273193
TRAIN,sfbg4630,20,2,0.9513436555862427
TRAIN,sfbg4630,20,3,0.9518851637840271
TRAIN,sfbg4630,20,4,0.9551398158073425
TRAIN,sfbg4630,20,5,0.9532712697982788
TRAIN,sfbg4630,20,6,0.9551864862442017
TRAIN,sfbg4630,20,7,0.9514850974082947
TRAIN,sfbg4630,20,8,0.952052891254425
TRAIN,sfbg4630,20,9,0.9578160643577576
TRAIN,sfbg4630,20,10,0.9679757356643677
TRAIN,sfbg4630,20,11,0.9731186032295227
TRAIN,sfbg4630,20,12,0.9680591225624084
TRAIN,sfbg4630,20,13,0.943714439868927
TRAIN,sfbg4630,20,14,0.9510335922241211
TRAIN,sfbg4630,20,15,0.9775729775428772
TRAIN,sfbg4630,20,16,0.960024356842041
TRAIN,sfbg4630,20,17,0.953596830368042
TRAIN,sfbg4630,20,18,0.9713433980941772
TRAIN,sfbg4630,20,19,0.9945806264877319
TRAIN,sfbg4630,20,20,1.0000001192092896
TRAIN,vjl6snjk,1,1,1.0
TRAIN,vjl6snjk,1,2,0.9909171462059021
TRAIN,vjl6snjk,1,3,0.9693742394447327
TRAIN,vjl6snjk,1,4,0.9564217925071716
TRAIN,vjl6snjk,1,5,0.952872097492218
TRAIN,vjl6snjk,2,1,0.9909171462059021
TRAIN,vjl6snjk,2,2,1.0000001192092896
TRAIN,vjl6snjk,2,3,0.9817161560058594
TRAIN,vjl6snjk,2,4,0.9795508980751038
TRAIN,vjl6snjk,2,5,0.9747029542922974
TRAIN,vjl6snjk,3,1,0.9693742394447327
TRAIN,vjl6snjk,3,2,0.9817161560058594
TRAIN,vjl6snjk,3,3,1.0
TRAIN,vjl6snjk,3,4,0.9931302070617676
TRAIN,vjl6snjk,3,5,0.9882165789604187
TRAIN,vjl6snjk,4,1,0.9564217925071716
TRAIN,vjl6snjk,4,2,0.9795508980751038
TRAIN,vjl6snjk,4,3,0.9931302070617676
TRAIN,vjl6snjk,4,4,1.0
TRAIN,vjl6snjk,4,5,0.9967399835586548
TRAIN,vjl6snjk,5,1,0.952872097492218
TRAIN,vjl6snjk,5,2,0.9747029542922974
TRAIN,vjl6snjk,5,3,0.9882165789604187
TRAIN,vjl6snjk,5,4,0.9967399835586548
TRAIN,vjl6snjk,5,5,1.0
TRAIN,ydnmsfmq,1,1,0.9999999403953552
TRAIN,ydnmsfmq,1,2,0.9729164838790894
TRAIN,ydnmsfmq,2,1,0.9729164838790894
TRAIN,ydnmsfmq,2,2,0.9999999403953552
DEV,03e5f069,1,1,1.0000001192092896
DEV,03e5f069,1,2,0.9505032300949097
DEV,03e5f069,2,1,0.9505032300949097
DEV,03e5f069,2,2,1.0
DEV,14655f54,1,1,1.0
DEV,14655f54,1,2,0.9775370359420776
DEV,14655f54,1,3,0.9867543578147888
DEV,14655f54,1,4,0.9662848711013794
DEV,14655f54,1,5,0.9858995676040649
DEV,14655f54,1,6,0.9713737964630127
DEV,14655f54,1,7,0.9903817772865295
DEV,14655f54,1,8,0.9672054052352905
DEV,14655f54,1,9,0.9883306622505188
DEV,14655f54,1,10,0.981953501701355
DEV,14655f54,2,1,0.9775370359420776
DEV,14655f54,2,2,1.0000001192092896
DEV,14655f54,2,3,0.9900153875350952
DEV,14655f54,2,4,0.9791145920753479
DEV,14655f54,2,5,0.987236738204956
DEV,14655f54,2,6,0.9869361519813538
DEV,14655f54,2,7,0.9931825399398804
DEV,14655f54,2,8,0.9830223917961121
DEV,14655f54,2,9,0.9860630035400391
DEV,14655f54,2,10,0.9590833187103271
DEV,14655f54,3,1,0.9867543578147888
DEV,14655f54,3,2,0.9900153875350952
DEV,14655f54,3,3,0.9999999403953552
DEV,14655f54,3,4,0.9889578819274902
DEV,14655f54,3,5,0.9941154718399048
DEV,14655f54,3,6,0.9952577948570251
DEV,14655f54,3,7,0.9930117130279541
DEV,14655f54,3,8,0.9890551567077637
DEV,14655f54,3,9,0.99107426404953
DEV,14655f54,3,10,0.9686164259910583
DEV,14655f54,4,1,0.9662848711013794
DEV,14655f54,4,2,0.9791145920753479
DEV,14655f54,4,3,0.9889578819274902
DEV,14655f54,4,4,0.9999999403953552
DEV,14655f54,4,5,0.9846614003181458
DEV,14655f54,4,6,0.9957778453826904
DEV,14655f54,4,7,0.9807236790657043
DEV,14655f54,4,8,0.9846757054328918
DEV,14655f54,4,9,0.9800589084625244
DEV,14655f54,4,10,0.9422176480293274
DEV,14655f54,5,1,0.9858995676040649
DEV,14655f54,5,2,0.987236738204956
DEV,14655f54,5,3,0.9941154718399048
DEV,14655f54,5,4,0.9846614003181458
DEV,14655f54,5,5,1.0
DEV,14655f54,5,6,0.989703893661499
DEV,14655f54,5,7,0.9968946576118469
DEV,14655f54,5,8,0.9842005372047424
DEV,14655f54,5,9,0.998232901096344
DEV,14655f54,5,10,0.9567552208900452
DEV,14655f54,6,1,0.9713737964630127
DEV,14655f54,6,2,0.9869361519813538
DEV,14655f54,6,3,0.9952577948570251
DEV,14655f54,6,4,0.9957778453826904
DEV,14655f54,6,5,0.989703893661499
DEV,14655f54,6,6,1.0
DEV,14655f54,6,7,0.9859517812728882
DEV,14655f54,6,8,0.9937576651573181
DEV,14655f54,6,9,0.9831980466842651
DEV,14655f54,6,10,0.953642725944519
DEV,14655f54,7,1,0.9903817772865295
DEV,14655f54,7,2,0.9931825399398804
DEV,14655f54,7,3,0.9930117130279541
DEV,14655f54,7,4,0.9807236790657043
DEV,14655f54,7,5,0.9968946576118469
DEV,14655f54,7,6,0.9859517812728882
DEV,14655f54,7,7,0.9999999403953552
DEV,14655f54,7,8,0.9790415167808533
DEV,14655f54,7,9,0.9978315830230713
DEV,14655f54,7,10,0.9642548561096191
DEV,14655f54,8,1,0.9672054052352905
DEV,14655f54,8,2,0.9830223917961121
DEV,14655f54,8,3,0.9890551567077637
DEV,14655f54,8,4,0.9846757054328918
DEV,14655f54,8,5,0.9842005372047424
DEV,14655f54,8,6,0.9937576651573181
DEV,14655f54,8,7,0.9790415167808533
DEV,14655f54,8,8,1.0
DEV,14655f54,8,9,0.9745528101921082
DEV,14655f54,8,10,0.9617013931274414
DEV,14655f54,9,1,0.9883306622505188
DEV,14655f54,9,2,0.9860630035400391
DEV,14655f54,9,3,0.99107426404953
DEV,14655f54,9,4,0.9800589084625244
DEV,14655f54,9,5,0.998232901096344
DEV,14655f54,9,6,0.9831980466842651
DEV,14655f54,9,7,0.9978315830230713
DEV,14655f54,9,8,0.9745528101921082
DEV,14655f54,9,9,1.0
DEV,14655f54,9,10,0.9550691843032837
DEV,14655f54,10,1,0.981953501701355
DEV,14655f54,10,2,0.9590833187103271
DEV,14655f54,10,3,0.9686164259910583
DEV,14655f54,10,4,0.9422176480293274
DEV,14655f54,10,5,0.9567552208900452
DEV,14655f54,10,6,0.953642725944519
DEV,14655f54,10,7,0.9642548561096191
DEV,14655f54,10,8,0.9617013931274414
DEV,14655f54,10,9,0.9550691843032837
DEV,14655f54,10,10,0.9999999403953552
DEV,1feae28e,1,1,0.9999999403953552
DEV,1feae28e,1,2,0.9900636672973633
DEV,1feae28e,1,3,0.985736608505249
DEV,1feae28e,1,4,0.9951599836349487
DEV,1feae28e,1,5,0.987578272819519
DEV,1feae28e,1,6,0.9871689081192017
DEV,1feae28e,1,7,0.9653629660606384
DEV,1feae28e,2,1,0.9900636672973633
DEV,1feae28e,2,2,1.000000238418579
DEV,1feae28e,2,3,0.9776184558868408
DEV,1feae28e,2,4,0.9907951951026917
DEV,1feae28e,2,5,0.9801511168479919
DEV,1feae28e,2,6,0.9827520847320557
DEV,1feae28e,2,7,0.9707400798797607
DEV,1feae28e,3,1,0.985736608505249
DEV,1feae28e,3,2,0.9776184558868408
DEV,1feae28e,3,3,1.0
DEV,1feae28e,3,4,0.9920809268951416
DEV,1feae28e,3,5,0.9980072379112244
DEV,1feae28e,3,6,0.9951669573783875
DEV,1feae28e,3,7,0.9358221292495728
DEV,1feae28e,4,1,0.9951599836349487
DEV,1feae28e,4,2,0.9907951951026917
DEV,1feae28e,4,3,0.9920809268951416
DEV,1feae28e,4,4,1.0000001192092896
DEV,1feae28e,4,5,0.9956265091896057
DEV,1feae28e,4,6,0.9954995512962341
DEV,1feae28e,4,7,0.9577348232269287
DEV,1feae28e,5,1,0.987578272819519
DEV,1feae28e,5,2,0.9801511168479919
DEV,1feae28e,5,3,0.9980072379112244
DEV,1feae28e,5,4,0.9956265091896057
DEV,1feae28e,5,5,1.0000001192092896
DEV,1feae28e,5,6,0.9985086917877197
DEV,1feae28e,5,7,0.9444180130958557
DEV,1feae28e,6,1,0.9871689081192017
DEV,1feae28e,6,2,0.9827520847320557
DEV,1feae28e,6,3,0.9951669573783875
DEV,1feae28e,6,4,0.9954995512962341
DEV,1feae28e,6,5,0.9985086917877197
DEV,1feae28e,6,6,0.9999998807907104
DEV,1feae28e,6,7,0.950423538684845
DEV,1feae28e,7,1,0.9653629660606384
DEV,1feae28e,7,2,0.9707400798797607
DEV,1feae28e,7,3,0.9358221292495728
DEV,1feae28e,7,4,0.9577348232269287
DEV,1feae28e,7,5,0.9444180130958557
DEV,1feae28e,7,6,0.950423538684845
DEV,1feae28e,7,7,1.0
DEV,5twvf4ju,1,1,1.000000238418579
DEV,5twvf4ju,1,2,0.998447060585022
DEV,5twvf4ju,1,3,0.9821248054504395
DEV,5twvf4ju,1,4,0.9783174991607666
DEV,5twvf4ju,1,5,0.9869290590286255
DEV,5twvf4ju,1,6,0.9863893985748291
DEV,5twvf4ju,1,7,0.9987314343452454
DEV,5twvf4ju,1,8,0.9896938800811768
DEV,5twvf4ju,1,9,0.9792623519897461
DEV,5twvf4ju,1,10,0.9968704581260681
DEV,5twvf4ju,1,11,0.9988905191421509
DEV,5twvf4ju,1,12,0.9953283071517944
DEV,5twvf4ju,1,13,0.9951364994049072
DEV,5twvf4ju,2,1,0.998447060585022
DEV,5twvf4ju,2,2,1.0000001192092896
DEV,5twvf4ju,2,3,0.9753679037094116
DEV,5twvf4ju,2,4,0.9701362252235413
DEV,5twvf4ju,2,5,0.9814735651016235
DEV,5twvf4ju,2,6,0.9793525338172913
DEV,5twvf4ju,2,7,0.9989754557609558
DEV,5twvf4ju,2,8,0.9865098595619202
DEV,5twvf4ju,2,9,0.9754037261009216
DEV,5twvf4ju,2,10,0.9979352355003357
DEV,5twvf4ju,2,11,0.9968097805976868
DEV,5twvf4ju,2,12,0.9968157410621643
DEV,5twvf4ju,2,13,0.9974910020828247
DEV,5twvf4ju,3,1,0.9821248054504395
DEV,5twvf4ju,3,2,0.9753679037094116
DEV,5twvf4ju,3,3,1.0
DEV,5twvf4ju,3,4,0.9927321672439575
DEV,5twvf4ju,3,5,0.996645450592041
DEV,5twvf4ju,3,6,0.9923938512802124
DEV,5twvf4ju,3,7,0.9762659072875977
DEV,5twvf4ju,3,8,0.984031081199646
DEV,5twvf4ju,3,9,0.9948137998580933
DEV,5twvf4ju,3,10,0.9672658443450928
DEV,5twvf4ju,3,11,0.9784340262413025
DEV,5twvf4ju,3,12,0.9661616683006287
DEV,5twvf4ju,3,13,0.9639323353767395
DEV,5twvf4ju,4,1,0.9783174991607666
DEV,5twvf4ju,4,2,0.9701362252235413
DEV,5twvf4ju,4,3,0.9927321672439575
DEV,5twvf4ju,4,4,0.9999999403953552
DEV,5twvf4ju,4,5,0.9913739562034607
DEV,5twvf4ju,4,6,0.99704509973526
DEV,5twvf4ju,4,7,0.9741041660308838
DEV,5twvf4ju,4,8,0.9897048473358154
DEV,5twvf4ju,4,9,0.9874983429908752
DEV,5twvf4ju,4,10,0.9656794667243958
DEV,5twvf4ju,4,11,0.9775084257125854
DEV,5twvf4ju,4,12,0.9650686979293823
DEV,5twvf4ju,4,13,0.9617229700088501
DEV,5twvf4ju,5,1,0.9869290590286255
DEV,5twvf4ju,5,2,0.9814735651016235
DEV,5twvf4ju,5,3,0.996645450592041
DEV,5twvf4ju,5,4,0.9913739562034607
DEV,5twvf4ju,5,5,1.0000001192092896
DEV,5twvf4ju,5,6,0.994145929813385
DEV,5twvf4ju,5,7,0.9806817770004272
DEV,5twvf4ju,5,8,0.9893012046813965
DEV,5twvf4ju,5,9,0.9941821098327637
DEV,5twvf4ju,5,10,0.9748204350471497
DEV,5twvf4ju,5,11,0.9834644794464111
DEV,5twvf4ju,5,12,0.9735248684883118
DEV,5twvf4ju,5,13,0.9700955152511597
DEV,5twvf4ju,6,1,0.9863893985748291
DEV,5twvf4ju,6,2,0.9793525338172913
DEV,5twvf4ju,6,3,0.9923938512802124
DEV,5twvf4ju,6,4,0.99704509973526
DEV,5twvf4ju,6,5,0.994145929813385
DEV,5twvf4ju,6,6,1.0
DEV,5twvf4ju,6,7,0.9825294613838196
DEV,5twvf4ju,6,8,0.9951907396316528
DEV,5twvf4ju,6,9,0.9897965788841248
DEV,5twvf4ju,6,10,0.9750053882598877
DEV,5twvf4ju,6,11,0.9848288297653198
DEV,5twvf4ju,6,12,0.9738354682922363
DEV,5twvf4ju,6,13,0.9714514017105103
DEV,5twvf4ju,7,1,0.9987314343452454
DEV,5twvf4ju,7,2,0.9989754557609558
DEV,5twvf4ju,7,3,0.9762659072875977
DEV,5twvf4ju,7,4,0.9741041660308838
DEV,5twvf4ju,7,5,0.9806817770004272
DEV,5twvf4ju,7,6,0.9825294613838196
DEV,5twvf4ju,7,7,0.9999999403953552
DEV,5twvf4ju,7,8,0.9887474775314331
DEV,5twvf4ju,7,9,0.9750851988792419
DEV,5twvf4ju,7,10,0.9976980090141296
DEV,5twvf4ju,7,11,0.9980407357215881
DEV,5twvf4ju,7,12,0.996720552444458
DEV,5twvf4ju,7,13,0.9976221323013306
DEV,5twvf4ju,8,1,0.9896938800811768
DEV,5twvf4ju,8,2,0.9865098595619202
DEV,5twvf4ju,8,3,0.984031081199646
DEV,5twvf4ju,8,4,0.9897048473358154
DEV,5twvf4ju,8,5,0.9893012046813965
DEV,5twvf4ju,8,6,0.9951907396316528
DEV,5twvf4ju,8,7,0.9887474775314331
DEV,5twvf4ju,8,8,1.0
DEV,5twvf4ju,8,9,0.9823064208030701
DEV,5twvf4ju,8,10,0.9836463928222656
DEV,5twvf4ju,8,11,0.9890040755271912
DEV,5twvf4ju,8,12,0.9856571555137634
DEV,5twvf4ju,8,13,0.9817067980766296
DEV,5twvf4ju,9,1,0.9792623519897461
DEV,5twvf4ju,9,2,0.9754037261009216
DEV,5twvf4ju,9,3,0.9948137998580933
DEV,5twvf4ju,9,4,0.9874983429908752
DEV,5twvf4ju,9,5,0.9941821098327637
DEV,5twvf4ju,9,6,0.9897965788841248
DEV,5twvf4ju,9,7,0.9750851988792419
DEV,5twvf4ju,9,8,0.9823064208030701
DEV,5twvf4ju,9,9,1.0000001192092896
DEV,5twvf4ju,9,10,0.9653000235557556
DEV,5twvf4ju,9,11,0.9732272624969482
DEV,5twvf4ju,9,12,0.961487352848053
DEV,5twvf4ju,9,13,0.9632883071899414
DEV,5twvf4ju,10,1,0.9968704581260681
DEV,5twvf4ju,10,2,0.9979352355003357
DEV,5twvf4ju,10,3,0.9672658443450928
DEV,5twvf4ju,10,4,0.9656794667243958
DEV,5twvf4ju,10,5,0.9748204350471497
DEV,5twvf4ju,10,6,0.9750053882598877
DEV,5twvf4ju,10,7,0.9976980090141296
DEV,5twvf4ju,10,8,0.9836463928222656
DEV,5twvf4ju,10,9,0.9653000235557556
DEV,5twvf4ju,10,10,0.9999999403953552
DEV,5twvf4ju,10,11,0.9976192116737366
DEV,5twvf4ju,10,12,0.9983378648757935
DEV,5twvf4ju,10,13,0.9988990426063538
DEV,5twvf4ju,11,1,0.9988905191421509
DEV,5twvf4ju,11,2,0.9968097805976868
DEV,5twvf4ju,11,3,0.9784340262413025
DEV,5twvf4ju,11,4,0.9775084257125854
DEV,5twvf4ju,11,5,0.9834644794464111
DEV,5twvf4ju,11,6,0.9848288297653198
DEV,5twvf4ju,11,7,0.9980407357215881
DEV,5twvf4ju,11,8,0.9890040755271912
DEV,5twvf4ju,11,9,0.9732272624969482
DEV,5twvf4ju,11,10,0.9976192116737366
DEV,5twvf4ju,11,11,1.0
DEV,5twvf4ju,11,12,0.9963653683662415
DEV,5twvf4ju,11,13,0.9952995777130127
DEV,5twvf4ju,12,1,0.9953283071517944
DEV,5twvf4ju,12,2,0.9968157410621643
DEV,5twvf4ju,12,3,0.9661616683006287
DEV,5twvf4ju,12,4,0.9650686979293823
DEV,5twvf4ju,12,5,0.9735248684883118
DEV,5twvf4ju,12,6,0.9738354682922363
DEV,5twvf4ju,12,7,0.996720552444458
DEV,5twvf4ju,12,8,0.9856571555137634
DEV,5twvf4ju,12,9,0.961487352848053
DEV,5twvf4ju,12,10,0.9983378648757935
DEV,5twvf4ju,12,11,0.9963653683662415
DEV,5twvf4ju,12,12,1.0
DEV,5twvf4ju,12,13,0.9977509379386902
DEV,5twvf4ju,13,1,0.9951364994049072
DEV,5twvf4ju,13,2,0.9974910020828247
DEV,5twvf4ju,13,3,0.9639323353767395
DEV,5twvf4ju,13,4,0.9617229700088501
DEV,5twvf4ju,13,5,0.9700955152511597
DEV,5twvf4ju,13,6,0.9714514017105103
DEV,5twvf4ju,13,7,0.9976221323013306
DEV,5twvf4ju,13,8,0.9817067980766296
DEV,5twvf4ju,13,9,0.9632883071899414
DEV,5twvf4ju,13,10,0.9988990426063538
DEV,5twvf4ju,13,11,0.9952995777130127
DEV,5twvf4ju,13,12,0.9977509379386902
DEV,5twvf4ju,13,13,1.0
DEV,84559bc3,1,1,0.9999998807907104
DEV,84559bc3,1,2,0.9895170331001282
DEV,84559bc3,1,3,0.9659464359283447
DEV,84559bc3,1,4,0.9466353058815002
DEV,84559bc3,2,1,0.9895170331001282
DEV,84559bc3,2,2,1.0
DEV,84559bc3,2,3,0.9887871146202087
DEV,84559bc3,2,4,0.9801390171051025
DEV,84559bc3,3,1,0.9659464359283447
DEV,84559bc3,3,2,0.9887871146202087
DEV,84559bc3,3,3,0.9999999403953552
DEV,84559bc3,3,4,0.9836379289627075
DEV,84559bc3,4,1,0.9466353058815002
DEV,84559bc3,4,2,0.9801390171051025
DEV,84559bc3,4,3,0.9836379289627075
DEV,84559bc3,4,4,1.0000001192092896
DEV,e65ntk3s,1,1,0.9999998807907104
DEV,e65ntk3s,1,2,0.9569019675254822
DEV,e65ntk3s,1,3,0.965302050113678
DEV,e65ntk3s,1,4,0.9712384939193726
DEV,e65ntk3s,1,5,0.9648726582527161
DEV,e65ntk3s,1,6,0.9704967141151428
DEV,e65ntk3s,1,7,0.9506813883781433
DEV,e65ntk3s,1,8,0.9559091329574585
DEV,e65ntk3s,1,9,0.9826701283454895
DEV,e65ntk3s,1,10,0.9735090136528015
DEV,e65ntk3s,2,1,0.9569019675254822
DEV,e65ntk3s,2,2,1.0
DEV,e65ntk3s,2,3,0.9863104820251465
DEV,e65ntk3s,2,4,0.9959958791732788
DEV,e65ntk3s,2,5,0.9438490271568298
DEV,e65ntk3s,2,6,0.9845237135887146
DEV,e65ntk3s,2,7,0.9435178637504578
DEV,e65ntk3s,2,8,0.9623072147369385
DEV,e65ntk3s,2,9,0.988440752029419
DEV,e65ntk3s,2,10,0.9801925420761108
DEV,e65ntk3s,3,1,0.965302050113678
DEV,e65ntk3s,3,2,0.9863104820251465
DEV,e65ntk3s,3,3,1.0
DEV,e65ntk3s,3,4,0.990837812423706
DEV,e65ntk3s,3,5,0.9665533304214478
DEV,e65ntk3s,3,6,0.9887903928756714
DEV,e65ntk3s,3,7,0.9732269048690796
DEV,e65ntk3s,3,8,0.9871968030929565
DEV,e65ntk3s,3,9,0.9812443256378174
DEV,e65ntk3s,3,10,0.9828945994377136
DEV,e65ntk3s,4,1,0.9712384939193726
DEV,e65ntk3s,4,2,0.9959958791732788
DEV,e65ntk3s,4,3,0.990837812423706
DEV,e65ntk3s,4,4,1.0000001192092896
DEV,e65ntk3s,4,5,0.9582937359809875
DEV,e65ntk3s,4,6,0.9889673590660095
DEV,e65ntk3s,4,7,0.9568910002708435
DEV,e65ntk3s,4,8,0.9716182947158813
DEV,e65ntk3s,4,9,0.991600751876831
DEV,e65ntk3s,4,10,0.9890192747116089
DEV,e65ntk3s,5,1,0.9648726582527161
DEV,e65ntk3s,5,2,0.9438490271568298
DEV,e65ntk3s,5,3,0.9665533304214478
DEV,e65ntk3s,5,4,0.9582937359809875
DEV,e65ntk3s,5,5,0.9999998807907104
DEV,e65ntk3s,5,6,0.9787865877151489
DEV,e65ntk3s,5,7,0.990862250328064
DEV,e65ntk3s,5,8,0.9881261587142944
DEV,e65ntk3s,5,9,0.9657831788063049
DEV,e65ntk3s,5,10,0.9697450399398804
DEV,e65ntk3s,6,1,0.9704967141151428
DEV,e65ntk3s,6,2,0.9845237135887146
DEV,e65ntk3s,6,3,0.9887903928756714
DEV,e65ntk3s,6,4,0.9889673590660095
DEV,e65ntk3s,6,5,0.9787865877151489
DEV,e65ntk3s,6,6,1.0
DEV,e65ntk3s,6,7,0.9685617089271545
DEV,e65ntk3s,6,8,0.9818617105484009
DEV,e65ntk3s,6,9,0.9856270551681519
DEV,e65ntk3s,6,10,0.9807925224304199
DEV,e65ntk3s,7,1,0.9506813883781433
DEV,e65ntk3s,7,2,0.9435178637504578
DEV,e65ntk3s,7,3,0.9732269048690796
DEV,e65ntk3s,7,4,0.9568910002708435
DEV,e65ntk3s,7,5,0.990862250328064
DEV,e65ntk3s,7,6,0.9685617089271545
DEV,e65ntk3s,7,7,1.0
DEV,e65ntk3s,7,8,0.996587336063385
DEV,e65ntk3s,7,9,0.9576267600059509
DEV,e65ntk3s,7,10,0.9651890993118286
DEV,e65ntk3s,8,1,0.9559091329574585
DEV,e65ntk3s,8,2,0.9623072147369385
DEV,e65ntk3s,8,3,0.9871968030929565
DEV,e65ntk3s,8,4,0.9716182947158813
DEV,e65ntk3s,8,5,0.9881261587142944
DEV,e65ntk3s,8,6,0.9818617105484009
DEV,e65ntk3s,8,7,0.996587336063385
DEV,e65ntk3s,8,8,0.9999998807907104
DEV,e65ntk3s,8,9,0.9683113694190979
DEV,e65ntk3s,8,10,0.973098635673523
DEV,e65ntk3s,9,1,0.9826701283454895
DEV,e65ntk3s,9,2,0.988440752029419
DEV,e65ntk3s,9,3,0.9812443256378174
DEV,e65ntk3s,9,4,0.991600751876831
DEV,e65ntk3s,9,5,0.9657831788063049
DEV,e65ntk3s,9,6,0.9856270551681519
DEV,e65ntk3s,9,7,0.9576267600059509
DEV,e65ntk3s,9,8,0.9683113694190979
DEV,e65ntk3s,9,9,1.0
DEV,e65ntk3s,9,10,0.9900340437889099
DEV,e65ntk3s,10,1,0.9735090136528015
DEV,e65ntk3s,10,2,0.9801925420761108
DEV,e65ntk3s,10,3,0.9828945994377136
DEV,e65ntk3s,10,4,0.9890192747116089
DEV,e65ntk3s,10,5,0.9697450399398804
DEV,e65ntk3s,10,6,0.9807925224304199
DEV,e65ntk3s,10,7,0.9651890993118286
DEV,e65ntk3s,10,8,0.973098635673523
DEV,e65ntk3s,10,9,0.9900340437889099
DEV,e65ntk3s,10,10,0.9999999403953552
DEV,r5frlifm,1,1,1.0
DEV,r5frlifm,1,2,0.9916616082191467
DEV,r5frlifm,1,3,0.9925932884216309
DEV,r5frlifm,1,4,0.9926789999008179
DEV,r5frlifm,1,5,0.9916630983352661
DEV,r5frlifm,1,6,0.9908690452575684
DEV,r5frlifm,1,7,0.9908071160316467
DEV,r5frlifm,1,8,0.9878095984458923
DEV,r5frlifm,1,9,0.9870516061782837
DEV,r5frlifm,1,10,0.9885146021842957
DEV,r5frlifm,1,11,0.9841933846473694
DEV,r5frlifm,1,12,0.9795137643814087
DEV,r5frlifm,1,13,0.9789100289344788
DEV,r5frlifm,1,14,0.9743036031723022
DEV,r5frlifm,1,15,0.9468482136726379
DEV,r5frlifm,2,1,0.9916616082191467
DEV,r5frlifm,2,2,0.9999998807907104
DEV,r5frlifm,2,3,0.997560977935791
DEV,r5frlifm,2,4,0.9954522848129272
DEV,r5frlifm,2,5,0.9953639507293701
DEV,r5frlifm,2,6,0.9935103058815002
DEV,r5frlifm,2,7,0.9954909086227417
DEV,r5frlifm,2,8,0.9935522675514221
DEV,r5frlifm,2,9,0.9926733374595642
DEV,r5frlifm,2,10,0.9971200227737427
DEV,r5frlifm,2,11,0.9970678091049194
DEV,r5frlifm,2,12,0.9933765530586243
DEV,r5frlifm,2,13,0.9928964972496033
DEV,r5frlifm,2,14,0.991421103477478
DEV,r5frlifm,2,15,0.9673049449920654
DEV,r5frlifm,3,1,0.9925932884216309
DEV,r5frlifm,3,2,0.997560977935791
DEV,r5frlifm,3,3,1.0
DEV,r5frlifm,3,4,0.9994257688522339
DEV,r5frlifm,3,5,0.9992304444313049
DEV,r5frlifm,3,6,0.9985566139221191
DEV,r5frlifm,3,7,0.9988621473312378
DEV,r5frlifm,3,8,0.9982289671897888
DEV,r5frlifm,3,9,0.9971228241920471
DEV,r5frlifm,3,10,0.9981561303138733
DEV,r5frlifm,3,11,0.9959250688552856
DEV,r5frlifm,3,12,0.9940716624259949
DEV,r5frlifm,3,13,0.9925739169120789
DEV,r5frlifm,3,14,0.9885599613189697
DEV,r5frlifm,3,15,0.9559743404388428
DEV,r5frlifm,4,1,0.9926789999008179
DEV,r5frlifm,4,2,0.9954522848129272
DEV,r5frlifm,4,3,0.9994257688522339
DEV,r5frlifm,4,4,0.9999998807907104
DEV,r5frlifm,4,5,0.9997707605361938
DEV,r5frlifm,4,6,0.9989620447158813
DEV,r5frlifm,4,7,0.9991006255149841
DEV,r5frlifm,4,8,0.9987525939941406
DEV,r5frlifm,4,9,0.9980548620223999
DEV,r5frlifm,4,10,0.9975419640541077
DEV,r5frlifm,4,11,0.9945678114891052
DEV,r5frlifm,4,12,0.9933306574821472
DEV,r5frlifm,4,13,0.991962194442749
DEV,r5frlifm,4,14,0.9870227575302124
DEV,r5frlifm,4,15,0.9510263204574585
DEV,r5frlifm,5,1,0.9916630983352661
DEV,r5frlifm,5,2,0.9953639507293701
DEV,r5frlifm,5,3,0.9992304444313049
DEV,r5frlifm,5,4,0.9997707605361938
DEV,r5frlifm,5,5,1.0
DEV,r5frlifm,5,6,0.9989070296287537
DEV,r5frlifm,5,7,0.9989811778068542
DEV,r5frlifm,5,8,0.999214768409729
DEV,r5frlifm,5,9,0.9978048205375671
DEV,r5frlifm,5,10,0.9975814819335938
DEV,r5frlifm,5,11,0.9949495792388916
DEV,r5frlifm,5,12,0.9940440058708191
DEV,r5frlifm,5,13,0.9924808740615845
DEV,r5frlifm,5,14,0.9879056811332703
DEV,r5frlifm,5,15,0.9548450112342834
DEV,r5frlifm,6,1,0.9908690452575684
DEV,r5frlifm,6,2,0.9935103058815002
DEV,r5frlifm,6,3,0.9985566139221191
DEV,r5frlifm,6,4,0.9989620447158813
DEV,r5frlifm,6,5,0.9989070296287537
DEV,r5frlifm,6,6,1.0
DEV,r5frlifm,6,7,0.9992085695266724
DEV,r5frlifm,6,8,0.9989092350006104
DEV,r5frlifm,6,9,0.9975031018257141
DEV,r5frlifm,6,10,0.9970171451568604
DEV,r5frlifm,6,11,0.9934871792793274
DEV,r5frlifm,6,12,0.9931924939155579
DEV,r5frlifm,6,13,0.9906429052352905
DEV,r5frlifm,6,14,0.9845741987228394
DEV,r5frlifm,6,15,0.950741171836853
DEV,r5frlifm,7,1,0.9908071160316467
DEV,r5frlifm,7,2,0.9954909086227417
DEV,r5frlifm,7,3,0.9988621473312378
DEV,r5frlifm,7,4,0.9991006255149841
DEV,r5frlifm,7,5,0.9989811778068542
DEV,r5frlifm,7,6,0.9992085695266724
DEV,r5frlifm,7,7,1.0000001192092896
DEV,r5frlifm,7,8,0.9987537264823914
DEV,r5frlifm,7,9,0.9987371563911438
DEV,r5frlifm,7,10,0.9989497661590576
DEV,r5frlifm,7,11,0.9965294003486633
DEV,r5frlifm,7,12,0.9958869218826294
DEV,r5frlifm,7,13,0.9944446086883545
DEV,r5frlifm,7,14,0.9895145893096924
DEV,r5frlifm,7,15,0.9557814598083496
DEV,r5frlifm,8,1,0.9878095984458923
DEV,r5frlifm,8,2,0.9935522675514221
DEV,r5frlifm,8,3,0.9982289671897888
DEV,r5frlifm,8,4,0.9987525939941406
DEV,r5frlifm,8,5,0.999214768409729
DEV,r5frlifm,8,6,0.9989092350006104
DEV,r5frlifm,8,7,0.9987537264823914
DEV,r5frlifm,8,8,1.0
DEV,r5frlifm,8,9,0.9985122680664062
DEV,r5frlifm,8,10,0.9978064894676208
DEV,r5frlifm,8,11,0.9953487515449524
DEV,r5frlifm,8,12,0.9959297180175781
DEV,r5frlifm,8,13,0.9939393997192383
DEV,r5frlifm,8,14,0.989215075969696
DEV,r5frlifm,8,15,0.955312192440033
DEV,r5frlifm,9,1,0.9870516061782837
DEV,r5frlifm,9,2,0.9926733374595642
DEV,r5frlifm,9,3,0.9971228241920471
DEV,r5frlifm,9,4,0.9980548620223999
DEV,r5frlifm,9,5,0.9978048205375671
DEV,r5frlifm,9,6,0.9975031018257141
DEV,r5frlifm,9,7,0.9987371563911438
DEV,r5frlifm,9,8,0.9985122680664062
DEV,r5frlifm,9,9,1.0
DEV,r5frlifm,9,10,0.998312771320343
DEV,r5frlifm,9,11,0.9960189461708069
DEV,r5frlifm,9,12,0.9967281818389893
DEV,r5frlifm,9,13,0.9958415031433105
DEV,r5frlifm,9,14,0.991026759147644
DEV,r5frlifm,9,15,0.9494189023971558
DEV,r5frlifm,10,1,0.9885146021842957
DEV,r5frlifm,10,2,0.9971200227737427
DEV,r5frlifm,10,3,0.9981561303138733
DEV,r5frlifm,10,4,0.9975419640541077
DEV,r5frlifm,10,5,0.9975814819335938
DEV,r5frlifm,10,6,0.9970171451568604
DEV,r5frlifm,10,7,0.9989497661590576
DEV,r5frlifm,10,8,0.9978064894676208
DEV,r5frlifm,10,9,0.998312771320343
DEV,r5frlifm,10,10,1.0
DEV,r5frlifm,10,11,0.9990566968917847
DEV,r5frlifm,10,12,0.9982863068580627
DEV,r5frlifm,10,13,0.9976010322570801
DEV,r5frlifm,10,14,0.9944533705711365
DEV,r5frlifm,10,15,0.9623479247093201
DEV,r5frlifm,11,1,0.9841933846473694
DEV,r5frlifm,11,2,0.9970678091049194
DEV,r5frlifm,11,3,0.9959250688552856
DEV,r5frlifm,11,4,0.9945678114891052
DEV,r5frlifm,11,5,0.9949495792388916
DEV,r5frlifm,11,6,0.9934871792793274
DEV,r5frlifm,11,7,0.9965294003486633
DEV,r5frlifm,11,8,0.9953487515449524
DEV,r5frlifm,11,9,0.9960189461708069
DEV,r5frlifm,11,10,0.9990566968917847
DEV,r5frlifm,11,11,0.9999998211860657
DEV,r5frlifm,11,12,0.9989630579948425
DEV,r5frlifm,11,13,0.9986719489097595
DEV,r5frlifm,11,14,0.9971684217453003
DEV,r5frlifm,11,15,0.9694649577140808
DEV,r5frlifm,12,1,0.9795137643814087
DEV,r5frlifm,12,2,0.9933765530586243
DEV,r5frlifm,12,3,0.9940716624259949
DEV,r5frlifm,12,4,0.9933306574821472
DEV,r5frlifm,12,5,0.9940440058708191
DEV,r5frlifm,12,6,0.9931924939155579
DEV,r5frlifm,12,7,0.9958869218826294
DEV,r5frlifm,12,8,0.9959297180175781
DEV,r5frlifm,12,9,0.9967281818389893
DEV,r5frlifm,12,10,0.9982863068580627
DEV,r5frlifm,12,11,0.9989630579948425
DEV,r5frlifm,12,12,1.0
DEV,r5frlifm,12,13,0.9992685914039612
DEV,r5frlifm,12,14,0.9971551895141602
DEV,r5frlifm,12,15,0.9661094546318054
DEV,r5frlifm,13,1,0.9789100289344788
DEV,r5frlifm,13,2,0.9928964972496033
DEV,r5frlifm,13,3,0.9925739169120789
DEV,r5frlifm,13,4,0.991962194442749
DEV,r5frlifm,13,5,0.9924808740615845
DEV,r5frlifm,13,6,0.9906429052352905
DEV,r5frlifm,13,7,0.9944446086883545
DEV,r5frlifm,13,8,0.9939393997192383
DEV,r5frlifm,13,9,0.9958415031433105
DEV,r5frlifm,13,10,0.9976010322570801
DEV,r5frlifm,13,11,0.9986719489097595
DEV,r5frlifm,13,12,0.9992685914039612
DEV,r5frlifm,13,13,1.0000001192092896
DEV,r5frlifm,13,14,0.9987989068031311
DEV,r5frlifm,13,15,0.9664777517318726
DEV,r5frlifm,14,1,0.9743036031723022
DEV,r5frlifm,14,2,0.991421103477478
DEV,r5frlifm,14,3,0.9885599613189697
DEV,r5frlifm,14,4,0.9870227575302124
DEV,r5frlifm,14,5,0.9879056811332703
DEV,r5frlifm,14,6,0.9845741987228394
DEV,r5frlifm,14,7,0.9895145893096924
DEV,r5frlifm,14,8,0.989215075969696
DEV,r5frlifm,14,9,0.991026759147644
DEV,r5frlifm,14,10,0.9944533705711365
DEV,r5frlifm,14,11,0.9971684217453003
DEV,r5frlifm,14,12,0.9971551895141602
DEV,r5frlifm,14,13,0.9987989068031311
DEV,r5frlifm,14,14,1.0000001192092896
DEV,r5frlifm,14,15,0.9724700450897217
DEV,r5frlifm,15,1,0.9468482136726379
DEV,r5frlifm,15,2,0.9673049449920654
DEV,r5frlifm,15,3,0.9559743404388428
DEV,r5frlifm,15,4,0.9510263204574585
DEV,r5frlifm,15,5,0.9548450112342834
DEV,r5frlifm,15,6,0.950741171836853
DEV,r5frlifm,15,7,0.9557814598083496
DEV,r5frlifm,15,8,0.955312192440033
DEV,r5frlifm,15,9,0.9494189023971558
DEV,r5frlifm,15,10,0.9623479247093201
DEV,r5frlifm,15,11,0.9694649577140808
DEV,r5frlifm,15,12,0.9661094546318054
DEV,r5frlifm,15,13,0.9664777517318726
DEV,r5frlifm,15,14,0.9724700450897217
DEV,r5frlifm,15,15,1.0000001192092896
DEV,sxmx6adc,1,1,1.0000001192092896
DEV,sxmx6adc,1,2,0.9900067448616028
DEV,sxmx6adc,1,3,0.8896359801292419
DEV,sxmx6adc,1,4,0.891757607460022
DEV,sxmx6adc,2,1,0.9900067448616028
DEV,sxmx6adc,2,2,1.0
DEV,sxmx6adc,2,3,0.8818333148956299
DEV,sxmx6adc,2,4,0.8966168165206909
DEV,sxmx6adc,3,1,0.8896359801292419
DEV,sxmx6adc,3,2,0.8818333148956299
DEV,sxmx6adc,3,3,0.9999998807907104
DEV,sxmx6adc,3,4,0.9684826731681824
DEV,sxmx6adc,4,1,0.891757607460022
DEV,sxmx6adc,4,2,0.8966168165206909
DEV,sxmx6adc,4,3,0.9684826731681824
DEV,sxmx6adc,4,4,1.0
