split,video,n_frames,n_objects,candidate_rows,pointer_rows,anchor_pointer_rows,peak_memory_allocated_gb,runtime_sec,exp022_object_score_max_abs_diff,exp022_pointer_valid_all_equal,exp022_valid_anchor_cos_max_abs_diff,primitives_sha256,pointers_sha256
TRAIN,0442a954,136,2,270,270,2,6.417892932891846,20.60302972793579,0.0,True,0.0,195d2a0696979354788efc318f8e3c88a2ef0ca3a77de1b5a12e995838b4a53b,580dbccbdc3457d34613129abfc7ef7370c327d6725eb02a63d2376c68f271a6
TRAIN,0f7r7f3f,356,2,710,710,2,9.358408451080322,49.696964263916016,0.0,True,0.0,8e330926506c02ecbcce981b460278bcf7a9f197928ec429b6df6041c458d1ab,8d7b1029e8ca4f15899d9814f4a67063b5f1e8338a2368df09036ae0a82ed811
TRAIN,181ec185,120,9,1071,1071,9,8.31153154373169,36.19709253311157,0.0,True,0.0,7f6a3b6b078dc19c35c8f7fc956fce845653e862149d92e6c0dc0d9bb0ed38ae,bb1b9b1bcd934767a17352b14e3ab5568cb9c6c304128f5f8854b37e4d303b90
TRAIN,3142014e,120,2,238,238,2,6.216122150421143,19.343878030776978,0.0,True,0.0,d83846b4f9fe25c09688aaa698c4f48423685812d10ada0fbe33147c0237eea6,653a903d996970a7bb253d937b5286301bef88d6050f6b03e9c5919aaa7fe259
TRAIN,5a064706,115,6,684,684,6,7.3226728439331055,26.628308296203613,0.0,True,0.0,51e24fad6a422ddf3369a1cf8500741634e0df038cda759bc43f4d71279acd6b,ac2a634abd25baa150a55194a33abc5988f957dcf6df81a30de1a63d409367f5
TRAIN,5hcafebs,190,10,1890,1890,10,10.127324104309082,74.18617749214172,0.0,True,0.0,2f98641d7e746a27fcc4e4a0ea553d6354bd3b25f616b867c758e0bac8241496,c4ab77eebffc65c1b267c1346ccdf9908f7357fcb1cd5c19a88309bb716fe41b
TRAIN,6bbyqk3u,310,2,618,618,2,8.749587535858154,46.484760761260986,0.0,True,0.0,c811925f647e4761796c9a6abfe405c0646bf51dd4db067628b663b54b7c6eee,b2d7055b44dd72f82c16ba01b62b7c562122b50e84a5164889c65e2157037f17
TRAIN,7744dc51,102,7,707,707,7,7.4025726318359375,23.679039478302002,0.0,True,0.0,d92a56bcdaad95b0812b6f7721b8c1562e91fb83104ba3bae3294813747fff2d,1112e410021cd1024d57679c5566a14b89147e94c8bf1a5dc167bbabd1f358c6
TRAIN,82a3db34,150,4,596,596,4,7.281569004058838,27.336840867996216,0.0,True,0.0,27d33188df0a26eb44df32e07a4c8d701645c26828a57571820b18d30d8b12e4,fd193d6b8a40aee89e7841ff6b89f48c36f700b56af09715ef4713a8a5842561
TRAIN,89b671bb,114,5,565,565,5,7.034762382507324,25.270023107528687,0.0,True,0.0,5e67d809f2d026d809c81b4bc4a3e0729d9697d65610ccdbc945bc1fb2d7dd40,41226be9b8f1128e7ec44620b257801b66fcb58f9088c42909185f7a8c07710e
TRAIN,9e85179b,210,5,1045,1045,5,8.640888214111328,49.12514543533325,0.0,True,0.0,88ebc5f6fc8332a8dfc18d717bf104225ed6c187f53e2d4d46a782bc57294d25,1a88f0f28a18dfd72f44067413d382981047dc729f9eedb2e1e74d0bf3876ccc
TRAIN,emd2bu78,107,2,212,212,2,6.037188529968262,14.839280843734741,0.0,True,0.0,eaa2776e89ac5918baeabef91bf8f162474985a89acb6e5f9d0ed87089865ebf,0b77785ea9022adf0e3ec53db9bd1466274ca42643717d8afdc82bbb02430d73
TRAIN,fc0qnjw2,143,3,426,426,3,6.87455415725708,23.41785454750061,0.0,True,0.0,022ec379862f982c4d67729defc1b35aa8cc4ce4dcf68cfc26b69c4b91db22c2,4ce263cfcb6857d4d30e5df048597f8145e5522973d48bca6869c650e58e611a
TRAIN,l1kmuosm,119,3,354,354,3,6.539041996002197,22.20249915122986,0.0,True,0.0,6ff498112ce4c00fd00cb6221dfb9b7837461768a56a146ca68fa4b75b3b3007,5c7cf03e85372e7c17d7e7932d7f16a4a93ca743a94d4037a3179d84edfde72e
TRAIN,qb8rh6ap,231,2,460,460,2,7.676774978637695,31.436190366744995,0.0,True,0.0,5c6824cead24649173fc932e2bda538bf8eba36c1f4be9f43fb7641b64a6c23b,ca62f5bcdbced3562d86178426790451e9718eb094c59f3f2861c44a75049550
TRAIN,sfbg4630,136,20,2700,2700,20,9.92571210861206,83.65864753723145,0.0,True,0.0,c476f35a31d45403df918d85bc687977ff3b7b11f93f438e041498559b7a435b,a913ee6f286be9faaf839223f744099a012579e0d98a5300bbf7af73cb6bbf44
TRAIN,vjl6snjk,107,5,530,530,5,6.96081018447876,27.25034785270691,0.0,True,0.0,58fa330ecf62850aac85c3df3a2a51ae6132a6b965c4fb5ed1484d7db95d3ea5,12c388e7c7a4aa786018f9da0e1dedf7877841c0a9e63795704bb54e7b99cd46
TRAIN,ydnmsfmq,225,2,448,448,2,7.614585876464844,32.28624653816223,0.0,True,0.0,ae9f14a82ed6a47ed388f8e033d2a83eed9ea6f319dcafa4e2e459644b558ed4,daab8a88fe426a9bbf0aac268a843c7ccd1fa985f98d6be77cdc95c8049db796
