comparison,frame_idx,object_id,mask_exact,xor_px,object_score_logits_exact,iou_score_exact,obj_ptr_exact,maskmem_features_exact
VANILLA_vs_ROWWISE_FULL_MEMORY,0,1,1,0,1,1,1,1
VANILLA_vs_ROWWISE_FULL_MEMORY,0,2,1,0,1,1,1,1
VANILLA_vs_ROWWISE_FULL_MEMORY,1,1,0,3,1,1,0,0
VANILLA_vs_ROWWISE_FULL_MEMORY,1,2,1,0,1,1,1,1
VANILLA_vs_ROWWISE_FULL_MEMORY,2,1,0,7,0,1,0,0
VANILLA_vs_ROWWISE_FULL_MEMORY,2,2,1,0,1,1,1,1
VANILLA_vs_ROWWISE_FULL_MEMORY,3,1,0,6,1,1,0,0
VANILLA_vs_ROWWISE_FULL_MEMORY,3,2,1,0,1,1,1,1
VANILLA_vs_ROWWISE_FULL_MEMORY,4,1,0,4,1,1,0,0
VANILLA_vs_ROWWISE_FULL_MEMORY,4,2,1,0,1,1,1,1
VANILLA_vs_ROWWISE_FULL_MEMORY,5,1,0,2,1,1,0,0
VANILLA_vs_ROWWISE_FULL_MEMORY,5,2,1,0,1,1,1,1
VANILLA_vs_ROWWISE_FULL_MEMORY,6,1,0,4,1,1,0,0
VANILLA_vs_ROWWISE_FULL_MEMORY,6,2,1,0,1,1,1,1
VANILLA_vs_ROWWISE_FULL_MEMORY,7,1,0,7,0,1,0,0
VANILLA_vs_ROWWISE_FULL_MEMORY,7,2,1,0,1,1,1,1
VANILLA_vs_ROWWISE_FULL_MEMORY,8,1,0,2,0,1,0,0
VANILLA_vs_ROWWISE_FULL_MEMORY,8,2,1,0,1,1,1,1
VANILLA_vs_ROWWISE_FULL_MEMORY,9,1,0,7,1,1,0,0
VANILLA_vs_ROWWISE_FULL_MEMORY,9,2,1,0,1,1,1,1
VANILLA_vs_ROWWISE_FULL_MEMORY,10,1,0,9,0,0,0,0
VANILLA_vs_ROWWISE_FULL_MEMORY,10,2,1,0,1,1,1,1
VANILLA_vs_ROWWISE_FULL_MEMORY,11,1,0,6,1,1,0,0
VANILLA_vs_ROWWISE_FULL_MEMORY,11,2,1,0,1,1,1,1
VANILLA_vs_ROWWISE_FULL_MEMORY,12,1,0,3,0,1,0,0
VANILLA_vs_ROWWISE_FULL_MEMORY,12,2,1,0,1,1,1,1
VANILLA_vs_ROWWISE_FULL_MEMORY,13,1,0,9,1,1,0,0
VANILLA_vs_ROWWISE_FULL_MEMORY,13,2,1,0,1,1,1,1
VANILLA_vs_ROWWISE_FULL_MEMORY,14,1,0,2,0,1,0,0
VANILLA_vs_ROWWISE_FULL_MEMORY,14,2,1,0,1,1,1,1
VANILLA_vs_ROWWISE_FULL_MEMORY,15,1,0,3,1,1,0,0
VANILLA_vs_ROWWISE_FULL_MEMORY,15,2,1,0,1,1,1,1
VANILLA_vs_ROWWISE_FULL_MEMORY,16,1,0,9,1,1,0,0
VANILLA_vs_ROWWISE_FULL_MEMORY,16,2,1,0,1,1,1,1
VANILLA_vs_ROWWISE_FULL_MEMORY,17,1,0,2,1,1,0,0
VANILLA_vs_ROWWISE_FULL_MEMORY,17,2,1,0,1,1,1,1
VANILLA_vs_ROWWISE_FULL_MEMORY,18,1,0,3,1,1,0,0
VANILLA_vs_ROWWISE_FULL_MEMORY,18,2,1,0,1,1,1,1
VANILLA_vs_ROWWISE_FULL_MEMORY,19,1,0,4,0,1,0,0
VANILLA_vs_ROWWISE_FULL_MEMORY,19,2,1,0,1,1,1,1
VANILLA_vs_ROWWISE_FULL_MEMORY,20,1,0,3,1,1,0,0
VANILLA_vs_ROWWISE_FULL_MEMORY,20,2,1,0,1,1,1,1
VANILLA_vs_ROWWISE_FULL_MEMORY,21,1,0,1,0,0,0,0
VANILLA_vs_ROWWISE_FULL_MEMORY,21,2,1,0,1,1,1,1
VANILLA_vs_ROWWISE_FULL_MEMORY,22,1,1,0,0,0,1,1
VANILLA_vs_ROWWISE_FULL_MEMORY,22,2,1,0,1,1,1,1
VANILLA_vs_ROWWISE_FULL_MEMORY,23,1,1,0,0,0,1,1
VANILLA_vs_ROWWISE_FULL_MEMORY,23,2,1,0,1,1,1,1
VANILLA_vs_ROWWISE_FULL_MEMORY,24,1,1,0,0,1,1,1
VANILLA_vs_ROWWISE_FULL_MEMORY,24,2,1,0,1,1,1,1
VANILLA_vs_ROWWISE_FULL_MEMORY,25,1,1,0,1,1,1,1
VANILLA_vs_ROWWISE_FULL_MEMORY,25,2,1,0,1,1,1,1
VANILLA_vs_ROWWISE_FULL_MEMORY,26,1,1,0,1,0,1,1
VANILLA_vs_ROWWISE_FULL_MEMORY,26,2,1,0,1,1,1,1
VANILLA_vs_ROWWISE_FULL_MEMORY,27,1,1,0,1,1,1,1
VANILLA_vs_ROWWISE_FULL_MEMORY,27,2,1,0,1,1,1,1
VANILLA_vs_ROWWISE_FULL_MEMORY,28,1,1,0,1,1,1,1
VANILLA_vs_ROWWISE_FULL_MEMORY,28,2,1,0,1,1,1,1
VANILLA_vs_ROWWISE_FULL_MEMORY,29,1,1,0,1,1,1,1
VANILLA_vs_ROWWISE_FULL_MEMORY,29,2,1,0,1,1,1,1
VANILLA_vs_ROWWISE_FULL_MEMORY,30,1,1,0,1,0,1,1
VANILLA_vs_ROWWISE_FULL_MEMORY,30,2,1,0,1,1,1,1
VANILLA_vs_ROWWISE_FULL_MEMORY,31,1,1,0,0,1,1,1
VANILLA_vs_ROWWISE_FULL_MEMORY,31,2,1,0,1,1,1,1
VANILLA_vs_ROWWISE_FULL_MEMORY,32,1,1,0,0,0,1,1
VANILLA_vs_ROWWISE_FULL_MEMORY,32,2,1,0,1,1,1,1
VANILLA_vs_ROWWISE_FULL_MEMORY,33,1,1,0,0,1,1,1
VANILLA_vs_ROWWISE_FULL_MEMORY,33,2,1,0,1,1,1,1
VANILLA_vs_ROWWISE_FULL_MEMORY,34,1,1,0,1,0,1,1
VANILLA_vs_ROWWISE_FULL_MEMORY,34,2,1,0,1,1,1,1
VANILLA_vs_ROWWISE_FULL_MEMORY,35,1,1,0,0,0,1,1
VANILLA_vs_ROWWISE_FULL_MEMORY,35,2,1,0,1,1,1,1
VANILLA_vs_ROWWISE_FULL_MEMORY,36,1,1,0,0,0,1,1
VANILLA_vs_ROWWISE_FULL_MEMORY,36,2,1,0,1,1,1,1
VANILLA_vs_ROWWISE_FULL_MEMORY,37,1,1,0,0,0,1,1
VANILLA_vs_ROWWISE_FULL_MEMORY,37,2,1,0,1,1,1,1
VANILLA_vs_ROWWISE_FULL_MEMORY,38,1,1,0,1,0,1,1
VANILLA_vs_ROWWISE_FULL_MEMORY,38,2,1,0,1,1,1,1
VANILLA_vs_ROWWISE_FULL_MEMORY,39,1,0,3,0,0,0,0
VANILLA_vs_ROWWISE_FULL_MEMORY,39,2,1,0,1,1,1,1
VANILLA_vs_ROWWISE_FULL_MEMORY,40,1,0,4,0,1,0,0
VANILLA_vs_ROWWISE_FULL_MEMORY,40,2,1,0,1,1,1,1
VANILLA_vs_ROWWISE_FULL_MEMORY,41,1,0,6,1,0,0,0
VANILLA_vs_ROWWISE_FULL_MEMORY,41,2,1,0,1,1,1,1
VANILLA_vs_ROWWISE_FULL_MEMORY,42,1,0,1,0,1,0,0
VANILLA_vs_ROWWISE_FULL_MEMORY,42,2,1,0,1,1,1,1
VANILLA_vs_ROWWISE_FULL_MEMORY,43,1,0,1,1,1,0,0
VANILLA_vs_ROWWISE_FULL_MEMORY,43,2,1,0,1,1,1,1
VANILLA_vs_ROWWISE_FULL_MEMORY,44,1,0,4,1,1,0,0
VANILLA_vs_ROWWISE_FULL_MEMORY,44,2,1,0,1,1,1,1
VANILLA_vs_ROWWISE_FULL_MEMORY,45,1,0,1,1,1,0,0
VANILLA_vs_ROWWISE_FULL_MEMORY,45,2,1,0,1,1,1,1
VANILLA_vs_ROWWISE_FULL_MEMORY,46,1,0,1,0,1,0,0
VANILLA_vs_ROWWISE_FULL_MEMORY,46,2,1,0,1,1,1,1
VANILLA_vs_ROWWISE_FULL_MEMORY,47,1,0,3,1,1,0,0
VANILLA_vs_ROWWISE_FULL_MEMORY,47,2,1,0,1,1,1,1
VANILLA_vs_ROWWISE_FULL_MEMORY,48,1,0,3,1,1,0,0
VANILLA_vs_ROWWISE_FULL_MEMORY,48,2,1,0,1,1,1,1
VANILLA_vs_ROWWISE_FULL_MEMORY,49,1,0,1,1,1,0,0
VANILLA_vs_ROWWISE_FULL_MEMORY,49,2,1,0,1,1,1,1
VANILLA_vs_ROWWISE_FULL_MEMORY,50,1,1,0,1,1,0,0
VANILLA_vs_ROWWISE_FULL_MEMORY,50,2,1,0,1,1,1,1
VANILLA_vs_ROWWISE_FULL_MEMORY,51,1,0,1,1,1,0,0
VANILLA_vs_ROWWISE_FULL_MEMORY,51,2,1,0,1,1,1,1
VANILLA_vs_ROWWISE_FULL_MEMORY,52,1,0,4,1,0,0,0
VANILLA_vs_ROWWISE_FULL_MEMORY,52,2,1,0,1,1,1,1
VANILLA_vs_ROWWISE_FULL_MEMORY,53,1,0,2,0,1,0,0
VANILLA_vs_ROWWISE_FULL_MEMORY,53,2,1,0,1,1,1,1
VANILLA_vs_ROWWISE_FULL_MEMORY,54,1,0,1,1,1,0,0
VANILLA_vs_ROWWISE_FULL_MEMORY,54,2,1,0,1,1,1,1
VANILLA_vs_ROWWISE_FULL_MEMORY,55,1,0,1,1,1,0,0
VANILLA_vs_ROWWISE_FULL_MEMORY,55,2,1,0,1,1,1,1
VANILLA_vs_ROWWISE_FULL_MEMORY,56,1,0,2,0,1,0,0
VANILLA_vs_ROWWISE_FULL_MEMORY,56,2,1,0,1,1,1,1
VANILLA_vs_ROWWISE_FULL_MEMORY,57,1,0,2,0,1,0,0
VANILLA_vs_ROWWISE_FULL_MEMORY,57,2,1,0,1,1,1,1
VANILLA_vs_ROWWISE_FULL_MEMORY,58,1,0,2,0,1,0,0
VANILLA_vs_ROWWISE_FULL_MEMORY,58,2,1,0,1,1,1,1
VANILLA_vs_ROWWISE_FULL_MEMORY,59,1,0,4,0,1,0,0
VANILLA_vs_ROWWISE_FULL_MEMORY,59,2,1,0,1,1,1,1
