frame,all_visible_object_count,cluster_visible_object_count,all_visible_object_ids,cluster_visible_object_ids
33,10,10,1|2|3|4|5|6|7|8|9|10,1|2|3|4|5|6|7|8|9|10
34,10,10,1|2|3|4|5|6|7|8|9|10,1|2|3|4|5|6|7|8|9|10
35,9,9,1|2|3|4|6|7|8|9|10,1|2|3|4|6|7|8|9|10
36,9,9,1|2|3|4|6|7|8|9|10,1|2|3|4|6|7|8|9|10
37,9,9,1|2|3|4|6|7|8|9|10,1|2|3|4|6|7|8|9|10
38,9,9,1|2|3|4|6|7|8|9|10,1|2|3|4|6|7|8|9|10
39,9,9,1|2|3|4|6|7|8|9|10,1|2|3|4|6|7|8|9|10
40,9,9,1|2|3|4|6|7|8|9|10,1|2|3|4|6|7|8|9|10
41,9,9,1|2|3|4|6|7|8|9|10,1|2|3|4|6|7|8|9|10
42,9,9,1|2|3|4|6|7|8|9|10,1|2|3|4|6|7|8|9|10
43,9,9,1|2|3|4|6|7|8|9|10,1|2|3|4|6|7|8|9|10
44,9,9,1|2|3|4|6|7|8|9|10,1|2|3|4|6|7|8|9|10
45,9,9,1|2|3|4|6|7|8|9|10,1|2|3|4|6|7|8|9|10
46,9,9,1|2|3|4|6|7|8|9|10,1|2|3|4|6|7|8|9|10
47,9,9,1|2|3|4|6|7|8|9|10,1|2|3|4|6|7|8|9|10
48,9,9,1|2|3|4|6|7|8|9|10,1|2|3|4|6|7|8|9|10
49,9,9,1|2|3|4|6|7|8|9|10,1|2|3|4|6|7|8|9|10
50,9,9,1|2|3|4|6|7|8|9|10,1|2|3|4|6|7|8|9|10
51,9,9,1|2|3|4|6|7|8|9|10,1|2|3|4|6|7|8|9|10
52,8,8,2|3|4|6|7|8|9|10,2|3|4|6|7|8|9|10
53,8,8,2|3|4|6|7|8|9|10,2|3|4|6|7|8|9|10
54,7,7,3|4|6|7|8|9|10,3|4|6|7|8|9|10
55,7,7,3|4|6|7|8|9|10,3|4|6|7|8|9|10
56,7,7,3|4|6|7|8|9|10,3|4|6|7|8|9|10
57,7,7,3|4|6|7|8|9|10,3|4|6|7|8|9|10
58,7,7,3|4|6|7|8|9|10,3|4|6|7|8|9|10
59,6,6,3|4|6|7|8|9,3|4|6|7|8|9
60,6,6,3|4|6|7|8|9,3|4|6|7|8|9
61,5,5,3|4|7|8|9,3|4|7|8|9
62,5,5,3|4|7|8|9,3|4|7|8|9
63,5,5,3|4|7|8|9,3|4|7|8|9
64,4,4,3|4|7|8,3|4|7|8
65,4,4,3|4|7|8,3|4|7|8
66,4,4,3|4|7|8,3|4|7|8
67,4,4,3|4|7|8,3|4|7|8
68,4,4,3|4|7|8,3|4|7|8
69,4,4,3|4|7|8,3|4|7|8
70,3,3,3|4|8,3|4|8
71,3,3,3|4|8,3|4|8
72,2,2,4|8,4|8
73,2,2,4|8,4|8
74,2,2,4|8,4|8
75,2,2,4|8,4|8
76,1,1,8,8
77,1,1,8,8
78,1,1,8,8
79,0,0,,
80,0,0,,
81,0,0,,
82,0,0,,
83,0,0,,
84,0,0,,
85,0,0,,
86,0,0,,
87,0,0,,
88,0,0,,
89,0,0,,
90,0,0,,
91,0,0,,
92,0,0,,
93,0,0,,
94,0,0,,
95,0,0,,
96,0,0,,
97,0,0,,
98,0,0,,
99,0,0,,
100,0,0,,
101,0,0,,
102,0,0,,
103,0,0,,
104,0,0,,
105,0,0,,
106,0,0,,
107,0,0,,
108,0,0,,
109,0,0,,
110,0,0,,
111,0,0,,
112,0,0,,
113,0,0,,
114,0,0,,
115,0,0,,
116,0,0,,
117,0,0,,
118,0,0,,
119,0,0,,
120,0,0,,
121,0,0,,
122,0,0,,
123,0,0,,
124,0,0,,
125,0,0,,
126,0,0,,
127,0,0,,
128,0,0,,
129,0,0,,
130,0,0,,
131,0,0,,
132,0,0,,
133,0,0,,
134,0,0,,
135,0,0,,
136,0,0,,
137,0,0,,
138,0,0,,
139,0,0,,
140,0,0,,
141,0,0,,
142,0,0,,
143,0,0,,
144,0,0,,
145,0,0,,
146,0,0,,
147,0,0,,
148,0,0,,
149,0,0,,
150,0,0,,
151,0,0,,
152,0,0,,
153,0,0,,
154,0,0,,
155,0,0,,
156,0,0,,
157,0,0,,
158,0,0,,
159,0,0,,
160,0,0,,
161,0,0,,
162,0,0,,
163,1,1,8,8
164,2,2,4|8,4|8
165,2,2,4|8,4|8
166,3,3,3|4|8,3|4|8
167,5,5,3|4|7|8|10,3|4|7|8|10
168,5,5,3|4|7|8|10,3|4|7|8|10
169,5,5,3|4|7|8|10,3|4|7|8|10
170,6,6,3|4|7|8|9|10,3|4|7|8|9|10
171,7,7,3|4|6|7|8|9|10,3|4|6|7|8|9|10
172,7,7,3|4|6|7|8|9|10,3|4|6|7|8|9|10
173,7,7,3|4|6|7|8|9|10,3|4|6|7|8|9|10
174,8,8,1|3|4|6|7|8|9|10,1|3|4|6|7|8|9|10
175,9,9,1|3|4|5|6|7|8|9|10,1|3|4|5|6|7|8|9|10
176,9,9,1|3|4|5|6|7|8|9|10,1|3|4|5|6|7|8|9|10
177,10,10,1|2|3|4|5|6|7|8|9|10,1|2|3|4|5|6|7|8|9|10
178,10,10,1|2|3|4|5|6|7|8|9|10,1|2|3|4|5|6|7|8|9|10
179,10,10,1|2|3|4|5|6|7|8|9|10,1|2|3|4|5|6|7|8|9|10
