video,visual_cluster
006e6b64,12
028f6f64,9
02a236b4,0
02b72b8d,16
02de2f2a,16
02deca50,0
03012cfd,3
03z5yv5b,3
04ae7a6b,0
04oehxxo,10
06273084,0
06ea172e,7
06ebc138,4
06z6pse9,4
076n9ud8,1
0770ad03,4
07b5d86c,0
07po1k6h,9
08a5c662,4
09d305d1,12
0cbfxuq5,14
0d8d30ae,7
0d967fd1,16
0e05fabe,12
0fc00006,4
0gu8wqpd,11
0hvbhkgs,4
0hyak3az,3
0j354ezu,2
0k0ka5yq,15
0mpk5bxc,16
0q0os99c,10
0qfhv12x,5
0qiandl3,1
0soqbyfo,10
0tlww5ko,4
0u4ufcam,6
0uy7cbug,14
0wrf8ule,0
0xqxup43,12
0y054yaj,3
0zp43ehc,5
0zvohcp2,2
10552818,12
110da3cf,16
111e0a5c,0
11cdeb64,0
125x18d5,16
134a2ab0,0
15c41c4b,16
15e7e4d1,17
15f0b0cd,15
16cggr07,17
18a76zpx,6
18d8931e,0
19247506,0
198021ad,4
199995b5,0
1a6a731f,9
1b1l7h15,8
1c28e081,19
1d3lb4oc,5
1d63qx4j,2
1d64aff3,4
1d7a23e0,0
1e0fb02a,15
1e207fe0,12
1fab1d1c,0
1is3mqqg,0
1jikcikj,10
1mgutbc4,9
1o69tuyr,14
1qjqdu64,17
1qx22u2q,3
1sbd4ima,4
1tfc6bfb,14
1tpliusu,6
1w2d8bhf,1
1wga7gtu,4
20660b72,9
214aeac3,0
214pv9si,0
21fe05d9,12
21r6cy51,16
22167a50,17
225rqpr2,0
228a0234,0
22e8b380,9
22fdee40,0
22p90xzq,2
233406ef,4
23454d80,16
23b9a3ea,16
23df06e1,7
2461z6fp,6
2463609b,15
25153e58,0
254uk60a,5
255f86ef,12
258944c8,15
26163977,0
269872de,0
2786f841,16
28d25ok1,13
2982de7a,0
2a2745e5,0
2a3a0571,12
2b0e34d3,11
2bcd6c3b,0
2bdb692f,12
2bf49664,4
2ea465de,14
2efd5e50,2
2esj86gk,17
2f477d05,15
2fab8h8c,6
2fb5a55b,4
2fc476f9,0
2fkfe27d,17
2gae65s3,5
2i0wbnk1,10
2qjsn6c1,14
2qu4s0et,16
2r58guz2,6
2t8e78ov,3
2tkd7bla,12
2tzepzze,18
2u8x1k06,14
2ug2ry5m,18
2vmoedob,11
2wq92crf,10
2xz9ls1x,9
2yrkujhc,3
2ze3f84n,15
30nvt12k,1
31rry8ca,14
320ohgwr,9
32h0yfhc,6
33602f6b,15
337dfa1e,14
342c0b2a,0
3466ygen,6
34a5f964,12
36mc2h0y,5
37303a3b,9
3784e3f6,0
37af9ac1,15
37b07a28,0
37bb38fe,15
37rs935v,1
3a0f4ml1,8
3a6e6ace,17
3a739934,12
3b19c5c3,0
3b1a4616,7
3b97c07b,12
3bce0gtq,17
3cvo2v88,3
3d08dadd,0
3gumroz3,12
3hfp5bp8,16
3iu5qznd,2
3k63z2kb,4
3k6x255n,5
3kcukszd,3
3m7dxrkv,17
3mcal3cl,19
3mkpwq2r,2
3mynm0b3,11
3ohezf7p,3
3ojyo18h,2
3q5s65nd,3
3rgyid4v,16
3sjgaexp,3
3up9ulso,5
3v5xbt1q,11
3w5jvbwz,5
3wk221hp,3
3wwwxabv,17
3zh20m6g,10
4023fc77,0
414ca58b,12
4201m2wh,3
429zpaoy,16
42dn1p4x,6
43030c4c,2
4344808d,3
43dc67f7,16
46e00caf,16
47891b4c,0
4795259b,4
4819exz4,9
484d48a3,4
48piegqg,16
49s7f9p4,3
4a41cbf8,16
4a6fb202,0
4a7162bd,4
4bhktxfz,8
4c94e4f3,4
4cb11a5f,9
4e0597a0,9
4e05j6cz,16
4e3020fe,0
4ea934d8,9
4fvph6vi,9
4heroisd,9
4jljw05k,5
4lh7zbh8,1
4m4nusqa,12
4numtahu,10
4ny5gf5t,11
4o7up402,9
4rgqys4y,16
4rx06t9m,12
4se4eppr,4
4sjypulp,16
4swjc6h9,1
4usfhcji,11
4vi126r8,16
4znujm0e,2
50qauky1,19
511clhlf,8
51befc31,9
51e5ca25,7
526195de,15
5397b01d,15
53f67585,15
53sca9ee,17
5416fbb7,9
54b9dbba,9
55v46njo,14
578f71da,9
57ad022e,9
58f24fa4,0
59992293,15
5ae23f9f,0
5bad0bab,9
5bc7ea74,19
5csodh3t,10
5d107jy0,17
5e81394i,5
5e9412c0,0
5f3fcff6,0
5gffh7gx,11
5ixdd0df,6
5m4ckpop,17
5ne9na4f,4
5nwr1e15,9
5oe1xea6,9
5rttndn7,7
5vn6m21a,2
5w2wm25n,4
5wf117rp,5
5wsg1nxs,10
5yq4u9wv,14
5z2z78q3,5
5z6j8sms,1
5zabac5l,16
5zxrotef,14
6075d6b0,12
60827ada,15
6092nsl8,3
60f4fa43,0
61403519,9
62529cd4,15
627jnkn9,1
62c501f8,7
63437cf3,0
63qpq8pc,4
64044df1,4
64b89eb5,1
65ll50bt,5
662a1846,16
66a25278,9
673adbcc,0
6783a303,14
68c879f2,4
68d2b259,12
6a50e93a,4
6acd353f,12
6ad44b86,15
6bwl408d,10
6da17988,0
6e2dce1b,0
6f5144b6,0
6f6e6c37,16
6fl146dc,11
6k69zqfl,15
6lf2676j,8
6ljnqtty,6
6m6nyj7h,3
6moh35ox,17
6nnkxfh7,3
6pbz05ig,4
6q2cpioc,0
6t0fk8k0,10
6uspxt1h,9
6y72c98u,12
6yym3qel,3
70bcaf68,15
70n9xuii,16
70xyb5u3,3
70yjjtka,6
71u0twg5,0
723fd024,12
72yz5sum,14
7457k6l5,8
758gaily,11
75bagjky,5
75c34dc5,16
77110e80,0
781af187,0
788da8e8,17
78bf9b51,0
797a7b7e,9
79acac96,0
79af6097,15
7ade3068,0
7b75dace,12
7be91184,15
7bfe9b57,15
7dctqmif,4
7dsy26e9,16
7e704f2e,0
7e709e2d,15
7edd8b4f,0
7fgahwsf,5
7grbiaif,6
7hslvk3q,10
7isbzje8,16
7jwolo4g,3
7k0ragb5,6
7kj92j8k,4
7l85cwoa,4
7mk89tt9,14
7n0qwzrs,2
7ogfnlwi,10
7ologesu,19
7ql545cz,10
7rloc0sf,9
7sro7l05,4
7txdm1bs,8
7v9ztirf,6
7vw4tnzi,10
7wutyllc,8
7ywnbfed,10
7zdbvd3m,5
800b5eac,0
8036b58e,0
80906bf9,0
80a7cf7b,12
80c1bsgj,0
8108b358,14
81d12756,0
81fdc526,9
81sl9avs,2
8248698e,15
82667d52,7
82df0888,12
835qgtax,5
83b7c53c,17
83fko2hp,10
83qvx5bk,6
83y40rzo,5
843d3bf7,15
8466eeb2,0
84cgr6m0,17
851gcyau,4
8554c402,7
85585220,15
86a2b59f,12
86a88668,4
86d5b29b,0
86l5tqpe,11
86vx5lfe,2
8788747f,0
89b5mx0s,1
89fe6899,0
8a48f62a,16
8bb9a221,0
8bex1hz5,17
8euadjai,2
8fa50320,0
8hnrmeu3,2
8jfizvdz,4
8joekpqr,16
8k2g8yo4,5
8os4qdkx,8
8p4phgwd,3
8rcn91yv,15
8tvotg2q,1
8u2tbyaj,14
8xl2rojx,6
8xqb6in8,15
8ypfmpw8,12
905d8740,0
9061dac9,7
91b2f707,12
924f5d88,0
93e22d48,9
94f7c53e,16
95215aa1,15
95hiop0z,11
95ndszvf,18
96on06h2,5
97rmpio3,17
98weslia,18
999e07cb,15
99mkjwfy,0
99nxo22x,9
9a1146b3,9
9agsjvi9,18
9aj0g67z,3
9ap4lfgx,17
9b5f0f47,16
9bbdl24k,4
9byaysdp,2
9c88ae45,16
9cjp8r8h,18
9e3s6s3u,11
9ee59f51,1
9g0v3wxp,12
9im7obz8,11
9kp85suk,10
9lav7dy0,4
9qhx6u5e,6
9uy07xcw,14
9y93ldk0,10
9yevc674,17
VID_20250810_100938,1
a02ed92c,16
a1f4c54d,17
a1fmtf80,14
a20baeec,0
a386eaa2,15
a46b7b77,4
a5905593,19
a5rqwkmb,3
a658e949,0
a76ee415,0
a7eb6616,0
a7gk2m38,3
a8nqsxj4,11
a938c6b2,12
a95f0aea,12
a966d7fd,15
a97wplik,16
aa718745,12
aac33bff,7
aaecaa39,0
aatd0ihe,13
ab2714f3,15
abcb7665,0
abhlzx1b,17
adf443e1,7
ae470d2b,0
aef0d049,19
aeq4gg50,2
aesj889h,1
ah5t8wcp,16
aj8v749b,0
ajs0hbue,9
alfdbu4o,5
aml08r44,15
amv2ud0g,17
aourmvs1,4
appng8ek,16
atdixk0j,10
atwg18fz,18
ax5w48j9,3
aztoshv3,4
b0d09e6a,15
b0f7e75c,0
b0ffaf3b,9
b1sdh8l4,6
b1vj9u8n,11
b30744df,0
b39ike6r,9
b3f5d019,0
b3whg9cn,11
b40cvjbt,5
b5276b3f,16
b563b04f,9
b56be4b1,16
b604f2dd,4
b68rhj9g,19
b69cfwx2,11
b7uypu57,2
b942ce0a,16
ba0e4dd4,0
ba538072,4
barjazzs,16
bb8639e1,15
bbe97d18,9
bbggbe9r,19
bc844942,7
bcb6e338,17
bdd5e6b3,11
bfa42a75,0
bg5mb9f0,16
bhgb8g74,16
bi0x1yv0,10
bina7akt,11
bltnhjdf,8
bryllipv,6
bsai0maq,14
bsk7omj7,17
bt1liakw,5
btjs8cuu,14
bts4u1jf,15
bvmdlnk1,8
bw8x5hf6,2
bxrhtygu,8
by08t752,2
byuenv6o,0
c062f4d7,16
c097af8e,9
c0k0eajg,3
c2e88575,3
c2lhrrfz,11
c2p9kbtr,0
c357gs27,14
c3i3wddf,4
c4byyr29,1
c575434d,17
c5z6ao6m,11
c65d0736,4
c6d7f94b,0
c7fe0584,3
c7ria50r,2
c83aa6a1,16
c8frbbeq,17
c9351029,0
c9f7f69d,0
cb170015,0
cbnf9yfu,3
cc32235b,12
cc41ba05,0
ccf14ee0,16
ccp90wle,5
cdhyb1sm,5
cdkcp5xi,5
ce691ee6,9
ceuol9pe,3
cftszh8m,4
clbhnmq3,6
cm99t7wb,9
cmmzeeko,2
cpllzhnh,4
cq3m4de8,6
cqgzvw67,10
csokkzd1,6
cssul0b3,17
cszsr84k,3
ctu5ydy8,1
cv93mtux,6
cvcwg4bh,15
cxhkrobf,17
cxlteppe,17
cy6jwsdj,16
czo7tdq5,14
d0722d0f,15
d1d95c61,0
d1rvvqxj,8
d262b7e4,19
d37e29a7,0
d387ccfj,5
d46e771b,16
d48c552d,9
d5eaeuil,2
d7058a0d,3
d8scju3l,5
d97c9309,4
da5e4bc5,0
dafeb75e,9
dc2c570d,12
dc4jf8pa,8
ddd383cc,15
dde85a9d,0
dduhmge2,11
dec1f5rb,14
deg4avnp,9
dfm72atf,9
dfninzty,3
dgampbmq,0
dhgcw08t,5
dhs0jgxo,16
dj5rdtah,8
dkcfmv1a,17
dn5s83qr,3
dnfi0g62,14
du39lcoi,6
dukliiqc,4
dwohtf0a,15
dwzutkgj,8
dxcmql4o,5
dydonjyb,15
dzfqjewm,16
e14d1f96,0
e15225j4,8
e1c48bdd,15
e2qxuriu,15
e3dcd186,16
e4a72496,9
e4b6d2a0,7
e4b6f2ef,0
e5be4781,12
e5e9eb29,4
e5ry3cp2,2
e638e950,7
e681ogmx,12
e6gjwl0h,5
e79ecd47,9
e7habwfg,13
e7rejjns,16
e944mlk3,3
e96b9b04,0
e99bd793,12
ea65e6b7,16
eac1a9e6,17
eaff3301,15
eb93ed20,17
ec27366a,15
edny03oq,14
eec4c008,16
efk04oqc,10
ejor2496,6
ek2kew2p,1
eken71z2,14
ekxyvgl9,3
em21z9mn,4
endmg0a1,15
enlil56y,3
eogrrm2m,5
epxoelt8,5
eq0oe7ux,16
esew5ebz,14
esny8g6w,0
et9fou59,16
euzp36eu,2
ew8x2uw7,16
eywxjtzh,17
f0ba8748,9
f1pigade,5
f24rbcm7,14
f2usscoi,5
f33d3c15,9
f45d3823,7
f4y4902x,6
f509054f,15
f54tbvr8,4
f5bdw4ng,14
f5d2d8d3,15
f5tc3jxg,5
f6786ab5,0
f6bfc699,15
f6de8226,16
f6f8b4a6,0
f7203226,7
f7375ab3,16
f7d36a47,19
f7tji6df,17
f8e5f837,0
f9c20062,12
fabae187,16
faby6kx9,15
fac3378e,16
faf7d852,9
famn2us3,18
fbfb6e30,0
fdb2e432,15
fe21fd5c,9
febmmwzw,16
fecd10d2,9
fiec8nko,6
fihg1bdo,2
fl2c1h0y,4
flg5ike4,5
flnj4yuc,8
fmzx1ro9,12
fom0ccgy,3
fsi3n9sa,4
fvuleox7,2
g06t0xax,5
g2uddkam,5
g4zcpt2m,10
g6ir5t2f,2
gdef16mu,3
gfvtx21c,6
ggmod0c3,4
gi6yxol1,11
gkj4gy4v,3
gm432ls3,5
gmch721h,6
gnmih6ba,3
go6pnv02,2
gosqrxdh,3
gqvq4n5t,14
gr2jr5mq,9
grc82wel,14
gsh2x1h3,4
gsybruwj,4
gy34qcdq,4
gynlnqq1,7
gz9huf37,17
h0txtc32,4
h1ftiuhk,5
h1tjut91,3
h5cgy7jf,13
h6rqsag9,10
h7btlkbi,14
hasdlhvf,8
hcujxvqd,14
hg1pk891,5
hgpnic22,0
hgpup8kq,9
hi1d4128,19
hi45r2a9,9
hk6xfpt6,3
hlore8i0,6
hlsugcx2,10
hm8b1caq,10
hmaj8vpu,6
hpo05a0c,2
hvezqwwt,19
hvib8xhl,10
hwwc7m58,10
hxaid41o,5
hy97dn1d,6
hymuhio1,17
hyn8kbwe,16
hzkwgfld,1
i0ikg524,3
i3bi3vff,14
i52snehv,1
i87r48vo,9
iaci5bab,1
ic7cze5x,4
igtifzkv,10
iijj01lq,11
ik2wfqj1,10
indxj6zk,5
inkwjqj7,12
ip1mn7f8,9
iq25nid0,9
iqxext8k,3
ir8q519z,16
is9cesnk,16
ixvf0apv,2
j10o202t,14
j1vg5ksv,3
j338igfx,2
j4f2a97n,4
j5ck2wtw,3
j6obrhs3,9
j7i1pg5v,12
jgrk0o29,6
ji42gktw,3
jjcy06bh,4
jo07pdif,6
jt2ygstu,17
jtx41psl,9
jvwfdb4c,10
jvx5mxcz,2
jy044tyz,8
k0vcz0st,1
k369x08x,3
k52lrn32,11
k6mwrhcn,6
k8w3vjn1,14
k91meps2,2
k9bxt0u7,17
kdd87l6w,4
kfku0fdg,5
kgb5t4u3,14
km3lycqv,5
kmg8ysk5,14
ksl55n8i,16
kuyatgrp,17
kv53tjsw,14
kwac9t6i,14
kwwh43ve,15
kxy8pcfk,16
kz5ukgux,4
l0ek62ei,15
l2s1vt3z,0
l2x7mrxz,5
l3x9425h,15
l4a70q85,5
l55pegqb,16
l5locryc,10
l6zdy2cc,10
l7b35u95,2
l7k00l6c,3
l7ne5cdc,9
l7x9zvsk,3
la1w5eyj,15
lbvmnhiu,15
ldkjqdxo,3
leu252hn,3
lfc2jl2f,11
lhcjpfjz,9
ljgaeiyc,19
ljkfbrl3,2
ljyiw2uc,1
llnifik4,1
lrrnx1q2,11
lskh81dd,10
ltr39cd6,10
ltzj3wpm,14
lutp0n8m,8
luzfqr88,3
lvlnz494,17
lw6pr7h4,14
lxgx30qb,11
lxidwwy1,8
m0n3lxv7,2
m0vk576h,17
m10d91f4,14
m2dpw86v,16
m3duvjd8,12
m98296ym,7
m9ogq2aw,0
m9to226x,14
mb2wf06i,14
mdkrg4tg,1
merapj4t,5
mfble881,14
mfxnh5ru,16
mjwfbdod,11
mm4bj76f,5
mn4s0gi8,3
mnpzb7g9,3
mnrf445t,14
mqdvl4nz,3
mrjjsc78,4
ms668l3a,6
msfrckgm,5
msxdknb7,17
mxqy5j4p,14
n01sq64g,9
n0any3pm,14
n0d05tlz,17
n2tevlr5,0
n3opitol,8
n4rzvx60,2
n812b02c,0
na33k19e,15
navoodgp,11
nbuwrvdt,6
nf50dpfc,1
nhy81vp1,1
nl87m8lt,14
nsg01vj9,5
nsorw968,3
nspjm3hy,0
nt2i7fen,19
ntq95l3m,5
ntx3bu3p,16
nu6y81zw,2
nx1tsmoz,8
nxzxpfac,12
nz14uioy,15
nzenmdlv,16
o05ggmg6,13
o24kh44u,4
o2p3gnhh,11
o5w9z7uf,16
o7mmybmz,11
o94ds8qc,4
oa881897,5
oasjdhjb,6
obgqwd81,1
oc9632tw,14
ocw3fc39,3
odfbfy6l,17
oguewgjb,3
oiupcf30,10
ojz47jkz,4
okk1awq1,16
okyiwhe2,16
okyujpk1,1
okzrw4ul,1
olqepuhs,6
om1l22ht,8
om9gicaj,10
omuyddn2,14
oq4xkb08,1
or8eklj5,9
or8jvjtg,8
os8i6e0w,17
ou2f7p0i,9
ow0b88et,16
ox1p16xi,4
oz48ssju,6
ozz7zjrv,10
p0bzaolc,3
p2mdrqk1,10
p8al6c43,17
p9goy3m5,14
paqd3t4y,13
pdkgzcnq,11
peny1kdb,3
phrlikaf,8
piuqj5wt,6
pkxlarz2,2
pl1t7w03,13
pl3nvrt3,14
pne9qu86,2
ponb8hrz,16
pp6xneq2,7
pq6uabeq,3
pr0wn6h6,6
pr33uloc,15
ptuktd2e,8
pz9rf3kp,14
q2dee44h,14
q7d8mrg3,3
q7iwrayb,1
qa0uz3a7,3
qa91hkcn,4
qawrozw8,3
qc9cac32,1
qcyzntli,10
qdfcwypm,16
qfhnj1nf,6
qgnewvrp,2
qhykjzwc,4
qittyp0l,4
qjeopm3q,6
qjrm0hmj,9
ql6bf189,19
qmn6zqgq,10
qrlz4xpk,4
qset7zfv,14
qt1bf7hj,4
qurrcmwn,14
qw39rqhv,10
qx7ncfer,11
qzerhngx,15
qzqjuedt,16
r13s2zog,3
r298oppp,6
r2fmxg6h,3
r2iallw7,11
r2n6kgfd,13
r507we9x,5
r6apnjuv,16
r8krwek1,14
rajycrxk,16
rfyy184d,3
rgsz0gml,9
rl2kq1px,16
rl7ir488,10
rm3v6asc,14
rmj8dcsw,13
rmjrb2gl,9
rmrq5h4y,6
rnm6wvsn,6
ro7l0xdi,3
rowg6cxy,5
rt7xp2yh,16
ru0qwa84,18
rvf66gf1,2
rvivsqr0,7
rvyuhzr0,3
rx7yfkbg,16
rz2b31mn,11
s0umhbpw,5
s0uoxmwc,16
s1kd1p3t,6
s1of0a97,4
s41qtfd2,14
s4mnrzi1,15
s4nxbrcp,4
s6b025qn,6
s6qa98lx,17
s8ib1gqo,13
sajk18ua,5
sbu8j9xc,1
sc65nvjl,2
sfns53bj,17
sgcn6xgc,6
sh7sl5xi,3
si7re70s,13
sijkcttf,18
sjgicdrs,5
sjl7jcdm,4
skjvwkeu,2
skmuz7n7,16
skue9h1a,8
skxbqj5u,3
sla7u3u5,11
smj60b7y,7
smpz2v72,14
so8lbzwk,5
spakvkft,5
spddn8ef,5
sr0xcevd,17
srtemhqr,11
ss0b0lxp,2
ssz7rje6,5
stxmnfmi,8
sy4ix7t7,6
sy7poaj5,4
t15hnxr3,16
t1sb5qo8,3
t3wvj7qz,19
t4mcamey,11
t5zhoswv,3
t6b34ze7,10
t6ng4itw,13
t7l078ma,10
t9crbspj,7
t9jz6g88,17
t9n0p86n,17
tdwhgf97,4
tejoq1a5,10
tfbq8jah,12
tgmq5v15,4
thsn8ihm,6
tj640z37,12
tjv9i9og,17
tjxx09kp,5
tjylsyz7,14
tm9ykgbu,0
tmgp2gqk,3
tr5ra1xs,2
treunf9o,17
ts5hbheu,5
tsjy9cqv,16
tt00cbm1,17
ttbio1rh,3
tug3h8uh,11
tuzf8p0s,16
tvs2oymj,16
txg2v4q0,16
u0wri6rw,4
u108b2o2,5
u1khbyb0,10
u28zgzds,6
u5uziar2,13
u6uaftci,2
u7l0lr2j,16
u9beofq3,16
ubklxxh0,5
ubz8smud,2
ueoiodwz,14
uf4jxu0s,8
uggvrwfr,8
uh4iqj3p,13
ui6kit81,4
uj70tkye,8
umwmu0us,3
un50lhoq,14
uog1hgu1,15
uq4lkodj,9
urgajt7e,17
usyys5es,3
utyj563j,10
uw2bjj2l,2
uw60ldq6,6
uwfbhfk4,16
v0kjwbn7,1
v4ibiqyv,0
v4onm43q,16
v54gu7uj,11
v5l58s16,4
v60if4yq,14
v8gcabcj,15
v9dk3ycf,12
vcsib2pf,5
vd2kzgc9,6
vd8urin3,4
vfm3lqut,5
vgu21nrp,1
vide3a0t,6
viqv63nb,11
vj2a4tw7,1
vjxc3ysh,14
vjyvp05h,11
vkl7ibk1,5
vonb12dh,4
voxac5zw,1
vq22ppil,16
vr10gy9y,6
vrhavhrj,10
vs4399qb,4
vt0mc6ug,2
vtkm161v,6
vu9u4d13,17
vumw8ysm,19
vzzdtj0w,1
w0cgzody,4
w1m2shex,1
w2bt6b8j,9
w40h9055,5
w66t98gb,11
w6eqbxev,6
wevucsii,2
wi9qp1pu,17
wj328sj2,4
wj6nceqs,10
wj8xzrrw,17
wkfwwi0l,6
wpmwjv84,9
wz9rb406,7
x1lf3klj,2
x25pz5ty,17
x6e2i6kz,16
x7w2uzae,10
xakey307,18
xbqkagc5,1
xeb44q52,8
xehtt1x4,7
xeu6x3un,11
xgusr4xv,6
xha3d8ki,13
xis518c2,15
xkv74uxe,1
xlldj8ud,17
xmjr1qxh,17
xow0q2ig,14
xrmsmmku,3
xrqe459g,8
xu04kjdw,1
xvem8lqs,1
xvey2smw,6
xxz9n5ks,3
xy1h5gex,5
xyii4pa5,14
xzl5r5wi,16
y2ibs5yx,3
y2pfmpls,5
y4qcghic,19
y92zmumi,17
ybs4g3rw,12
ygllbood,2
yke51a4w,5
yridittx,14
ytauo2u5,11
ytgkeoqd,4
yvsck63k,3
yyxu0snt,1
yz331p77,18
z15t9fyy,3
z2nrevao,6
z5lwwo14,3
z7t26zyy,2
zac9mxns,14
zf7d7fqv,7
zg417st5,5
zib0ib5u,9
zid4bbd9,5
ziw0n3qv,5
zj3p2iaa,12
zmdg3jib,4
zmnolf50,5
znfbrgba,16
znlh28sl,14
zpfdlnkr,11
zpjsz5f5,14
zptfuv8s,10
zuodpg0w,2
zvjnb8cp,11
zvsjrczm,14
zw325fa4,5
zxh1jkdr,6
zxjkp4zx,4
