video,development_exposed,total_events,whole_scene_events,non_whole_scene_events,primary_pool_events,ws_control_pool_events,has_both_ws_and_non_ws_events
006e6b64,0,2,0,2,2,0,0
01e3cec8,1,2,0,2,0,0,0
01ojfpgh,0,2,2,0,0,2,0
01ynxb7u,0,1,1,0,0,1,0
028f6f64,0,1,0,1,1,0,0
02a236b4,0,1,0,1,1,0,0
02b72b8d,0,2,0,2,2,0,0
02de2f2a,0,1,0,1,1,0,0
02deca50,0,1,0,1,1,0,0
03012cfd,0,1,0,1,1,0,0
03e5f069,1,2,0,2,0,0,0
03z5yv5b,0,5,0,5,5,0,0
0442a954,1,2,0,2,0,0,0
04ae7a6b,0,1,0,1,1,0,0
04oehxxo,0,5,4,1,1,4,1
0558d0ed,1,2,0,2,0,0,0
06273084,0,1,0,1,1,0,0
06ea172e,0,1,0,1,1,0,0
06ebc138,0,1,0,1,1,0,0
06z6pse9,0,2,0,2,2,0,0
076n9ud8,0,1,0,1,1,0,0
0770ad03,0,1,0,1,1,0,0
07b5d86c,0,2,0,2,2,0,0
07po1k6h,0,1,0,1,1,0,0
08a5c662,0,1,0,1,1,0,0
08m3jj30,0,3,3,0,0,3,0
08tklmt5,0,4,4,0,0,4,0
09d305d1,0,1,0,1,1,0,0
0ba9c5ad,1,4,0,4,0,0,0
0be33bc1,1,5,0,5,0,0,0
0cbfxuq5,0,17,0,17,17,0,0
0d1237sq,0,5,5,0,0,5,0
0d8d30ae,0,4,0,4,4,0,0
0d967fd1,0,3,0,3,3,0,0
0e05fabe,0,1,0,1,1,0,0
0f7r7f3f,1,2,0,2,0,0,0
0fc00006,0,1,0,1,1,0,0
0gu8wqpd,0,2,0,2,2,0,0
0hvbhkgs,0,1,0,1,1,0,0
0hyak3az,0,9,0,9,9,0,0
0igqkex8,0,2,2,0,0,2,0
0j354ezu,0,17,0,17,17,0,0
0k0ka5yq,0,2,0,2,2,0,0
0kqu1teh,0,1,1,0,0,1,0
0mpk5bxc,0,1,0,1,1,0,0
0nrb9vzx,1,1,0,1,0,0,0
0ofgxn19,1,2,0,2,0,0,0
0q0os99c,0,2,0,2,2,0,0
0qfhv12x,0,1,0,1,1,0,0
0qiandl3,0,1,0,1,1,0,0
0rqs9syk,1,1,0,1,0,0,0
0rvb6kp2,0,1,1,0,0,1,0
0soqbyfo,0,1,0,1,1,0,0
0thyrhvg,0,4,4,0,0,4,0
0tlww5ko,0,2,0,2,2,0,0
0u4ufcam,0,2,1,1,1,1,1
0uy7cbug,0,2,0,2,2,0,0
0v77ps19,0,5,5,0,0,5,0
0wrf8ule,0,1,0,1,1,0,0
0x5er730,0,2,2,0,0,2,0
0xqxup43,0,1,0,1,1,0,0
0y054yaj,0,9,0,9,9,0,0
0zp43ehc,0,1,0,1,1,0,0
0zvohcp2,0,21,0,21,21,0,0
10552818,0,1,0,1,1,0,0
110da3cf,0,1,0,1,1,0,0
111e0a5c,0,1,0,1,1,0,0
11cdeb64,0,1,0,1,1,0,0
11six4w3,0,1,1,0,0,1,0
125x18d5,0,5,0,5,5,0,0
12xtzjzg,1,1,0,1,0,0,0
134a2ab0,0,1,0,1,1,0,0
13ub6ims,0,3,3,0,0,3,0
13z41xe2,0,1,1,0,0,1,0
14655f54,1,15,0,15,0,0,0
15c41c4b,0,2,0,2,2,0,0
15e7e4d1,0,1,0,1,1,0,0
15f0b0cd,0,1,0,1,1,0,0
15nxkth3,0,5,5,0,0,5,0
16cggr07,0,2,1,1,1,1,1
181ec185,1,6,0,6,0,0,0
18a76zpx,0,5,2,3,3,2,1
18d8931e,0,1,0,1,1,0,0
19247506,0,1,0,1,1,0,0
198021ad,0,1,0,1,1,0,0
199995b5,0,1,0,1,1,0,0
19pju5ep,0,2,2,0,0,2,0
1a6a731f,0,1,0,1,1,0,0
1b1l7h15,0,2,0,2,2,0,0
1bz7v7bd,1,6,0,6,0,0,0
1c28e081,0,1,0,1,1,0,0
1d3lb4oc,0,1,0,1,1,0,0
1d63qx4j,0,2,0,2,2,0,0
1d64aff3,0,1,0,1,1,0,0
1d7a23e0,0,3,0,3,3,0,0
1e0fb02a,0,2,0,2,2,0,0
1e207fe0,0,1,0,1,1,0,0
1f9dul1j,0,2,2,0,0,2,0
1fab1d1c,0,1,0,1,1,0,0
1feae28e,1,3,0,3,0,0,0
1g6f6nfz,0,6,6,0,0,6,0
1i2lajr8,0,1,1,0,0,1,0
1is3mqqg,0,2,0,2,2,0,0
1jhuomw4,0,1,1,0,0,1,0
1jikcikj,0,5,4,1,1,4,1
1kmaleas,0,2,2,0,0,2,0
1mgutbc4,0,5,0,5,5,0,0
1o69tuyr,0,3,0,3,3,0,0
1os6talp,0,5,5,0,0,5,0
1p0azzup,1,1,0,1,0,0,0
1pswnq36,1,3,0,3,0,0,0
1qjqdu64,0,1,0,1,1,0,0
1qx22u2q,0,2,0,2,2,0,0
1sbd4ima,0,2,0,2,2,0,0
1tfc6bfb,0,3,0,3,3,0,0
1tnk2px6,0,1,1,0,0,1,0
1tpliusu,0,1,0,1,1,0,0
1up9jacp,0,3,3,0,0,3,0
1w2d8bhf,0,2,0,2,2,0,0
1w5fyj35,1,2,0,2,0,0,0
1wga7gtu,0,2,0,2,2,0,0
20660b72,0,2,0,2,2,0,0
20m9ybh4,0,1,1,0,0,1,0
20ovc8gc,1,1,0,1,0,0,0
20uowz3m,0,1,1,0,0,1,0
214aeac3,0,1,0,1,1,0,0
214pv9si,0,1,0,1,1,0,0
21fe05d9,0,1,0,1,1,0,0
21r6cy51,0,2,0,2,2,0,0
22167a50,0,1,0,1,1,0,0
225rqpr2,0,1,0,1,1,0,0
228a0234,0,1,0,1,1,0,0
22e1f53c,1,1,0,1,0,0,0
22e8b380,0,1,0,1,1,0,0
22fdee40,0,1,0,1,1,0,0
22p90xzq,0,28,0,28,28,0,0
22rirven,0,4,4,0,0,4,0
233406ef,0,2,0,2,2,0,0
23454d80,0,1,0,1,1,0,0
23b9a3ea,0,4,0,4,4,0,0
23df06e1,0,3,0,3,3,0,0
2461z6fp,0,1,0,1,1,0,0
2463609b,0,1,0,1,1,0,0
24tjsrxy,0,2,2,0,0,2,0
25153e58,0,1,0,1,1,0,0
254uk60a,0,1,0,1,1,0,0
255f86ef,0,1,0,1,1,0,0
258944c8,0,1,0,1,1,0,0
25sj5wlu,0,1,1,0,0,1,0
26163977,0,1,0,1,1,0,0
269872de,0,1,0,1,1,0,0
26v01u8u,0,2,2,0,0,2,0
2786f841,0,1,0,1,1,0,0
2883ae72,0,1,1,0,0,1,0
28d25ok1,0,2,0,2,2,0,0
2982de7a,0,2,0,2,2,0,0
29nhtcq4,1,2,0,2,0,0,0
2a2745e5,0,2,0,2,2,0,0
2a3a0571,0,1,0,1,1,0,0
2b0e34d3,0,2,0,2,2,0,0
2bacpuqz,1,1,0,1,0,0,0
2bcd6c3b,0,1,0,1,1,0,0
2bdb692f,0,1,0,1,1,0,0
2bf49664,0,1,0,1,1,0,0
2czd58lr,0,5,5,0,0,5,0
2ea465de,0,1,0,1,1,0,0
2efd5e50,0,1,0,1,1,0,0
2esj86gk,0,4,0,4,4,0,0
2f477d05,0,4,0,4,4,0,0
2fab8h8c,0,1,0,1,1,0,0
2fb5a55b,0,1,0,1,1,0,0
2fc476f9,0,1,0,1,1,0,0
2fkfe27d,0,26,0,26,26,0,0
2gae65s3,0,2,0,2,2,0,0
2gc0gnjr,0,5,5,0,0,5,0
2i0wbnk1,0,5,1,4,4,1,1
2l7k2iah,0,5,5,0,0,5,0
2p5k0fv9,0,4,4,0,0,4,0
2qjsn6c1,0,1,0,1,1,0,0
2qu4s0et,0,2,0,2,2,0,0
2r58guz2,0,1,0,1,1,0,0
2t8e78ov,0,1,0,1,1,0,0
2tkd7bla,0,1,0,1,1,0,0
2tzepzze,0,1,0,1,1,0,0
2u8x1k06,0,1,0,1,1,0,0
2ug2ry5m,0,5,0,5,5,0,0
2ujroa82,1,2,0,2,0,0,0
2vmoedob,0,1,0,1,1,0,0
2wq92crf,0,5,4,1,1,4,1
2xz9ls1x,0,1,0,1,1,0,0
2yrkujhc,0,2,0,2,2,0,0
2ze3f84n,0,1,0,1,1,0,0
30nvt12k,0,1,0,1,1,0,0
3142014e,1,1,0,1,0,0,0
31rry8ca,0,2,0,2,2,0,0
320ohgwr,0,2,0,2,2,0,0
32h0yfhc,0,1,0,1,1,0,0
33602f6b,0,1,0,1,1,0,0
337dfa1e,0,1,0,1,1,0,0
342c0b2a,0,1,0,1,1,0,0
3466ygen,0,1,0,1,1,0,0
34a5f964,0,1,0,1,1,0,0
34ccea00,1,2,0,2,0,0,0
35e0ca09,1,2,0,2,0,0,0
36mc2h0y,0,1,0,1,1,0,0
37303a3b,0,1,0,1,1,0,0
3784e3f6,0,1,0,1,1,0,0
37af9ac1,0,11,0,11,11,0,0
37b07a28,0,8,0,8,8,0,0
37bb38fe,0,2,0,2,2,0,0
37rs935v,0,1,0,1,1,0,0
3a0f4ml1,0,2,0,2,2,0,0
3a6e6ace,0,1,0,1,1,0,0
3a739934,0,1,0,1,1,0,0
3b19c5c3,0,1,0,1,1,0,0
3b1a4616,0,2,0,2,2,0,0
3b97c07b,0,2,0,2,2,0,0
3bce0gtq,0,1,0,1,1,0,0
3cnu6x6p,0,3,3,0,0,3,0
3cvo2v88,0,5,0,5,5,0,0
3d08dadd,0,1,0,1,1,0,0
3dwf8oa7,0,5,5,0,0,5,0
3fe5176t,0,4,4,0,0,4,0
3gumroz3,0,1,0,1,1,0,0
3hfp5bp8,0,1,0,1,1,0,0
3i9xu65n,0,5,5,0,0,5,0
3ifgbd0t,0,10,10,0,0,10,0
3iosxiy5,1,1,0,1,0,0,0
3iu5qznd,0,28,0,28,28,0,0
3k63z2kb,0,3,0,3,3,0,0
3k6x255n,0,2,0,2,2,0,0
3kcukszd,0,6,0,6,6,0,0
3m7dxrkv,0,1,0,1,1,0,0
3mcal3cl,0,1,0,1,1,0,0
3mkpwq2r,0,21,0,21,21,0,0
3mynm0b3,0,1,0,1,1,0,0
3o8pd6se,0,1,1,0,0,1,0
3ohezf7p,0,2,0,2,2,0,0
3ojyo18h,0,1,0,1,1,0,0
3q5s65nd,0,1,0,1,1,0,0
3rgyid4v,0,5,0,5,5,0,0
3sjgaexp,0,1,0,1,1,0,0
3tyua6kx,0,1,1,0,0,1,0
3up9ulso,0,4,0,4,4,0,0
3v5xbt1q,0,1,0,1,1,0,0
3w5jvbwz,0,1,0,1,1,0,0
3wk221hp,0,1,0,1,1,0,0
3wwwxabv,0,32,3,29,29,3,1
3y94xk68,0,1,1,0,0,1,0
3zc7wpcz,1,3,0,3,0,0,0
3zh20m6g,0,2,0,2,2,0,0
4023fc77,0,1,0,1,1,0,0
414ca58b,0,3,0,3,3,0,0
417nd5mi,0,5,5,0,0,5,0
41r2mi2z,0,3,3,0,0,3,0
4201m2wh,0,2,0,2,2,0,0
423f2fzj,0,13,13,0,0,13,0
429zpaoy,0,2,0,2,2,0,0
42dn1p4x,0,1,0,1,1,0,0
43030c4c,0,1,0,1,1,0,0
4344808d,0,3,0,3,3,0,0
43dc67f7,0,1,0,1,1,0,0
46e00caf,0,1,0,1,1,0,0
47891b4c,0,1,0,1,1,0,0
4795259b,0,4,0,4,4,0,0
47suxl9t,0,1,1,0,0,1,0
4819exz4,0,1,0,1,1,0,0
484d48a3,0,3,0,3,3,0,0
48piegqg,0,2,0,2,2,0,0
497rwaui,0,6,6,0,0,6,0
497y0ulj,0,1,1,0,0,1,0
49s7f9p4,0,3,0,3,3,0,0
4a41cbf8,0,1,0,1,1,0,0
4a6fb202,0,1,0,1,1,0,0
4a7162bd,0,2,0,2,2,0,0
4bhktxfz,0,3,0,3,3,0,0
4c94e4f3,0,1,0,1,1,0,0
4cb11a5f,0,1,0,1,1,0,0
4ce088c6,1,1,0,1,0,0,0
4e0597a0,0,2,0,2,2,0,0
4e05j6cz,0,1,0,1,1,0,0
4e26p2kv,0,2,2,0,0,2,0
4e3020fe,0,1,0,1,1,0,0
4ea934d8,0,1,0,1,1,0,0
4fvph6vi,0,1,0,1,1,0,0
4heroisd,0,3,0,3,3,0,0
4jljw05k,0,1,0,1,1,0,0
4k4i5rf2,0,1,1,0,0,1,0
4lh7zbh8,0,1,0,1,1,0,0
4m4nusqa,0,1,0,1,1,0,0
4numtahu,0,5,4,1,1,4,1
4ny5gf5t,0,2,0,2,2,0,0
4o7up402,0,2,0,2,2,0,0
4q19opce,0,6,6,0,0,6,0
4rfge8gl,0,1,1,0,0,1,0
4rgqys4y,0,2,0,2,2,0,0
4rx06t9m,0,1,0,1,1,0,0
4se4eppr,0,2,0,2,2,0,0
4sjypulp,0,1,0,1,1,0,0
4swjc6h9,0,1,0,1,1,0,0
4t9n5xab,0,3,3,0,0,3,0
4tw8kyjn,0,2,2,0,0,2,0
4usfhcji,0,1,0,1,1,0,0
4vi126r8,0,2,0,2,2,0,0
4znujm0e,0,3,2,1,1,2,1
50qauky1,0,6,0,6,6,0,0
511clhlf,0,3,0,3,3,0,0
51befc31,0,2,0,2,2,0,0
51e5ca25,0,1,0,1,1,0,0
526195de,0,1,0,1,1,0,0
5397b01d,0,1,0,1,1,0,0
53f67585,0,1,0,1,1,0,0
53sca9ee,0,5,4,1,1,4,1
5416fbb7,0,2,0,2,2,0,0
54b9dbba,0,1,0,1,1,0,0
55206spf,0,1,1,0,0,1,0
55v46njo,0,2,0,2,2,0,0
56riteq4,0,2,2,0,0,2,0
578f71da,0,2,0,2,2,0,0
57ad022e,0,1,0,1,1,0,0
58f24fa4,0,1,0,1,1,0,0
59992293,0,2,0,2,2,0,0
59g4o5mx,0,2,2,0,0,2,0
5a064706,1,4,0,4,0,0,0
5ae23f9f,0,1,0,1,1,0,0
5bad0bab,0,2,0,2,2,0,0
5bc7ea74,0,2,0,2,2,0,0
5csodh3t,0,3,0,3,3,0,0
5d107jy0,0,1,0,1,1,0,0
5e81394i,0,4,0,4,4,0,0
5e9412c0,0,3,0,3,3,0,0
5f3fcff6,0,2,0,2,2,0,0
5fsdpd0l,0,9,9,0,0,9,0
5g8p2ur1,0,2,2,0,0,2,0
5gffh7gx,0,1,0,1,1,0,0
5grcjfl3,0,9,9,0,0,9,0
5hcafebs,1,10,0,10,0,0,0
5i08pgto,1,2,0,2,0,0,0
5iovn48o,0,4,4,0,0,4,0
5ixdd0df,0,2,0,2,2,0,0
5kh0cl6e,0,1,1,0,0,1,0
5lkaebts,0,5,5,0,0,5,0
5m4ckpop,0,2,0,2,2,0,0
5ne9na4f,0,3,0,3,3,0,0
5nwr1e15,0,2,0,2,2,0,0
5oe1xea6,0,2,0,2,2,0,0
5r6uxga7,0,1,1,0,0,1,0
5rttndn7,0,1,0,1,1,0,0
5twvf4ju,1,13,0,13,0,0,0
5vn6m21a,0,2,0,2,2,0,0
5w2wm25n,0,4,0,4,4,0,0
5wf117rp,0,1,0,1,1,0,0
5wsg1nxs,0,3,0,3,3,0,0
5xbxvz18,1,2,0,2,0,0,0
5yq4u9wv,0,2,0,2,2,0,0
5z2z78q3,0,1,0,1,1,0,0
5z6j8sms,0,2,0,2,2,0,0
5zabac5l,0,1,0,1,1,0,0
5zxrotef,0,3,0,3,3,0,0
6042d64a,1,8,0,8,0,0,0
6075d6b0,0,1,0,1,1,0,0
60827ada,0,1,0,1,1,0,0
6092nsl8,0,2,0,2,2,0,0
60f4fa43,0,1,0,1,1,0,0
61403519,0,1,0,1,1,0,0
61urdhg8,1,1,0,1,0,0,0
62529cd4,0,1,0,1,1,0,0
627jnkn9,0,3,0,3,3,0,0
62c501f8,0,1,0,1,1,0,0
62yucmpq,0,3,3,0,0,3,0
63437cf3,0,2,0,2,2,0,0
63qpq8pc,0,1,0,1,1,0,0
64044df1,0,1,0,1,1,0,0
6478qwt7,0,4,4,0,0,4,0
64b89eb5,0,3,0,3,3,0,0
657242e8,1,1,0,1,0,0,0
65ll50bt,0,6,0,6,6,0,0
662487fe,1,1,0,1,0,0,0
662a1846,0,13,0,13,13,0,0
66a25278,0,4,0,4,4,0,0
673adbcc,0,1,0,1,1,0,0
6783a303,0,1,0,1,1,0,0
68c879f2,0,1,0,1,1,0,0
68d2b259,0,3,0,3,3,0,0
6a50e93a,0,1,0,1,1,0,0
6acd353f,0,2,0,2,2,0,0
6ad44b86,0,6,0,6,6,0,0
6bbyqk3u,1,4,0,4,0,0,0
6bwl408d,0,1,0,1,1,0,0
6da17988,0,1,0,1,1,0,0
6dkny290,0,1,1,0,0,1,0
6e1ee5ir,1,1,1,0,0,0,0
6e2dce1b,0,1,0,1,1,0,0
6eprhv63,0,3,3,0,0,3,0
6f5144b6,0,2,0,2,2,0,0
6f6e6c37,0,1,0,1,1,0,0
6fl146dc,0,1,0,1,1,0,0
6g7h9z6t,1,3,0,3,0,0,0
6hn25ucg,0,4,4,0,0,4,0
6hwti19r,1,4,3,1,0,0,1
6k69zqfl,0,2,0,2,2,0,0
6kub27x5,0,8,8,0,0,8,0
6l1wegih,1,4,0,4,0,0,0
6lf2676j,0,3,0,3,3,0,0
6ljnqtty,0,1,0,1,1,0,0
6ly8os75,1,8,1,7,0,0,1
6m6nyj7h,0,1,0,1,1,0,0
6moh35ox,0,2,0,2,2,0,0
6nnkxfh7,0,6,0,6,6,0,0
6pbz05ig,0,1,0,1,1,0,0
6q2cpioc,0,1,0,1,1,0,0
6t0fk8k0,0,5,4,1,1,4,1
6uspxt1h,0,1,0,1,1,0,0
6y72c98u,0,1,0,1,1,0,0
6yym3qel,0,2,0,2,2,0,0
70bcaf68,0,1,0,1,1,0,0
70n9xuii,0,1,0,1,1,0,0
70xyb5u3,0,1,0,1,1,0,0
70yjjtka,0,2,0,2,2,0,0
71u0twg5,0,1,0,1,1,0,0
723fd024,0,2,0,2,2,0,0
72yz5sum,0,3,0,3,3,0,0
7457k6l5,0,2,0,2,2,0,0
74tw67v7,0,2,2,0,0,2,0
758gaily,0,1,0,1,1,0,0
75bagjky,0,4,0,4,4,0,0
75c34dc5,0,1,0,1,1,0,0
75ewa6jg,0,3,3,0,0,3,0
75w7te0e,1,1,0,1,0,0,0
77110e80,0,5,0,5,5,0,0
7744dc51,1,3,0,3,0,0,0
77481av4,0,6,6,0,0,6,0
781af187,0,1,0,1,1,0,0
788da8e8,0,1,0,1,1,0,0
78a1f4b1,1,1,0,1,0,0,0
78a6z80b,0,1,1,0,0,1,0
78bf9b51,0,2,0,2,2,0,0
797a7b7e,0,1,0,1,1,0,0
79acac96,0,1,0,1,1,0,0
79af6097,0,1,0,1,1,0,0
7ade3068,0,5,0,5,5,0,0
7b75dace,0,2,0,2,2,0,0
7be91184,0,1,0,1,1,0,0
7bfe9b57,0,1,0,1,1,0,0
7bg2fvm2,1,1,0,1,0,0,0
7dctqmif,0,3,0,3,3,0,0
7do29wbm,1,2,0,2,0,0,0
7dsy26e9,0,2,0,2,2,0,0
7e704f2e,0,1,0,1,1,0,0
7e709e2d,0,1,0,1,1,0,0
7edd8b4f,0,3,0,3,3,0,0
7f0b7662,1,2,0,2,0,0,0
7fgahwsf,0,2,0,2,2,0,0
7grbiaif,0,1,0,1,1,0,0
7hslvk3q,0,2,0,2,2,0,0
7isbzje8,0,1,0,1,1,0,0
7jwolo4g,0,6,0,6,6,0,0
7k0ragb5,0,4,0,4,4,0,0
7kj92j8k,0,2,0,2,2,0,0
7ktwmep6,1,2,0,2,0,0,0
7l85cwoa,0,4,0,4,4,0,0
7mdl34cz,0,6,6,0,0,6,0
7mk89tt9,0,3,0,3,3,0,0
7n0qwzrs,0,3,0,3,3,0,0
7n9wrcgy,0,1,1,0,0,1,0
7nkbo3zc,1,1,0,1,0,0,0
7ogfnlwi,0,3,0,3,3,0,0
7ologesu,0,1,0,1,1,0,0
7ql545cz,0,6,0,6,6,0,0
7qv0a617,0,5,5,0,0,5,0
7rloc0sf,0,1,0,1,1,0,0
7rx02xv1,0,5,5,0,0,5,0
7sbsripp,0,1,1,0,0,1,0
7sro7l05,0,2,0,2,2,0,0
7txdm1bs,0,3,0,3,3,0,0
7v9ztirf,0,4,3,1,1,3,1
7vii9obn,0,4,4,0,0,4,0
7vw4tnzi,0,4,0,4,4,0,0
7w1y7nse,0,4,4,0,0,4,0
7wutyllc,0,2,1,1,1,1,1
7ynq921l,0,2,2,0,0,2,0
7ywnbfed,0,3,0,3,3,0,0
7zdbvd3m,0,1,0,1,1,0,0
800b5eac,0,1,0,1,1,0,0
800evlqy,0,3,3,0,0,3,0
8036b58e,0,1,0,1,1,0,0
80906bf9,0,1,0,1,1,0,0
80a7cf7b,0,6,0,6,6,0,0
80c1bsgj,0,1,0,1,1,0,0
8108b358,0,1,0,1,1,0,0
81d12756,0,1,0,1,1,0,0
81fdc526,0,1,0,1,1,0,0
81sl9avs,0,1,0,1,1,0,0
8248698e,0,1,0,1,1,0,0
82667d52,0,8,0,8,8,0,0
82a3db34,1,1,0,1,0,0,0
82df0888,0,1,0,1,1,0,0
835qgtax,0,2,1,1,1,1,1
83b7c53c,0,1,0,1,1,0,0
83eig4ml,1,3,0,3,0,0,0
83fko2hp,0,5,4,1,1,4,1
83qvx5bk,0,2,0,2,2,0,0
83y40rzo,0,2,0,2,2,0,0
840l0cnz,0,1,1,0,0,1,0
843d3bf7,0,1,0,1,1,0,0
84559bc3,1,3,0,3,0,0,0
8466eeb2,0,1,0,1,1,0,0
84cgr6m0,0,1,0,1,1,0,0
84j2j8fl,0,1,1,0,0,1,0
851gcyau,0,1,0,1,1,0,0
8554c402,0,2,0,2,2,0,0
85585220,0,1,0,1,1,0,0
86a2b59f,0,3,0,3,3,0,0
86a88668,0,3,2,1,1,2,1
86d5b29b,0,1,0,1,1,0,0
86hobt2f,1,3,0,3,0,0,0
86l5tqpe,0,1,0,1,1,0,0
86vx5lfe,0,4,0,4,4,0,0
8788747f,0,1,0,1,1,0,0
890ef032,1,1,0,1,0,0,0
89b5mx0s,0,1,0,1,1,0,0
89b671bb,1,5,0,5,0,0,0
89fe6899,0,3,0,3,3,0,0
8a48f62a,0,1,0,1,1,0,0
8bb9a221,0,1,0,1,1,0,0
8bex1hz5,0,1,0,1,1,0,0
8d4ikenm,0,3,3,0,0,3,0
8euadjai,0,1,0,1,1,0,0
8fa50320,0,3,0,3,3,0,0
8fenxv7t,0,3,3,0,0,3,0
8hnrmeu3,0,1,0,1,1,0,0
8jfizvdz,0,1,0,1,1,0,0
8joekpqr,0,1,0,1,1,0,0
8k2g8yo4,0,2,0,2,2,0,0
8kbx6r2m,0,4,4,0,0,4,0
8oau92vd,0,1,1,0,0,1,0
8os4qdkx,0,1,0,1,1,0,0
8p2s8ksh,0,2,2,0,0,2,0
8p4phgwd,0,2,0,2,2,0,0
8rcn91yv,0,1,0,1,1,0,0
8tvotg2q,0,1,0,1,1,0,0
8u2tbyaj,0,1,0,1,1,0,0
8xl2rojx,0,1,0,1,1,0,0
8xqb6in8,0,5,0,5,5,0,0
8ypfmpw8,0,1,0,1,1,0,0
905d8740,0,3,0,3,3,0,0
9061dac9,0,1,0,1,1,0,0
91b2f707,0,2,0,2,2,0,0
91oqpnra,0,2,2,0,0,2,0
91yea99y,0,1,1,0,0,1,0
924f5d88,0,1,0,1,1,0,0
93e22d48,0,2,0,2,2,0,0
93g29upt,0,2,2,0,0,2,0
94f7c53e,0,1,0,1,1,0,0
95215aa1,0,2,0,2,2,0,0
95hiop0z,0,1,0,1,1,0,0
95ndszvf,0,1,0,1,1,0,0
96o1qrxy,0,2,2,0,0,2,0
96on06h2,0,3,0,3,3,0,0
972t0d6c,1,2,0,2,0,0,0
97hbcoc1,0,2,2,0,0,2,0
97j6pq0m,1,2,0,2,0,0,0
97rmpio3,0,1,0,1,1,0,0
98weslia,0,2,0,2,2,0,0
999e07cb,0,2,0,2,2,0,0
99mkjwfy,0,5,0,5,5,0,0
99nxo22x,0,2,0,2,2,0,0
99pez38k,0,1,1,0,0,1,0
9a1146b3,0,2,0,2,2,0,0
9agsjvi9,0,1,0,1,1,0,0
9aj0g67z,0,1,0,1,1,0,0
9ap4lfgx,0,6,4,2,2,4,1
9b5f0f47,0,2,0,2,2,0,0
9bbdl24k,0,1,0,1,1,0,0
9byaysdp,0,1,0,1,1,0,0
9c88ae45,0,1,0,1,1,0,0
9cjp8r8h,0,2,0,2,2,0,0
9cu2gvby,0,2,2,0,0,2,0
9e3s6s3u,0,1,0,1,1,0,0
9e85179b,1,6,0,6,0,0,0
9ee59f51,0,2,0,2,2,0,0
9g0v3wxp,0,1,0,1,1,0,0
9im7obz8,0,1,0,1,1,0,0
9jdkj9xd,0,2,2,0,0,2,0
9kp85suk,0,1,0,1,1,0,0
9lav7dy0,0,4,0,4,4,0,0
9m43avjl,0,1,1,0,0,1,0
9m4btz1a,1,1,0,1,0,0,0
9nb7skh5,1,3,0,3,0,0,0
9ojkz2pi,0,2,2,0,0,2,0
9pq6rtnl,0,3,3,0,0,3,0
9qhx6u5e,0,1,0,1,1,0,0
9uy07xcw,0,2,1,1,1,1,1
9w977prr,0,1,1,0,0,1,0
9xt52rgc,0,1,1,0,0,1,0
9y93ldk0,0,7,0,7,7,0,0
9yevc674,0,2,0,2,2,0,0
9zy3hzxy,1,1,0,1,0,0,0
VID_20250810_100938,0,1,0,1,1,0,0
a02ed92c,0,1,0,1,1,0,0
a0ckgxk1,0,3,3,0,0,3,0
a11hqhcm,0,2,2,0,0,2,0
a1f4c54d,0,1,0,1,1,0,0
a1fmtf80,0,2,0,2,2,0,0
a20baeec,0,2,0,2,2,0,0
a338c8aa,0,1,1,0,0,1,0
a386eaa2,0,1,0,1,1,0,0
a3hz969w,0,1,1,0,0,1,0
a3sg0mjb,0,1,1,0,0,1,0
a46b7b77,0,2,0,2,2,0,0
a5905593,0,2,0,2,2,0,0
a593f7n7,0,1,1,0,0,1,0
a5rqwkmb,0,2,1,1,1,1,1
a658e949,0,1,0,1,1,0,0
a76ee415,0,1,0,1,1,0,0
a7eb6616,0,1,0,1,1,0,0
a7gk2m38,0,5,3,2,2,3,1
a84c60e6,1,1,0,1,0,0,0
a8nqsxj4,0,1,0,1,1,0,0
a938c6b2,0,4,0,4,4,0,0
a95f0aea,0,2,0,2,2,0,0
a966d7fd,0,2,0,2,2,0,0
a97wplik,0,4,0,4,4,0,0
aa718745,0,3,2,1,1,2,1
aac33bff,0,1,0,1,1,0,0
aaecaa39,0,2,0,2,2,0,0
aatd0ihe,0,1,0,1,1,0,0
ab2714f3,0,1,0,1,1,0,0
abcb7665,0,1,0,1,1,0,0
abhlzx1b,0,2,0,2,2,0,0
adf443e1,0,3,0,3,3,0,0
ae470d2b,0,1,0,1,1,0,0
aef0d049,0,3,0,3,3,0,0
aemwtn1g,0,5,5,0,0,5,0
aeq4gg50,0,11,0,11,11,0,0
aesj889h,0,1,0,1,1,0,0
agrkn4yw,0,1,1,0,0,1,0
ah5t8wcp,0,13,0,13,13,0,0
aha7fefz,0,2,2,0,0,2,0
ahwmbh8k,0,1,1,0,0,1,0
aj8v749b,0,2,0,2,2,0,0
ajs0hbue,0,1,0,1,1,0,0
akhpu665,0,1,1,0,0,1,0
alfdbu4o,0,3,2,1,1,2,1
aml08r44,0,1,0,1,1,0,0
amv2ud0g,0,5,0,5,5,0,0
aourmvs1,0,3,0,3,3,0,0
apcrcui1,0,1,1,0,0,1,0
appng8ek,0,7,0,7,7,0,0
aqjtx5yy,0,4,4,0,0,4,0
asl53sz3,0,2,2,0,0,2,0
atdixk0j,0,1,0,1,1,0,0
atwg18fz,0,1,0,1,1,0,0
ax2z573f,0,2,2,0,0,2,0
ax5w48j9,0,4,0,4,4,0,0
aztoshv3,0,1,0,1,1,0,0
b00d0gai,0,2,2,0,0,2,0
b0d09e6a,0,3,0,3,3,0,0
b0f7e75c,0,1,0,1,1,0,0
b0ffaf3b,0,2,0,2,2,0,0
b0ifnvvg,0,1,1,0,0,1,0
b0mtgzyz,0,1,1,0,0,1,0
b1sdh8l4,0,4,0,4,4,0,0
b1vj9u8n,0,2,0,2,2,0,0
b20e6781,1,1,0,1,0,0,0
b2smrwbu,1,10,0,10,0,0,0
b30744df,0,7,0,7,7,0,0
b39ike6r,0,1,0,1,1,0,0
b3f5d019,0,1,0,1,1,0,0
b3whg9cn,0,1,0,1,1,0,0
b40cvjbt,0,2,1,1,1,1,1
b5276b3f,0,1,0,1,1,0,0
b563b04f,0,3,0,3,3,0,0
b56be4b1,0,1,0,1,1,0,0
b604f2dd,0,1,0,1,1,0,0
b638fuhf,0,1,1,0,0,1,0
b68rhj9g,0,1,0,1,1,0,0
b69cfwx2,0,1,0,1,1,0,0
b7uypu57,0,1,0,1,1,0,0
b8g1hlla,1,2,0,2,0,0,0
b8i6pbai,1,1,0,1,0,0,0
b942ce0a,0,1,0,1,1,0,0
ba0e4dd4,0,1,0,1,1,0,0
ba538072,0,9,0,9,9,0,0
barjazzs,0,2,0,2,2,0,0
bb720wk0,1,2,0,2,0,0,0
bb8639e1,0,1,0,1,1,0,0
bbe97d18,0,3,0,3,3,0,0
bbggbe9r,0,2,0,2,2,0,0
bc844942,0,1,0,1,1,0,0
bcb6e338,0,1,0,1,1,0,0
bd9untye,0,1,1,0,0,1,0
bdd5e6b3,0,1,0,1,1,0,0
bdsh5w7x,0,6,6,0,0,6,0
bdyb0l2k,0,1,1,0,0,1,0
bfa42a75,0,1,0,1,1,0,0
bg5mb9f0,0,2,0,2,2,0,0
bhgb8g74,0,1,0,1,1,0,0
bi0x1yv0,0,5,0,5,5,0,0
bina7akt,0,2,1,1,1,1,1
biw4n2zr,0,4,4,0,0,4,0
bjol1e2g,0,3,3,0,0,3,0
bktoqm1o,1,7,0,7,0,0,0
bltnhjdf,0,1,0,1,1,0,0
bqh2clgv,0,3,3,0,0,3,0
bryllipv,0,1,0,1,1,0,0
bs682lah,1,3,0,3,0,0,0
bsai0maq,0,3,0,3,3,0,0
bsg4cjs7,0,2,2,0,0,2,0
bsk7omj7,0,20,0,20,20,0,0
bt1liakw,0,2,0,2,2,0,0
btjs8cuu,0,1,0,1,1,0,0
bts4u1jf,0,2,0,2,2,0,0
bvmdlnk1,0,1,0,1,1,0,0
bw8x5hf6,0,1,0,1,1,0,0
bxkfw36g,0,2,2,0,0,2,0
bxrhtygu,0,2,0,2,2,0,0
by08t752,0,1,0,1,1,0,0
byuenv6o,0,1,0,1,1,0,0
c062f4d7,0,1,0,1,1,0,0
c097af8e,0,13,0,13,13,0,0
c0k0eajg,0,1,0,1,1,0,0
c2e88575,0,23,0,23,23,0,0
c2lhrrfz,0,1,0,1,1,0,0
c2p9kbtr,0,1,0,1,1,0,0
c357gs27,0,20,0,20,20,0,0
c3i3wddf,0,1,0,1,1,0,0
c4byyr29,0,2,1,1,1,1,1
c4m5op9o,0,5,5,0,0,5,0
c575434d,0,1,0,1,1,0,0
c5z6ao6m,0,2,0,2,2,0,0
c65d0736,0,1,0,1,1,0,0
c6d7f94b,0,1,0,1,1,0,0
c7fe0584,0,9,3,6,6,3,1
c7ria50r,0,2,0,2,2,0,0
c83aa6a1,0,1,0,1,1,0,0
c8frbbeq,0,1,0,1,1,0,0
c9351029,0,1,0,1,1,0,0
c9f7f69d,0,1,0,1,1,0,0
cb170015,0,1,0,1,1,0,0
cbnf9yfu,0,6,0,6,6,0,0
cc32235b,0,6,0,6,6,0,0
cc41ba05,0,1,0,1,1,0,0
ccf14ee0,0,2,0,2,2,0,0
ccp90wle,0,6,3,3,3,3,1
cdhyb1sm,0,1,0,1,1,0,0
cdkcp5xi,0,1,0,1,1,0,0
ce273ghv,1,5,0,5,0,0,0
ce691ee6,0,1,0,1,1,0,0
ceuol9pe,0,1,0,1,1,0,0
cfc68a82,1,1,0,1,0,0,0
cftszh8m,0,1,0,1,1,0,0
cii0sth4,0,5,5,0,0,5,0
cjtkwxdw,0,2,2,0,0,2,0
clbhnmq3,0,1,0,1,1,0,0
cm99t7wb,0,2,0,2,2,0,0
cmmzeeko,0,3,0,3,3,0,0
co6dm8e2,1,2,2,0,0,0,0
cpllzhnh,0,2,0,2,2,0,0
cpx3urwx,0,2,2,0,0,2,0
cq3m4de8,0,1,0,1,1,0,0
cqgzvw67,0,2,0,2,2,0,0
csokkzd1,0,1,0,1,1,0,0
cssul0b3,0,9,8,1,1,8,1
cszsr84k,0,1,0,1,1,0,0
ctc4aocu,0,1,1,0,0,1,0
ctu5ydy8,0,2,0,2,2,0,0
cv63itgy,0,2,2,0,0,2,0
cv93mtux,0,1,0,1,1,0,0
cvcwg4bh,0,3,0,3,3,0,0
cxhkrobf,0,2,1,1,1,1,1
cxlteppe,0,1,0,1,1,0,0
cy6jwsdj,0,1,0,1,1,0,0
cyb6qwlx,0,5,5,0,0,5,0
czo7tdq5,0,1,0,1,1,0,0
d0722d0f,0,1,0,1,1,0,0
d1d95c61,0,1,0,1,1,0,0
d1rvvqxj,0,3,0,3,3,0,0
d262b7e4,0,9,0,9,9,0,0
d37e29a7,0,7,0,7,7,0,0
d387ccfj,0,2,0,2,2,0,0
d46e771b,0,2,0,2,2,0,0
d48c552d,0,1,0,1,1,0,0
d5eaeuil,0,1,0,1,1,0,0
d6orfuoz,1,3,0,3,0,0,0
d6rw88ok,0,5,5,0,0,5,0
d7058a0d,0,2,1,1,1,1,1
d850pplf,0,1,1,0,0,1,0
d8scju3l,0,2,0,2,2,0,0
d97c9309,0,1,0,1,1,0,0
da5e4bc5,0,1,0,1,1,0,0
dafeb75e,0,1,0,1,1,0,0
dbaldnem,1,3,0,3,0,0,0
dc2c570d,0,1,0,1,1,0,0
dc4jf8pa,0,1,0,1,1,0,0
dd7j94sk,0,1,1,0,0,1,0
ddd383cc,0,1,0,1,1,0,0
dde85a9d,0,1,0,1,1,0,0
dduhmge2,0,2,0,2,2,0,0
dec1f5rb,0,2,0,2,2,0,0
deg4avnp,0,3,0,3,3,0,0
deum4vnu,0,1,1,0,0,1,0
dfm72atf,0,1,0,1,1,0,0
dfninzty,0,3,2,1,1,2,1
dfxx4awr,0,1,1,0,0,1,0
dgampbmq,0,3,0,3,3,0,0
dhgcw08t,0,1,0,1,1,0,0
dhs0jgxo,0,2,0,2,2,0,0
dj5rdtah,0,4,0,4,4,0,0
dkcfmv1a,0,10,9,1,1,9,1
dn5s83qr,0,1,0,1,1,0,0
dnfi0g62,0,2,0,2,2,0,0
drbuj5di,0,1,1,0,0,1,0
du39lcoi,0,3,0,3,3,0,0
duczdfw4,1,3,3,0,0,0,0
dukliiqc,0,1,0,1,1,0,0
duwm3td7,0,1,1,0,0,1,0
dwohtf0a,0,1,0,1,1,0,0
dwzutkgj,0,1,0,1,1,0,0
dxcmql4o,0,4,0,4,4,0,0
dydonjyb,0,1,0,1,1,0,0
dz9ct5wb,1,4,1,3,0,0,1
dzfqjewm,0,1,0,1,1,0,0
e14d1f96,0,2,1,1,1,1,1
e15225j4,0,2,0,2,2,0,0
e1c48bdd,0,2,0,2,2,0,0
e23c6392,0,1,1,0,0,1,0
e2qxuriu,0,2,0,2,2,0,0
e3dcd186,0,2,0,2,2,0,0
e3oqggr3,0,4,4,0,0,4,0
e3uawo8p,0,4,4,0,0,4,0
e3vapq7p,0,2,2,0,0,2,0
e4a72496,0,1,0,1,1,0,0
e4b6d2a0,0,1,0,1,1,0,0
e4b6f2ef,0,1,0,1,1,0,0
e5be4781,0,2,0,2,2,0,0
e5e9eb29,0,2,0,2,2,0,0
e5ry3cp2,0,1,0,1,1,0,0
e607450d,0,1,1,0,0,1,0
e6348d2c,1,3,1,2,0,0,1
e638e950,0,4,0,4,4,0,0
e65ntk3s,1,14,7,7,0,0,1
e681ogmx,0,3,1,2,2,1,1
e6gjwl0h,0,2,0,2,2,0,0
e79ecd47,0,2,0,2,2,0,0
e7b34ab6,0,1,1,0,0,1,0
e7habwfg,0,1,0,1,1,0,0
e7rejjns,0,1,0,1,1,0,0
e944mlk3,0,6,0,6,6,0,0
e96b9b04,0,4,0,4,4,0,0
e99bd793,0,4,0,4,4,0,0
ea65e6b7,0,1,0,1,1,0,0
eac1a9e6,0,1,0,1,1,0,0
eaff3301,0,3,0,3,3,0,0
eag5f6kr,0,4,4,0,0,4,0
eb3vm4eu,0,1,1,0,0,1,0
eb93ed20,0,1,0,1,1,0,0
ebh9nvfy,1,1,0,1,0,0,0
ebqrfeu7,0,4,4,0,0,4,0
ec27366a,0,3,0,3,3,0,0
edab084s,0,2,2,0,0,2,0
edny03oq,0,2,0,2,2,0,0
ee059f99,0,1,1,0,0,1,0
eeaaa67e,1,3,3,0,0,0,0
eec4c008,0,1,0,1,1,0,0
efk04oqc,0,4,1,3,3,1,1
eghlepz9,0,5,5,0,0,5,0
ejdmfwod,1,1,0,1,0,0,0
ejor2496,0,1,0,1,1,0,0
ek2kew2p,0,1,0,1,1,0,0
eken71z2,0,1,0,1,1,0,0
ekt2af6c,0,10,10,0,0,10,0
ekxyvgl9,0,3,0,3,3,0,0
em21z9mn,0,3,1,2,2,1,1
emd2bu78,1,1,0,1,0,0,0
endmg0a1,0,1,0,1,1,0,0
enlil56y,0,3,0,3,3,0,0
eogrrm2m,0,1,0,1,1,0,0
epxoelt8,0,6,0,6,6,0,0
eq0oe7ux,0,1,0,1,1,0,0
esew5ebz,0,1,0,1,1,0,0
esny8g6w,0,1,0,1,1,0,0
et9fou59,0,11,0,11,11,0,0
euzp36eu,0,2,0,2,2,0,0
ev7qh6xo,0,1,1,0,0,1,0
ew8x2uw7,0,4,2,2,2,2,1
ewibecpp,0,2,2,0,0,2,0
ewyloxcl,0,2,2,0,0,2,0
eywxjtzh,0,1,0,1,1,0,0
ezgrj3gu,0,5,5,0,0,5,0
f0ba8748,0,1,0,1,1,0,0
f1pigade,0,1,0,1,1,0,0
f24rbcm7,0,2,0,2,2,0,0
f2usscoi,0,1,0,1,1,0,0
f33d3c15,0,2,0,2,2,0,0
f45d3823,0,1,0,1,1,0,0
f4y4902x,0,1,0,1,1,0,0
f509054f,0,1,0,1,1,0,0
f521e3c5,0,4,4,0,0,4,0
f54tbvr8,0,1,0,1,1,0,0
f5bdw4ng,0,2,0,2,2,0,0
f5d2d8d3,0,1,0,1,1,0,0
f5tc3jxg,0,2,0,2,2,0,0
f6786ab5,0,1,0,1,1,0,0
f6bfc699,0,3,0,3,3,0,0
f6de8226,0,2,0,2,2,0,0
f6f8b4a6,0,2,0,2,2,0,0
f6uj8gka,0,1,1,0,0,1,0
f7203226,0,2,0,2,2,0,0
f7375ab3,0,1,0,1,1,0,0
f7d36a47,0,1,0,1,1,0,0
f7tji6df,0,1,0,1,1,0,0
f8e5f837,0,1,0,1,1,0,0
f9c20062,0,2,0,2,2,0,0
fabae187,0,2,0,2,2,0,0
faby6kx9,0,1,0,1,1,0,0
fac3378e,0,3,0,3,3,0,0
faf7d852,0,2,0,2,2,0,0
famn2us3,0,1,0,1,1,0,0
fbfb6e30,0,6,0,6,6,0,0
fc0qnjw2,1,3,0,3,0,0,0
fcilvpft,0,1,1,0,0,1,0
fcl5hk5p,1,1,0,1,0,0,0
fcrfkavv,0,1,1,0,0,1,0
fdb2e432,0,2,0,2,2,0,0
fe21fd5c,0,1,0,1,1,0,0
febmmwzw,0,2,0,2,2,0,0
febw0xm6,0,1,1,0,0,1,0
fecd10d2,0,1,0,1,1,0,0
ff9dvpq5,0,3,3,0,0,3,0
ffc952kx,0,1,1,0,0,1,0
fgnoc8jg,0,4,4,0,0,4,0
fiec8nko,0,1,0,1,1,0,0
fihg1bdo,0,2,0,2,2,0,0
fkg0gfew,1,1,0,1,0,0,0
fky3slw8,0,4,4,0,0,4,0
fl2c1h0y,0,2,0,2,2,0,0
flg5ike4,0,1,0,1,1,0,0
flnj4yuc,0,1,0,1,1,0,0
fmt51n4s,0,5,5,0,0,5,0
fmzx1ro9,0,7,0,7,7,0,0
fom0ccgy,0,3,2,1,1,2,1
fowmweq6,1,1,0,1,0,0,0
fp3hgpet,1,1,0,1,0,0,0
fpcf8jx1,0,3,3,0,0,3,0
fsi3n9sa,0,2,1,1,1,1,1
ftlqgyht,0,2,2,0,0,2,0
fuy6fkra,1,2,0,2,0,0,0
fvs6htn8,0,6,6,0,0,6,0
fvuleox7,0,2,0,2,2,0,0
fwuh0aru,1,1,0,1,0,0,0
g06t0xax,0,2,0,2,2,0,0
g0vyj6g0,0,8,8,0,0,8,0
g2uddkam,0,1,0,1,1,0,0
g4zcpt2m,0,2,1,1,1,1,1
g6ir5t2f,0,9,0,9,9,0,0
g8wzhwn6,0,3,3,0,0,3,0
g9ikdw9x,0,10,10,0,0,10,0
gbu02yyq,0,2,2,0,0,2,0
gcsl0xy5,0,1,1,0,0,1,0
gdef16mu,0,5,0,5,5,0,0
gdl8kjyo,0,2,2,0,0,2,0
gfqwtouk,0,1,1,0,0,1,0
gfvtx21c,0,2,0,2,2,0,0
ggmod0c3,0,1,0,1,1,0,0
ghg9k8ra,0,1,1,0,0,1,0
gi6yxol1,0,1,0,1,1,0,0
gjtgfzps,1,2,0,2,0,0,0
gkj4gy4v,0,1,0,1,1,0,0
gljj04fy,0,2,2,0,0,2,0
gm432ls3,0,1,0,1,1,0,0
gmch721h,0,5,2,3,3,2,1
gnmih6ba,0,2,1,1,1,1,1
go5l57nf,0,2,2,0,0,2,0
go6pnv02,0,5,0,5,5,0,0
gosqrxdh,0,2,0,2,2,0,0
gqvq4n5t,0,2,0,2,2,0,0
gr2jr5mq,0,1,0,1,1,0,0
grc82wel,0,3,0,3,3,0,0
gsh2x1h3,0,2,0,2,2,0,0
gsybruwj,0,1,0,1,1,0,0
gtbzajqb,0,1,1,0,0,1,0
gvnh18z0,0,2,2,0,0,2,0
gy34qcdq,0,1,0,1,1,0,0
gynlnqq1,0,6,2,4,4,2,1
gz9huf37,0,1,0,1,1,0,0
h0bjbp6u,0,1,1,0,0,1,0
h0txtc32,0,1,0,1,1,0,0
h1ftiuhk,0,1,0,1,1,0,0
h1hzzacg,0,3,3,0,0,3,0
h1tjut91,0,1,0,1,1,0,0
h5cgy7jf,0,1,0,1,1,0,0
h6rqsag9,0,3,0,3,3,0,0
h7btlkbi,0,1,0,1,1,0,0
h8rt5775,0,4,4,0,0,4,0
hasdlhvf,0,1,0,1,1,0,0
hcb51p0k,1,1,0,1,0,0,0
hcujxvqd,0,4,0,4,4,0,0
hfvcmd3c,0,1,1,0,0,1,0
hg1pk891,0,2,0,2,2,0,0
hgpnic22,0,1,0,1,1,0,0
hgpup8kq,0,1,0,1,1,0,0
hi1d4128,0,3,0,3,3,0,0
hi45r2a9,0,8,0,8,8,0,0
hk6xfpt6,0,10,3,7,7,3,1
hl79prrc,0,1,1,0,0,1,0
hlore8i0,0,1,0,1,1,0,0
hlsugcx2,0,7,6,1,1,6,1
hm8b1caq,0,2,0,2,2,0,0
hmaj8vpu,0,1,0,1,1,0,0
hpo05a0c,0,2,0,2,2,0,0
hq179nue,0,2,2,0,0,2,0
hr4ef5ei,0,1,1,0,0,1,0
hruc8pn7,1,1,0,1,0,0,0
hu795otq,0,6,6,0,0,6,0
hvezqwwt,0,2,0,2,2,0,0
hvib8xhl,0,1,0,1,1,0,0
hwwc7m58,0,1,0,1,1,0,0
hxaid41o,0,1,0,1,1,0,0
hy97dn1d,0,1,0,1,1,0,0
hymuhio1,0,2,0,2,2,0,0
hyn8kbwe,0,11,0,11,11,0,0
hzehe2ut,0,4,4,0,0,4,0
hzkwgfld,0,2,0,2,2,0,0
hzpi9pbs,1,8,0,8,0,0,0
i0ikg524,0,5,0,5,5,0,0
i0t5h5yk,0,6,6,0,0,6,0
i28ox9vu,0,1,1,0,0,1,0
i3bi3vff,0,2,0,2,2,0,0
i41c5jhu,0,2,2,0,0,2,0
i52snehv,0,2,0,2,2,0,0
i59tybvn,0,4,4,0,0,4,0
i87r48vo,0,1,0,1,1,0,0
iaci5bab,0,3,1,2,2,1,1
ic7cze5x,0,2,0,2,2,0,0
icilwr0i,0,1,1,0,0,1,0
ieb8ri3y,1,1,0,1,0,0,0
ig7ngb49,0,2,2,0,0,2,0
iglt67mh,0,1,1,0,0,1,0
igtifzkv,0,3,0,3,3,0,0
ihso6df8,0,1,1,0,0,1,0
iijj01lq,0,2,0,2,2,0,0
ik2wfqj1,0,10,0,10,10,0,0
ikqgio2y,1,1,0,1,0,0,0
il662bir,1,1,0,1,0,0,0
indxj6zk,0,1,0,1,1,0,0
inkwjqj7,0,1,0,1,1,0,0
ip1mn7f8,0,1,0,1,1,0,0
iq25nid0,0,1,0,1,1,0,0
iqxext8k,0,3,1,2,2,1,1
ir8q519z,0,1,0,1,1,0,0
irqvzvn7,0,2,2,0,0,2,0
is9cesnk,0,2,0,2,2,0,0
iujxpe2c,0,1,1,0,0,1,0
ixtlirmw,0,5,5,0,0,5,0
ixvf0apv,0,1,0,1,1,0,0
j0w6juri,0,1,1,0,0,1,0
j10o202t,0,1,0,1,1,0,0
j13zc5iu,0,5,5,0,0,5,0
j1vg5ksv,0,2,0,2,2,0,0
j1w5wp9c,1,2,0,2,0,0,0
j338igfx,0,4,0,4,4,0,0
j3s3k0nc,0,6,6,0,0,6,0
j48bg0o1,0,2,2,0,0,2,0
j4f2a97n,0,32,4,28,28,4,1
j4j912uc,1,2,0,2,0,0,0
j5ck2wtw,0,5,0,5,5,0,0
j6obrhs3,0,1,0,1,1,0,0
j7i1pg5v,0,1,0,1,1,0,0
j7izfzv7,1,1,0,1,0,0,0
jcfdzcsg,1,4,1,3,0,0,1
jffbt3uo,0,2,2,0,0,2,0
jfn0cu8r,0,3,3,0,0,3,0
jgrk0o29,0,2,0,2,2,0,0
ji42gktw,0,12,0,12,12,0,0
jjcy06bh,0,2,0,2,2,0,0
jjq8z7lm,0,1,1,0,0,1,0
jnz3z8v3,1,1,0,1,0,0,0
jo07pdif,0,2,0,2,2,0,0
jonzenoi,1,1,1,0,0,0,0
jrstebj0,1,1,0,1,0,0,0
jt2ygstu,0,1,0,1,1,0,0
jtx41psl,0,1,0,1,1,0,0
jtxtyqbl,0,2,2,0,0,2,0
jv8e3zxz,1,3,0,3,0,0,0
jvu8a48s,1,2,0,2,0,0,0
jvwfdb4c,0,10,0,10,10,0,0
jvx5mxcz,0,1,0,1,1,0,0
jy044tyz,0,3,0,3,3,0,0
jylpam6d,0,3,3,0,0,3,0
k0vcz0st,0,3,2,1,1,2,1
k369x08x,0,1,0,1,1,0,0
k52lrn32,0,2,1,1,1,1,1
k6mwrhcn,0,1,0,1,1,0,0
k77xbw1a,1,1,0,1,0,0,0
k8w3vjn1,0,3,1,2,2,1,1
k91meps2,0,7,0,7,7,0,0
k9bxt0u7,0,12,0,12,12,0,0
kd9cbxlm,0,7,7,0,0,7,0
kdd87l6w,0,2,0,2,2,0,0
kfjzty7h,1,2,0,2,0,0,0
kfku0fdg,0,2,0,2,2,0,0
kgb5t4u3,0,3,0,3,3,0,0
km3lycqv,0,2,0,2,2,0,0
kmg8ysk5,0,2,0,2,2,0,0
kqcxm2r0,0,3,3,0,0,3,0
krf3kv3h,1,2,1,1,0,0,1
ksl55n8i,0,1,0,1,1,0,0
ksnez34m,0,1,1,0,0,1,0
kt4w9hi7,0,4,4,0,0,4,0
kux6nbd8,1,1,0,1,0,0,0
kuyatgrp,0,5,0,5,5,0,0
kv53tjsw,0,1,0,1,1,0,0
kwac9t6i,0,1,0,1,1,0,0
kwsywj2y,0,1,1,0,0,1,0
kwwh43ve,0,1,0,1,1,0,0
kxy8pcfk,0,1,0,1,1,0,0
kz5ukgux,0,4,0,4,4,0,0
kzshav21,0,3,3,0,0,3,0
l0ek62ei,0,2,0,2,2,0,0
l0v1ydzj,0,2,2,0,0,2,0
l1kmuosm,1,1,0,1,0,0,0
l26044lk,1,1,0,1,0,0,0
l2s1vt3z,0,1,0,1,1,0,0
l2x7mrxz,0,1,0,1,1,0,0
l3x9425h,0,1,0,1,1,0,0
l4a70q85,0,6,0,6,6,0,0
l55pegqb,0,1,0,1,1,0,0
l58f4qda,0,1,1,0,0,1,0
l5locryc,0,2,0,2,2,0,0
l6zdy2cc,0,8,7,1,1,7,1
l7b35u95,0,2,0,2,2,0,0
l7k00l6c,0,1,0,1,1,0,0
l7ne5cdc,0,1,0,1,1,0,0
l7x9zvsk,0,8,0,8,8,0,0
la1w5eyj,0,4,1,3,3,1,1
lbhcgscp,0,1,1,0,0,1,0
lbvmnhiu,0,5,2,3,3,2,1
ldkjqdxo,0,1,0,1,1,0,0
ldygfvvl,1,2,0,2,0,0,0
leu252hn,0,4,0,4,4,0,0
lf4uoql4,1,1,0,1,0,0,0
lfc2jl2f,0,2,0,2,2,0,0
lhcjpfjz,0,1,0,1,1,0,0
li8de3i9,0,4,4,0,0,4,0
ljgaeiyc,0,1,0,1,1,0,0
ljkfbrl3,0,2,0,2,2,0,0
ljyiw2uc,0,1,0,1,1,0,0
ll2hbtix,0,3,3,0,0,3,0
llnifik4,0,1,0,1,1,0,0
llsm42u2,0,4,4,0,0,4,0
lr5lvbrz,1,4,0,4,0,0,0
lrrnx1q2,0,1,0,1,1,0,0
lskh81dd,0,6,5,1,1,5,1
lspz18z7,0,3,3,0,0,3,0
lt2a4km9,0,6,6,0,0,6,0
ltr39cd6,0,1,0,1,1,0,0
ltzj3wpm,0,2,0,2,2,0,0
lutp0n8m,0,2,1,1,1,1,1
luzfqr88,0,1,0,1,1,0,0
lvlnz494,0,3,0,3,3,0,0
lw6pr7h4,0,1,0,1,1,0,0
lxgx30qb,0,2,0,2,2,0,0
lxidwwy1,0,1,0,1,1,0,0
lyotrfc8,0,1,1,0,0,1,0
m0n3lxv7,0,4,0,4,4,0,0
m0vk576h,0,1,0,1,1,0,0
m10d91f4,0,20,0,20,20,0,0
m1l649gb,0,1,1,0,0,1,0
m1z3q7rl,0,8,8,0,0,8,0
m20qne5d,0,5,5,0,0,5,0
m2dpw86v,0,1,0,1,1,0,0
m3duvjd8,0,16,0,16,16,0,0
m547v4da,0,1,1,0,0,1,0
m7lk361f,0,1,1,0,0,1,0
m98296ym,0,1,0,1,1,0,0
m9ogq2aw,0,1,0,1,1,0,0
m9to226x,0,2,0,2,2,0,0
mb2wf06i,0,2,0,2,2,0,0
mbemf5p3,0,1,1,0,0,1,0
mdgbt5ti,0,2,2,0,0,2,0
mdkrg4tg,0,2,1,1,1,1,1
me4gqecx,0,2,2,0,0,2,0
meqs0ebh,0,3,3,0,0,3,0
merapj4t,0,2,0,2,2,0,0
mfble881,0,1,0,1,1,0,0
mfxnh5ru,0,4,2,2,2,2,1
mjwfbdod,0,1,0,1,1,0,0
ml7l7gs6,0,1,1,0,0,1,0
mm0y9dqp,0,4,4,0,0,4,0
mm4bj76f,0,2,1,1,1,1,1
mn4s0gi8,0,26,0,26,26,0,0
mnpzb7g9,0,1,0,1,1,0,0
mnrf445t,0,2,0,2,2,0,0
momlyu55,0,5,5,0,0,5,0
mq5eecg3,0,4,4,0,0,4,0
mqdvl4nz,0,3,0,3,3,0,0
mr2fmf4s,0,3,3,0,0,3,0
mre99ig5,1,2,0,2,0,0,0
mrjjsc78,0,1,0,1,1,0,0
ms668l3a,0,3,0,3,3,0,0
msfrckgm,0,2,0,2,2,0,0
msxdknb7,0,2,0,2,2,0,0
mv8gzra0,1,2,0,2,0,0,0
mvcgeyo0,0,4,4,0,0,4,0
mvsm01cq,0,1,1,0,0,1,0
mxqy5j4p,0,1,0,1,1,0,0
my6cd5xb,1,5,0,5,0,0,0
myzrhqzr,0,8,8,0,0,8,0
mz7i5v45,0,1,1,0,0,1,0
n01sq64g,0,1,0,1,1,0,0
n0any3pm,0,2,0,2,2,0,0
n0d05tlz,0,2,0,2,2,0,0
n2tevlr5,0,1,0,1,1,0,0
n3opitol,0,3,0,3,3,0,0
n4rzvx60,0,1,0,1,1,0,0
n6y28xpe,0,2,2,0,0,2,0
n70agn2x,1,3,0,3,0,0,0
n812b02c,0,1,0,1,1,0,0
n9otnthe,0,5,5,0,0,5,0
na33k19e,0,1,0,1,1,0,0
nap0n2eo,0,1,1,0,0,1,0
navoodgp,0,1,0,1,1,0,0
naxnnnqn,0,6,6,0,0,6,0
nbt1q2kb,0,1,1,0,0,1,0
nbuwrvdt,0,1,0,1,1,0,0
nebtladl,0,5,5,0,0,5,0
nf50dpfc,0,1,0,1,1,0,0
nhy81vp1,0,2,0,2,2,0,0
nl2b6svx,0,4,4,0,0,4,0
nl87m8lt,0,3,0,3,3,0,0
nmq4u0ce,1,7,0,7,0,0,0
nsg01vj9,0,2,0,2,2,0,0
nsorw968,0,2,0,2,2,0,0
nspjm3hy,0,1,0,1,1,0,0
nt2i7fen,0,2,0,2,2,0,0
nt6rz9ny,0,1,1,0,0,1,0
ntq95l3m,0,3,0,3,3,0,0
ntx3bu3p,0,1,0,1,1,0,0
nu6y81zw,0,2,0,2,2,0,0
nx0i3j9d,0,2,2,0,0,2,0
nx1tsmoz,0,2,0,2,2,0,0
nxzxpfac,0,2,0,2,2,0,0
nz14uioy,0,1,0,1,1,0,0
nzenmdlv,0,1,0,1,1,0,0
nzzzljcw,0,1,1,0,0,1,0
o05ggmg6,0,1,0,1,1,0,0
o24kh44u,0,2,0,2,2,0,0
o2p3gnhh,0,2,1,1,1,1,1
o3g4vx0q,0,4,4,0,0,4,0
o5w9z7uf,0,1,0,1,1,0,0
o6h4sn0b,1,3,0,3,0,0,0
o6kep10w,0,2,2,0,0,2,0
o7mmybmz,0,1,0,1,1,0,0
o94ds8qc,0,1,0,1,1,0,0
o9djvqd6,0,1,1,0,0,1,0
o9nyx84w,0,4,4,0,0,4,0
oa881897,0,1,0,1,1,0,0
oasjdhjb,0,2,0,2,2,0,0
obgqwd81,0,1,0,1,1,0,0
oc9632tw,0,2,0,2,2,0,0
occp1ier,1,5,0,5,0,0,0
ocw3fc39,0,2,0,2,2,0,0
odfbfy6l,0,3,2,1,1,2,1
oey2wg6r,0,1,1,0,0,1,0
of2thxpc,0,2,2,0,0,2,0
oguewgjb,0,3,1,2,2,1,1
oiupcf30,0,4,0,4,4,0,0
ojg1eeg1,0,1,1,0,0,1,0
ojz47jkz,0,6,0,6,6,0,0
okk1awq1,0,1,0,1,1,0,0
okyiwhe2,0,2,0,2,2,0,0
okyujpk1,0,1,0,1,1,0,0
okzrw4ul,0,1,0,1,1,0,0
olcop8k4,1,2,0,2,0,0,0
olqepuhs,0,2,0,2,2,0,0
om1l22ht,0,2,0,2,2,0,0
om9gicaj,0,2,0,2,2,0,0
omuyddn2,0,3,0,3,3,0,0
onpzhy2z,0,6,6,0,0,6,0
onz6n39p,1,9,0,9,0,0,0
oo44ebei,0,7,7,0,0,7,0
ooalvn2v,1,2,0,2,0,0,0
oq4xkb08,0,4,1,3,3,1,1
or8eklj5,0,2,0,2,2,0,0
or8jvjtg,0,2,0,2,2,0,0
os8i6e0w,0,2,0,2,2,0,0
osyxelz5,0,1,1,0,0,1,0
otbqvipa,0,1,1,0,0,1,0
ou2f7p0i,0,2,0,2,2,0,0
oua9yz53,0,1,1,0,0,1,0
ow0b88et,0,10,8,2,2,8,1
owjja9na,0,4,4,0,0,4,0
ox1p16xi,0,2,0,2,2,0,0
oz48ssju,0,5,0,5,5,0,0
ozz7zjrv,0,1,0,1,1,0,0
p0bzaolc,0,4,0,4,4,0,0
p2mdrqk1,0,3,0,3,3,0,0
p8120d2b,0,1,1,0,0,1,0
p8al6c43,0,3,0,3,3,0,0
p8n66t7d,0,3,3,0,0,3,0
p9goy3m5,0,2,0,2,2,0,0
paqd3t4y,0,1,0,1,1,0,0
pc4elmdu,1,1,0,1,0,0,0
pdf384d3,0,3,3,0,0,3,0
pdkgzcnq,0,1,0,1,1,0,0
peny1kdb,0,6,1,5,5,1,1
pgu84vt1,1,1,0,1,0,0,0
phrlikaf,0,1,0,1,1,0,0
piuqj5wt,0,2,0,2,2,0,0
pkxlarz2,0,1,0,1,1,0,0
pl1t7w03,0,2,0,2,2,0,0
pl3nvrt3,0,2,0,2,2,0,0
pne9qu86,0,1,0,1,1,0,0
ponb8hrz,0,2,0,2,2,0,0
pp6xneq2,0,5,0,5,5,0,0
pq5h4hw1,1,1,0,1,0,0,0
pq6uabeq,0,1,0,1,1,0,0
pqm9n2v4,0,2,2,0,0,2,0
pr0wn6h6,0,1,0,1,1,0,0
pr33uloc,0,2,1,1,1,1,1
prrirvxz,0,5,5,0,0,5,0
ptuktd2e,0,1,0,1,1,0,0
pw1byfdk,0,3,3,0,0,3,0
pyb3e94c,0,4,4,0,0,4,0
pz9rf3kp,0,2,0,2,2,0,0
q2dee44h,0,1,0,1,1,0,0
q6d20jh0,0,2,2,0,0,2,0
q7d8mrg3,0,2,0,2,2,0,0
q7iwrayb,0,2,0,2,2,0,0
q8dd8tfx,1,6,1,5,0,0,1
q8u89o1o,0,2,2,0,0,2,0
q9ut004z,0,1,1,0,0,1,0
qa0uz3a7,0,1,0,1,1,0,0
qa3ihq76,0,1,1,0,0,1,0
qa91hkcn,0,1,0,1,1,0,0
qawrozw8,0,1,0,1,1,0,0
qb8rh6ap,1,5,0,5,0,0,0
qc8x8fzb,1,14,5,9,0,0,1
qc9cac32,0,1,0,1,1,0,0
qcyzntli,0,3,0,3,3,0,0
qdfcwypm,0,1,0,1,1,0,0
qfhnj1nf,0,1,0,1,1,0,0
qgnewvrp,0,2,0,2,2,0,0
qhwawif5,0,2,2,0,0,2,0
qhykjzwc,0,2,0,2,2,0,0
qittyp0l,0,2,0,2,2,0,0
qjeopm3q,0,1,0,1,1,0,0
qjrm0hmj,0,3,0,3,3,0,0
qklobnr4,1,10,4,6,0,0,1
ql6bf189,0,2,0,2,2,0,0
qmn6zqgq,0,2,0,2,2,0,0
qntxo4k2,0,10,10,0,0,10,0
qptv6rl8,0,2,2,0,0,2,0
qqn1s9p6,1,2,0,2,0,0,0
qqo2540r,1,2,0,2,0,0,0
qrlz4xpk,0,2,0,2,2,0,0
qset7zfv,0,1,0,1,1,0,0
qt1bf7hj,0,1,0,1,1,0,0
qtofcdqp,1,3,0,3,0,0,0
qurrcmwn,0,3,0,3,3,0,0
qw39rqhv,0,2,0,2,2,0,0
qx4i482e,0,3,3,0,0,3,0
qx7ncfer,0,2,0,2,2,0,0
qzerhngx,0,6,0,6,6,0,0
qzqjuedt,0,1,0,1,1,0,0
r13s2zog,0,1,0,1,1,0,0
r298oppp,0,1,0,1,1,0,0
r2fmxg6h,0,3,0,3,3,0,0
r2iallw7,0,1,0,1,1,0,0
r2n6kgfd,0,1,0,1,1,0,0
r507we9x,0,1,0,1,1,0,0
r5frlifm,1,7,0,7,0,0,0
r6apnjuv,0,2,0,2,2,0,0
r6u57ymk,0,1,1,0,0,1,0
r77uzwv4,0,2,2,0,0,2,0
r8krwek1,0,1,0,1,1,0,0
r9vm4hpf,1,7,0,7,0,0,0
rajycrxk,0,2,0,2,2,0,0
rbtygva8,0,5,5,0,0,5,0
rfyy184d,0,2,1,1,1,1,1
rgsz0gml,0,1,0,1,1,0,0
rj6on8oa,0,2,2,0,0,2,0
rl2kq1px,0,1,0,1,1,0,0
rl7ir488,0,4,0,4,4,0,0
rm3v6asc,0,2,0,2,2,0,0
rmj8dcsw,0,3,0,3,3,0,0
rmjrb2gl,0,1,0,1,1,0,0
rmrq5h4y,0,5,0,5,5,0,0
rnm6wvsn,0,6,0,6,6,0,0
ro7l0xdi,0,8,0,8,8,0,0
rowg6cxy,0,1,0,1,1,0,0
rt7xp2yh,0,1,0,1,1,0,0
ru0qwa84,0,6,0,6,6,0,0
ruo4i3o9,1,2,0,2,0,0,0
rur6zq0f,0,1,1,0,0,1,0
rv0q2e1z,1,1,0,1,0,0,0
rvf66gf1,0,1,0,1,1,0,0
rvivsqr0,0,1,0,1,1,0,0
rvyuhzr0,0,2,0,2,2,0,0
rwmfb74z,0,1,1,0,0,1,0
rx7yfkbg,0,1,0,1,1,0,0
rxwpdfl4,0,3,3,0,0,3,0
rz2b31mn,0,1,0,1,1,0,0
rzo1levj,1,2,0,2,0,0,0
s0umhbpw,0,9,5,4,4,5,1
s0uoxmwc,0,1,0,1,1,0,0
s1kd1p3t,0,1,0,1,1,0,0
s1of0a97,0,1,0,1,1,0,0
s20ffvpu,1,1,0,1,0,0,0
s2p93q5k,0,2,2,0,0,2,0
s3ceodsu,1,1,0,1,0,0,0
s3u2hiph,1,1,0,1,0,0,0
s41qtfd2,0,1,0,1,1,0,0
s4mnrzi1,0,2,0,2,2,0,0
s4nxbrcp,0,1,0,1,1,0,0
s6b025qn,0,1,0,1,1,0,0
s6fq808z,1,1,0,1,0,0,0
s6qa98lx,0,1,0,1,1,0,0
s85mrdef,1,1,0,1,0,0,0
s8ib1gqo,0,2,0,2,2,0,0
s9dg6k7b,0,6,6,0,0,6,0
sahj107v,0,3,3,0,0,3,0
sajk18ua,0,2,0,2,2,0,0
sbu8j9xc,0,1,0,1,1,0,0
sbyfhl5a,1,1,0,1,0,0,0
sc0oekh2,0,6,6,0,0,6,0
sc65nvjl,0,1,0,1,1,0,0
sfbg4630,1,20,0,20,0,0,0
sfns53bj,0,2,0,2,2,0,0
sgcn6xgc,0,1,0,1,1,0,0
sh7sl5xi,0,1,0,1,1,0,0
si7re70s,0,2,0,2,2,0,0
sijkcttf,0,5,0,5,5,0,0
sjgicdrs,0,2,0,2,2,0,0
sjl7jcdm,0,1,0,1,1,0,0
skjvwkeu,0,15,0,15,15,0,0
skk68epq,1,1,0,1,0,0,0
skmuz7n7,0,1,0,1,1,0,0
skue9h1a,0,1,0,1,1,0,0
skxbqj5u,0,2,0,2,2,0,0
sla7u3u5,0,2,0,2,2,0,0
smj60b7y,0,3,0,3,3,0,0
smpz2v72,0,6,0,6,6,0,0
so8lbzwk,0,7,3,4,4,3,1
spakvkft,0,1,0,1,1,0,0
spddn8ef,0,6,0,6,6,0,0
sr0xcevd,0,2,0,2,2,0,0
srtemhqr,0,3,1,2,2,1,1
ss0b0lxp,0,2,0,2,2,0,0
ssz7rje6,0,1,0,1,1,0,0
stxmnfmi,0,6,4,2,2,4,1
sxmx6adc,1,6,0,6,0,0,0
sy4ix7t7,0,3,0,3,3,0,0
sy7poaj5,0,2,0,2,2,0,0
t15hnxr3,0,8,0,8,8,0,0
t1sb5qo8,0,2,0,2,2,0,0
t245k9bp,0,1,1,0,0,1,0
t3wvj7qz,0,1,0,1,1,0,0
t4mcamey,0,1,0,1,1,0,0
t5zhoswv,0,2,0,2,2,0,0
t6b34ze7,0,4,0,4,4,0,0
t6ng4itw,0,1,0,1,1,0,0
t6vkmkho,0,1,1,0,0,1,0
t7l078ma,0,4,0,4,4,0,0
t9crbspj,0,1,0,1,1,0,0
t9jz6g88,0,2,0,2,2,0,0
t9n0p86n,0,5,4,1,1,4,1
tdvd35gv,1,1,1,0,0,0,0
tdwhgf97,0,1,0,1,1,0,0
tejoq1a5,0,2,0,2,2,0,0
tfbq8jah,0,1,0,1,1,0,0
tfnxokg5,1,1,0,1,0,0,0
tgmq5v15,0,2,0,2,2,0,0
thsn8ihm,0,2,1,1,1,1,1
ti8ff58w,0,4,4,0,0,4,0
tj640z37,0,1,0,1,1,0,0
tjv9i9og,0,1,0,1,1,0,0
tjxx09kp,0,2,0,2,2,0,0
tjylsyz7,0,2,0,2,2,0,0
tm9ykgbu,0,1,0,1,1,0,0
tmgp2gqk,0,1,0,1,1,0,0
toff20or,1,3,0,3,0,0,0
tr2efiv3,1,1,0,1,0,0,0
tr5ra1xs,0,7,0,7,7,0,0
treunf9o,0,1,0,1,1,0,0
ts5hbheu,0,2,0,2,2,0,0
tsjy9cqv,0,2,0,2,2,0,0
tt00cbm1,0,2,0,2,2,0,0
ttbio1rh,0,4,0,4,4,0,0
tug3h8uh,0,1,0,1,1,0,0
tuzf8p0s,0,1,0,1,1,0,0
tvs2oymj,0,1,0,1,1,0,0
txg2v4q0,0,1,0,1,1,0,0
u0wri6rw,0,1,0,1,1,0,0
u108b2o2,0,3,0,3,3,0,0
u1khbyb0,0,2,0,2,2,0,0
u28zgzds,0,2,1,1,1,1,1
u3qo7p7m,1,4,4,0,0,0,0
u4y3mhu5,0,1,1,0,0,1,0
u5uziar2,0,1,0,1,1,0,0
u6uaftci,0,23,0,23,23,0,0
u6xv79sx,1,8,0,8,0,0,0
u73q3te8,0,3,3,0,0,3,0
u7l0lr2j,0,1,0,1,1,0,0
u7un4kqq,0,3,3,0,0,3,0
u9beofq3,0,1,0,1,1,0,0
ubklxxh0,0,1,0,1,1,0,0
ubz8smud,0,1,0,1,1,0,0
ueoiodwz,0,3,0,3,3,0,0
uf4jxu0s,0,2,0,2,2,0,0
uggvrwfr,0,2,0,2,2,0,0
uh4iqj3p,0,1,0,1,1,0,0
ui6kit81,0,1,0,1,1,0,0
uj70tkye,0,1,0,1,1,0,0
ujmswrb4,1,2,0,2,0,0,0
uktpp5lx,0,3,3,0,0,3,0
ulfoof9m,0,1,1,0,0,1,0
umwmu0us,0,6,1,5,5,1,1
un50lhoq,0,3,0,3,3,0,0
uog1hgu1,0,1,0,1,1,0,0
uq4lkodj,0,2,1,1,1,1,1
uqsjmxza,1,3,0,3,0,0,0
urgajt7e,0,3,1,2,2,1,1
uryalpou,0,1,1,0,0,1,0
usyys5es,0,1,0,1,1,0,0
utyj563j,0,9,7,2,2,7,1
uw2bjj2l,0,3,0,3,3,0,0
uw60ldq6,0,2,0,2,2,0,0
uwfbhfk4,0,26,0,26,26,0,0
uzb8en0g,0,6,6,0,0,6,0
v0kjwbn7,0,1,0,1,1,0,0
v27nej0n,0,3,3,0,0,3,0
v4ibiqyv,0,2,0,2,2,0,0
v4onm43q,0,2,0,2,2,0,0
v54gu7uj,0,1,0,1,1,0,0
v5l58s16,0,2,0,2,2,0,0
v60if4yq,0,1,0,1,1,0,0
v8gcabcj,0,6,2,4,4,2,1
v9dk3ycf,0,1,0,1,1,0,0
vcsib2pf,0,1,0,1,1,0,0
vd2kzgc9,0,2,0,2,2,0,0
vd8urin3,0,1,0,1,1,0,0
vfm3lqut,0,3,0,3,3,0,0
vgasx27o,0,7,7,0,0,7,0
vgu21nrp,0,1,0,1,1,0,0
vh9syoaj,0,7,7,0,0,7,0
vide3a0t,0,1,0,1,1,0,0
viqv63nb,0,1,0,1,1,0,0
vj2a4tw7,0,8,0,8,8,0,0
vjl6snjk,1,6,5,1,0,0,1
vjxc3ysh,0,3,0,3,3,0,0
vjyvp05h,0,2,0,2,2,0,0
vkl7ibk1,0,2,0,2,2,0,0
vlem9qx0,1,3,0,3,0,0,0
vll7155a,1,5,4,1,0,0,1
vnm9m6p4,0,1,1,0,0,1,0
vonb12dh,0,1,0,1,1,0,0
voxac5zw,0,5,0,5,5,0,0
vq22ppil,0,4,0,4,4,0,0
vqol16mr,0,1,1,0,0,1,0
vr10gy9y,0,1,0,1,1,0,0
vrhavhrj,0,6,0,6,6,0,0
vs4399qb,0,9,0,9,9,0,0
vt0mc6ug,0,2,0,2,2,0,0
vtkm161v,0,3,1,2,2,1,1
vu9u4d13,0,3,0,3,3,0,0
vumw8ysm,0,1,0,1,1,0,0
vw1ncc20,1,20,0,20,0,0,0
vzzdtj0w,0,1,0,1,1,0,0
w0cgzody,0,1,0,1,1,0,0
w17yj4f5,1,2,0,2,0,0,0
w1m2shex,0,2,1,1,1,1,1
w2bt6b8j,0,9,0,9,9,0,0
w2j8s1jx,1,1,0,1,0,0,0
w40h9055,0,4,0,4,4,0,0
w66t98gb,0,3,0,3,3,0,0
w6eqbxev,0,1,0,1,1,0,0
w6o6q6px,0,4,4,0,0,4,0
w8oc2tnk,0,4,4,0,0,4,0
w9adt8r2,0,5,5,0,0,5,0
wceyemr0,0,1,1,0,0,1,0
wevucsii,0,1,0,1,1,0,0
whcu5fel,0,3,3,0,0,3,0
whsa69fv,0,9,9,0,0,9,0
wi9qp1pu,0,4,0,4,4,0,0
wj328sj2,0,1,0,1,1,0,0
wj6nceqs,0,5,1,4,4,1,1
wj8xzrrw,0,1,0,1,1,0,0
wke7ltxq,1,23,0,23,0,0,0
wkfwwi0l,0,3,0,3,3,0,0
wo0cxlnr,0,4,4,0,0,4,0
wpmwjv84,0,1,0,1,1,0,0
wv2479tb,0,4,4,0,0,4,0
wvvmipxy,0,3,3,0,0,3,0
wz9rb406,0,1,0,1,1,0,0
x1lf3klj,0,5,4,1,1,4,1
x25pz5ty,0,6,4,2,2,4,1
x4nyfg56,0,1,1,0,0,1,0
x4o4t12o,0,7,7,0,0,7,0
x6e2i6kz,0,2,0,2,2,0,0
x7k1q9x4,0,2,2,0,0,2,0
x7w2uzae,0,1,0,1,1,0,0
x8w8wpba,0,2,2,0,0,2,0
xakey307,0,4,0,4,4,0,0
xbqkagc5,0,1,0,1,1,0,0
xd279wt2,0,1,1,0,0,1,0
xeb44q52,0,2,0,2,2,0,0
xehtt1x4,0,1,0,1,1,0,0
xeu6x3un,0,1,0,1,1,0,0
xgnhrifg,1,2,0,2,0,0,0
xgusr4xv,0,3,0,3,3,0,0
xha3d8ki,0,1,0,1,1,0,0
xis518c2,0,1,0,1,1,0,0
xkv74uxe,0,20,0,20,20,0,0
xlldj8ud,0,1,0,1,1,0,0
xm6sdw0a,0,6,6,0,0,6,0
xmjr1qxh,0,6,5,1,1,5,1
xovhs2ho,0,4,4,0,0,4,0
xow0q2ig,0,3,0,3,3,0,0
xrmsmmku,0,5,2,3,3,2,1
xrqe459g,0,2,0,2,2,0,0
xu04kjdw,0,2,0,2,2,0,0
xvem8lqs,0,2,0,2,2,0,0
xvey2smw,0,3,0,3,3,0,0
xwebmbdi,0,1,1,0,0,1,0
xxz9n5ks,0,1,0,1,1,0,0
xy1h5gex,0,2,0,2,2,0,0
xyii4pa5,0,3,0,3,3,0,0
xzl5r5wi,0,1,0,1,1,0,0
y2ibs5yx,0,2,0,2,2,0,0
y2pfmpls,0,2,0,2,2,0,0
y4qcghic,0,6,0,6,6,0,0
y79qprqu,0,2,2,0,0,2,0
y92zmumi,0,1,0,1,1,0,0
y97cgbwv,0,1,1,0,0,1,0
ybgh2txp,1,1,0,1,0,0,0
ybs4g3rw,0,1,0,1,1,0,0
ycfkqqh2,0,1,1,0,0,1,0
ydnmsfmq,1,2,0,2,0,0,0
ygllbood,0,3,0,3,3,0,0
yhq28hci,1,2,0,2,0,0,0
yke51a4w,0,1,0,1,1,0,0
yp6926lu,1,29,3,26,0,0,1
yrcpsdp1,0,4,4,0,0,4,0
yridittx,0,3,0,3,3,0,0
ytauo2u5,0,1,0,1,1,0,0
ytgkeoqd,0,3,0,3,3,0,0
yvcujlht,0,1,1,0,0,1,0
yvsck63k,0,2,0,2,2,0,0
yyxu0snt,0,1,0,1,1,0,0
yz331p77,0,4,2,2,2,2,1
yzxhr3zy,0,5,5,0,0,5,0
z15t9fyy,0,3,0,3,3,0,0
z1x4q5j8,1,4,0,4,0,0,0
z2nrevao,0,4,0,4,4,0,0
z5lwwo14,0,1,0,1,1,0,0
z7t26zyy,0,5,3,2,2,3,1
zac9mxns,0,2,0,2,2,0,0
zajvn7k5,0,4,4,0,0,4,0
zbcyiru4,0,1,1,0,0,1,0
zbo1yj75,0,1,1,0,0,1,0
zbv4xr1l,1,2,0,2,0,0,0
zf7d7fqv,0,1,0,1,1,0,0
zg417st5,0,5,0,5,5,0,0
zib0ib5u,0,1,0,1,1,0,0
zid4bbd9,0,1,0,1,1,0,0
zitg0m11,1,2,0,2,0,0,0
ziw0n3qv,0,1,0,1,1,0,0
zj3p2iaa,0,1,0,1,1,0,0
zjlrlm8j,0,4,4,0,0,4,0
zjzrvswt,0,1,1,0,0,1,0
zmdg3jib,0,1,0,1,1,0,0
zmnolf50,0,1,0,1,1,0,0
znfbrgba,0,2,1,1,1,1,1
znlh28sl,0,3,0,3,3,0,0
zp5m6vgw,1,1,0,1,0,0,0
zpfdlnkr,0,1,0,1,1,0,0
zpjsz5f5,0,2,0,2,2,0,0
zptfuv8s,0,3,2,1,1,2,1
zqcze95z,0,5,5,0,0,5,0
zsfmb94f,0,3,3,0,0,3,0
ztad9n11,0,2,2,0,0,2,0
zua32b1i,0,4,4,0,0,4,0
zuodpg0w,0,2,0,2,2,0,0
zvjnb8cp,0,1,0,1,1,0,0
zvsjrczm,0,1,0,1,1,0,0
zw325fa4,0,4,0,4,4,0,0
zxh1jkdr,0,5,0,5,5,0,0
zxjkp4zx,0,1,0,1,1,0,0
zxlutcnx,0,2,2,0,0,2,0
