variant,tau,write_rate,admit_count,block_count,block_integrity_pass,peak_vram_gb,runtime_sec,first_source
B1,0.0,1.0,59,0,1,6.266374588012695,9.4998037815094,COARSE
B1,0.1,0.6610169491525424,39,20,1,6.222438812255859,6.710909605026245,COARSE
B1,0.2,0.6271186440677966,37,22,1,6.218266487121582,6.443204641342163,COARSE
B1,0.3,0.5423728813559322,32,27,1,6.208140850067139,8.948560237884521,COARSE
B1,0.35,0.4915254237288136,29,30,1,6.201390266418457,8.450658082962036,REFINE_TARGET_0.5
B1,0.4,0.4576271186440678,27,32,1,6.198129653930664,6.589838266372681,COARSE
B1,0.5,0.1864406779661017,11,48,1,6.166223049163818,6.2283220291137695,COARSE
B1,0.6,0.0,0,59,1,5.998140335083008,5.5183374881744385,COARSE
B1,0.7,0.0,0,59,1,5.998815536499023,8.107236385345459,COARSE
B1,0.8,0.0,0,59,1,5.998140335083008,5.506378412246704,COARSE
B1,0.9,0.0,0,59,1,5.998815536499023,5.468562602996826,COARSE
B1,1.0,0.0,0,59,1,5.998140335083008,5.475607872009277,COARSE
B2,0.0,1.0,59,0,1,6.266595840454102,6.900906562805176,COARSE
B2,0.1,0.5423728813559322,32,27,1,6.208011150360107,6.7093346118927,COARSE
B2,0.15000000000000002,0.5423728813559322,32,27,1,6.208011150360107,6.781208753585815,REFINE_TARGET_0.5
B2,0.17500000000000002,0.5254237288135594,31,28,1,6.205924987792969,6.77410101890564,REFINE_TARGET_0.5
B2,0.1875,0.5084745762711864,30,29,1,6.20383882522583,8.779560089111328,REFINE_TARGET_0.5
B2,0.2,0.4745762711864407,28,31,1,6.199666500091553,8.782430410385132,COARSE
B2,0.3,0.423728813559322,25,34,1,6.193408012390137,6.696532249450684,COARSE
B2,0.4,0.3559322033898305,21,38,1,6.185063362121582,6.7166428565979,COARSE
B2,0.5,0.06779661016949153,4,55,1,6.05643892288208,6.415975332260132,COARSE
B2,0.6,0.03389830508474576,2,57,1,6.001843452453613,5.809500455856323,COARSE
B2,0.7,0.01694915254237288,1,58,1,6.000169277191162,5.5378477573394775,COARSE
B2,0.8,0.0,0,59,1,5.998815536499023,5.474103689193726,COARSE
B2,0.9,0.0,0,59,1,5.998140335083008,7.555099010467529,COARSE
B2,1.0,0.0,0,59,1,5.998815536499023,5.498367071151733,COARSE
B3_R,0.0,1.0,59,0,1,6.266784191131592,6.882149934768677,COARSE
B3_R,0.1,0.576271186440678,34,25,1,6.212184906005859,6.72939658164978,COARSE
B3_R,0.2,0.5423728813559322,32,27,1,6.210098743438721,6.743091821670532,COARSE
B3_R,0.25,0.4915254237288136,29,30,1,6.203840255737305,6.846432685852051,REFINE_TARGET_0.5
B3_R,0.3,0.4745762711864407,28,31,1,6.203497409820557,6.774948358535767,COARSE
B3_R,0.4,0.423728813559322,25,34,1,6.197238922119141,6.777913331985474,COARSE
B3_R,0.5,0.2711864406779661,16,43,1,6.176720142364502,8.825074672698975,COARSE
B3_R,0.6,0.1864406779661017,11,48,1,6.166224479675293,6.669902801513672,COARSE
B3_R,0.7,0.13559322033898305,8,51,1,6.15991735458374,6.61902642250061,COARSE
B3_R,0.8,0.11864406779661017,7,52,1,6.159249305725098,8.705782175064087,COARSE
B3_R,0.9,0.0,0,59,1,5.998141765594482,5.556015729904175,COARSE
B3_R,1.0,0.0,0,59,1,5.998816967010498,5.572693109512329,COARSE
B3_S,0.0,1.0,59,0,1,6.266597270965576,6.907215356826782,COARSE
B3_S,0.1,0.559322033898305,33,26,1,6.210098743438721,6.745105028152466,COARSE
B3_S,0.2,0.5084745762711864,30,29,1,6.203840255737305,8.859632015228271,COARSE
B3_S,0.3,0.423728813559322,25,34,1,6.19549560546875,6.795092582702637,COARSE
B3_S,0.4,0.3728813559322034,22,37,1,6.189237117767334,6.731745958328247,COARSE
B3_S,0.5,0.3050847457627119,18,41,1,6.181384563446045,6.644706964492798,COARSE
B3_S,0.6,0.2033898305084746,12,47,1,6.1686625480651855,6.641403675079346,COARSE
B3_S,0.7,0.03389830508474576,2,57,1,6.00231409072876,5.937368631362915,COARSE
B3_S,0.8,0.0,0,59,1,5.998816967010498,5.519507169723511,COARSE
B3_S,0.9,0.0,0,59,1,5.998141765594482,7.614868640899658,COARSE
B3_S,1.0,0.0,0,59,1,5.998816967010498,5.5466673374176025,COARSE
