video,primary_event_count,frame0_object_count,anchorable_primary_event_count,nonanchorable_primary_event_count,all_primary_events_anchorable,has_any_anchorable_primary_event,crowding_mean_visible_objects
006e6b64,2,2,2,0,1,1,1.7692307692307692
028f6f64,1,3,1,0,1,1,2.75
02a236b4,1,1,1,0,1,1,0.6875
02b72b8d,2,5,2,0,1,1,4.507462686567164
02de2f2a,1,1,1,0,1,1,0.6710526315789473
02deca50,1,4,1,0,1,1,3.1272727272727274
03012cfd,1,1,1,0,1,1,0.7973856209150327
03z5yv5b,5,1,5,0,1,1,0.7553191489361702
04ae7a6b,1,6,1,0,1,1,4.513888888888889
04oehxxo,1,1,1,0,1,1,0.3465346534653465
06273084,1,1,1,0,1,1,0.37037037037037035
06ea172e,1,12,1,0,1,1,8.65
06ebc138,1,1,1,0,1,1,0.7727272727272727
06z6pse9,2,2,2,0,1,1,1.3137254901960784
076n9ud8,1,1,1,0,1,1,0.21551724137931033
0770ad03,1,3,1,0,1,1,2.5609756097560976
07b5d86c,2,6,2,0,1,1,5.54054054054054
07po1k6h,1,1,1,0,1,1,0.20202020202020202
08a5c662,1,2,1,0,1,1,1.8571428571428572
09d305d1,1,1,1,0,1,1,0.660377358490566
0cbfxuq5,17,17,17,0,1,1,0.5396825396825397
0d8d30ae,4,1,4,0,1,1,0.6198830409356725
0d967fd1,3,8,3,0,1,1,5.287878787878788
0e05fabe,1,1,1,0,1,1,0.71875
0fc00006,1,1,1,0,1,1,0.7654320987654321
0gu8wqpd,2,1,2,0,1,1,0.24293785310734464
0hvbhkgs,1,1,1,0,1,1,0.07777777777777778
0hyak3az,9,1,9,0,1,1,0.5725490196078431
0j354ezu,17,17,17,0,1,1,1.0888888888888888
0k0ka5yq,2,2,2,0,1,1,1.32
0mpk5bxc,1,2,1,0,1,1,1.8524590163934427
0q0os99c,2,1,2,0,1,1,0.2222222222222222
0qfhv12x,1,1,1,0,1,1,0.7209302325581395
0qiandl3,1,1,1,0,1,1,0.6868686868686869
0soqbyfo,1,1,1,0,1,1,0.9
0tlww5ko,2,3,2,0,1,1,2.6440677966101696
0u4ufcam,1,1,1,0,1,1,0.4482758620689655
0uy7cbug,2,1,2,0,1,1,0.2345679012345679
0wrf8ule,1,2,1,0,1,1,1.8085106382978724
0xqxup43,1,1,1,0,1,1,0.44
0y054yaj,9,1,9,0,1,1,0.336
0zp43ehc,1,1,1,0,1,1,0.9417721518987342
0zvohcp2,21,21,21,0,1,1,1.1666666666666667
10552818,1,1,1,0,1,1,0.851063829787234
110da3cf,1,1,1,0,1,1,0.2913907284768212
111e0a5c,1,5,1,0,1,1,4.628571428571429
11cdeb64,1,1,1,0,1,1,0.7857142857142857
125x18d5,5,1,5,0,1,1,0.626984126984127
134a2ab0,1,1,1,0,1,1,0.6486486486486487
15c41c4b,2,2,2,0,1,1,1.5714285714285714
15e7e4d1,1,2,1,0,1,1,1.7377049180327868
15f0b0cd,1,1,1,0,1,1,0.6363636363636364
16cggr07,1,1,1,0,1,1,0.5742574257425742
18a76zpx,3,1,3,0,1,1,0.23255813953488372
18d8931e,1,5,1,0,1,1,3.1538461538461537
19247506,1,3,1,0,1,1,2.683333333333333
198021ad,1,1,1,0,1,1,0.9473684210526315
199995b5,1,6,1,0,1,1,5.138461538461539
1a6a731f,1,4,1,0,1,1,3.3703703703703702
1b1l7h15,2,1,2,0,1,1,0.6935483870967742
1c28e081,1,1,1,0,1,1,0.5441176470588235
1d3lb4oc,1,1,1,0,1,1,0.7472527472527473
1d63qx4j,2,1,2,0,1,1,0.14444444444444443
1d64aff3,1,1,1,0,1,1,0.7185185185185186
1d7a23e0,3,6,3,0,1,1,3.611111111111111
1e0fb02a,2,1,2,0,1,1,0.8212290502793296
1e207fe0,1,1,1,0,1,1,0.6195652173913043
1fab1d1c,1,1,1,0,1,1,0.6029411764705882
1is3mqqg,2,2,2,0,1,1,1.5333333333333334
1jikcikj,1,1,1,0,1,1,0.5
1mgutbc4,5,3,5,0,1,1,1.2857142857142858
1o69tuyr,3,1,3,0,1,1,0.5625
1qjqdu64,1,1,1,0,1,1,0.6
1qx22u2q,2,1,2,0,1,1,0.812
1sbd4ima,2,3,2,0,1,1,2.19672131147541
1tfc6bfb,3,1,3,0,1,1,0.3541666666666667
1tpliusu,1,1,1,0,1,1,0.8481012658227848
1w2d8bhf,2,1,2,0,1,1,0.29
1wga7gtu,2,1,2,0,1,1,0.7611940298507462
20660b72,2,1,2,0,1,1,0.6363636363636364
214aeac3,1,8,1,0,1,1,7.891025641025641
214pv9si,1,1,1,0,1,1,0.9285714285714286
21fe05d9,1,1,1,0,1,1,0.4032258064516129
21r6cy51,2,1,2,0,1,1,0.5714285714285714
22167a50,1,1,1,0,1,1,0.6357615894039735
225rqpr2,1,1,1,0,1,1,0.8405797101449275
228a0234,1,4,1,0,1,1,3.742857142857143
22e8b380,1,1,1,0,1,1,0.6276595744680851
22fdee40,1,1,1,0,1,1,0.9038461538461539
22p90xzq,28,28,28,0,1,1,0.8767123287671232
233406ef,2,1,2,0,1,1,0.6
23454d80,1,5,1,0,1,1,4.361111111111111
23b9a3ea,4,14,4,0,1,1,9.907692307692308
23df06e1,3,3,3,0,1,1,1.3333333333333333
2461z6fp,1,2,1,0,1,1,1.732484076433121
2463609b,1,4,1,0,1,1,3.490566037735849
25153e58,1,4,1,0,1,1,3.04
254uk60a,1,1,1,0,1,1,0.765625
255f86ef,1,12,1,0,1,1,5.927272727272728
258944c8,1,3,1,0,1,1,2.609090909090909
26163977,1,7,1,0,1,1,5.023809523809524
269872de,1,1,1,0,1,1,0.28
2786f841,1,1,1,0,1,1,0.7833333333333333
28d25ok1,2,1,2,0,1,1,0.41952506596306066
2982de7a,2,4,2,0,1,1,2.8867924528301887
2a2745e5,2,11,2,0,1,1,9.025
2a3a0571,1,1,1,0,1,1,0.7592592592592593
2b0e34d3,2,4,2,0,1,1,3.6333333333333333
2bcd6c3b,1,1,1,0,1,1,0.7894736842105263
2bdb692f,1,1,1,0,1,1,0.3023255813953488
2bf49664,1,1,1,0,1,1,0.8611111111111112
2ea465de,1,1,1,0,1,1,0.925
2efd5e50,1,1,1,0,1,1,0.6057692307692307
2esj86gk,4,4,4,0,1,1,2.4473684210526314
2f477d05,4,13,4,0,1,1,11.775
2fab8h8c,1,1,1,0,1,1,0.3333333333333333
2fb5a55b,1,2,1,0,1,1,0.19047619047619047
2fc476f9,1,1,1,0,1,1,0.8780487804878049
2fkfe27d,26,26,26,0,1,1,1.0714285714285714
2gae65s3,2,3,2,0,1,1,2.6705882352941175
2i0wbnk1,4,1,4,0,1,1,0.4878048780487805
2qjsn6c1,1,1,1,0,1,1,0.14545454545454545
2qu4s0et,2,1,2,0,1,1,0.45454545454545453
2r58guz2,1,1,1,0,1,1,0.75
2t8e78ov,1,1,1,0,1,1,0.1111111111111111
2tkd7bla,1,1,1,0,1,1,0.3584905660377358
2tzepzze,1,1,1,0,1,1,0.6363636363636364
2u8x1k06,1,1,1,0,1,1,0.3560371517027864
2ug2ry5m,5,2,5,0,1,1,1.2911392405063291
2vmoedob,1,1,1,0,1,1,0.7901234567901234
2wq92crf,1,4,1,0,1,1,3.4623655913978495
2xz9ls1x,1,1,1,0,1,1,0.7373737373737373
2yrkujhc,2,1,2,0,1,1,0.6410256410256411
2ze3f84n,1,1,1,0,1,1,0.8870967741935484
30nvt12k,1,1,1,0,1,1,0.5604395604395604
31rry8ca,2,1,2,0,1,1,0.532608695652174
320ohgwr,2,1,2,0,1,1,0.7428571428571429
32h0yfhc,1,1,1,0,1,1,0.22727272727272727
33602f6b,1,1,1,0,1,1,0.7021276595744681
337dfa1e,1,1,1,0,1,1,0.6299212598425197
342c0b2a,1,2,1,0,1,1,1.7954545454545454
3466ygen,1,1,1,0,1,1,0.08275862068965517
34a5f964,1,13,1,0,1,1,12.606741573033707
36mc2h0y,1,1,1,0,1,1,0.4421052631578947
37303a3b,1,3,1,0,1,1,2.2083333333333335
3784e3f6,1,1,1,0,1,1,0.1875
37af9ac1,11,10,11,0,1,1,8.016666666666667
37b07a28,8,3,8,0,1,1,1.2258064516129032
37bb38fe,2,1,2,0,1,1,0.8486842105263158
37rs935v,1,1,1,0,1,1,0.30666666666666664
3a0f4ml1,2,1,2,0,1,1,0.5169491525423728
3a6e6ace,1,5,1,0,1,1,3.9714285714285715
3a739934,1,4,1,0,1,1,3.8
3b19c5c3,1,5,1,0,1,1,4.684931506849315
3b1a4616,2,6,2,0,1,1,5.175
3b97c07b,2,5,2,0,1,1,4.716981132075472
3bce0gtq,1,1,1,0,1,1,0.6747572815533981
3cvo2v88,5,1,5,0,1,1,0.5896414342629482
3d08dadd,1,7,1,0,1,1,6.5
3gumroz3,1,1,1,0,1,1,0.8873239436619719
3hfp5bp8,1,1,1,0,1,1,0.4344262295081967
3iu5qznd,28,28,28,0,1,1,1.2435897435897436
3k63z2kb,3,2,3,0,1,1,1.1147540983606556
3k6x255n,2,1,2,0,1,1,0.8254545454545454
3kcukszd,6,2,6,0,1,1,1.4645161290322581
3m7dxrkv,1,1,1,0,1,1,0.75
3mcal3cl,1,3,1,0,1,1,2.6166666666666667
3mkpwq2r,21,21,21,0,1,1,1.3928571428571428
3mynm0b3,1,1,1,0,1,1,0.8518518518518519
3ohezf7p,2,1,2,0,1,1,0.2898550724637681
3ojyo18h,1,1,1,0,1,1,0.8333333333333334
3q5s65nd,1,1,1,0,1,1,0.6867469879518072
3rgyid4v,5,1,5,0,1,1,0.5885558583106267
3sjgaexp,1,1,1,0,1,1,0.61
3up9ulso,4,1,4,0,1,1,0.7563218390804598
3v5xbt1q,1,1,1,0,1,1,0.8541666666666666
3w5jvbwz,1,1,1,0,1,1,0.6631578947368421
3wk221hp,1,1,1,0,1,1,0.6
3wwwxabv,29,28,29,0,1,1,1.6515151515151516
3zh20m6g,2,1,2,0,1,1,0.59
4023fc77,1,4,1,0,1,1,2.6875
414ca58b,3,3,3,0,1,1,1.5636363636363637
4201m2wh,2,1,2,0,1,1,0.45535714285714285
429zpaoy,2,2,2,0,1,1,1.6
42dn1p4x,1,1,1,0,1,1,0.6571428571428571
43030c4c,1,1,1,0,1,1,0.7333333333333333
4344808d,3,1,3,0,1,1,0.8841463414634146
43dc67f7,1,1,1,0,1,1,0.7777777777777778
46e00caf,1,2,1,0,1,1,1.3759398496240602
47891b4c,1,1,1,0,1,1,0.8297872340425532
4795259b,4,7,4,0,1,1,3.966666666666667
4819exz4,1,1,1,0,1,1,0.7580645161290323
484d48a3,3,2,3,0,1,1,1.2291666666666667
48piegqg,2,2,2,0,1,1,1.6785714285714286
49s7f9p4,3,1,3,0,1,1,0.5178571428571429
4a41cbf8,1,5,1,0,1,1,4.833333333333333
4a6fb202,1,6,1,0,1,1,5.5256410256410255
4a7162bd,2,2,2,0,1,1,0.7368421052631579
4bhktxfz,3,1,3,0,1,1,0.4019607843137255
4c94e4f3,1,3,1,0,1,1,1.2033898305084745
4cb11a5f,1,1,1,0,1,1,0.38095238095238093
4e0597a0,2,3,2,0,1,1,2.870833333333333
4e05j6cz,1,1,1,0,1,1,0.8
4e3020fe,1,1,1,0,1,1,0.64
4ea934d8,1,1,1,0,1,1,0.8775510204081632
4fvph6vi,1,1,1,0,1,1,0.35384615384615387
4heroisd,3,2,3,0,1,1,1.323076923076923
4jljw05k,1,1,1,0,1,1,0.5147058823529411
4lh7zbh8,1,1,1,0,1,1,0.5865384615384616
4m4nusqa,1,1,1,0,1,1,0.8571428571428571
4numtahu,1,6,1,0,1,1,2.6176470588235294
4ny5gf5t,2,2,2,0,1,1,0.9803921568627451
4o7up402,2,1,2,0,1,1,0.6352941176470588
4rgqys4y,2,1,2,0,1,1,0.7830188679245284
4rx06t9m,1,1,1,0,1,1,0.08633093525179857
4se4eppr,2,2,2,0,1,1,0.7948717948717948
4sjypulp,1,1,1,0,1,1,0.8367346938775511
4swjc6h9,1,1,1,0,1,1,0.23369565217391305
4usfhcji,1,1,1,0,1,1,0.7846153846153846
4vi126r8,2,1,2,0,1,1,0.6041666666666666
4znujm0e,1,1,1,0,1,1,0.6074766355140186
50qauky1,6,3,6,0,1,1,2.0675675675675675
511clhlf,3,1,3,0,1,1,0.6354166666666666
51befc31,2,3,2,0,1,1,2.7373737373737375
51e5ca25,1,1,1,0,1,1,0.4117647058823529
526195de,1,1,1,0,1,1,0.8735177865612648
5397b01d,1,1,1,0,1,1,0.7704918032786885
53f67585,1,9,1,0,1,1,8.761904761904763
53sca9ee,1,4,1,0,1,1,3.4393939393939394
5416fbb7,2,1,2,0,1,1,0.8650793650793651
54b9dbba,1,1,1,0,1,1,0.9036144578313253
55v46njo,2,1,2,0,1,1,0.5061728395061729
578f71da,2,5,2,0,1,1,4.8342857142857145
57ad022e,1,5,1,0,1,1,4.536458333333333
58f24fa4,1,1,1,0,1,1,0.5324675324675324
59992293,2,7,2,0,1,1,6.452830188679245
5ae23f9f,1,1,1,0,1,1,0.8461538461538461
5bad0bab,2,2,2,0,1,1,0.9555555555555556
5bc7ea74,2,2,2,0,1,1,1.1049723756906078
5csodh3t,3,1,3,0,1,1,0.43103448275862066
5d107jy0,1,1,1,0,1,1,0.7954545454545454
5e81394i,4,1,4,0,1,1,0.40934065934065933
5e9412c0,3,8,3,0,1,1,6.9818181818181815
5f3fcff6,2,1,2,0,1,1,0.7162162162162162
5gffh7gx,1,1,1,0,1,1,0.5555555555555556
5ixdd0df,2,1,2,0,1,1,0.8244274809160306
5m4ckpop,2,2,2,0,1,1,1.0350877192982457
5ne9na4f,3,1,3,0,1,1,0.2631578947368421
5nwr1e15,2,2,2,0,1,1,1.528169014084507
5oe1xea6,2,1,2,0,1,1,0.6904761904761905
5rttndn7,1,1,1,0,1,1,0.7176470588235294
5vn6m21a,2,1,2,0,1,1,0.7073170731707317
5w2wm25n,4,3,4,0,1,1,2.408450704225352
5wf117rp,1,1,1,0,1,1,0.8823529411764706
5wsg1nxs,3,4,3,0,1,1,2.1785714285714284
5yq4u9wv,2,1,2,0,1,1,0.6956521739130435
5z2z78q3,1,1,1,0,1,1,0.9107142857142857
5z6j8sms,2,1,2,0,1,1,0.8801089918256131
5zabac5l,1,1,1,0,1,1,0.851063829787234
5zxrotef,3,1,3,0,1,1,0.38823529411764707
6075d6b0,1,5,1,0,1,1,4.66
60827ada,1,4,1,0,1,1,3.466666666666667
6092nsl8,2,2,2,0,1,1,1.2950819672131149
60f4fa43,1,1,1,0,1,1,0.8484848484848485
61403519,1,3,1,0,1,1,2.5145631067961167
62529cd4,1,3,1,0,1,1,2.96875
627jnkn9,3,3,3,0,1,1,2.2666666666666666
62c501f8,1,1,1,0,1,1,0.8686868686868687
63437cf3,2,3,2,0,1,1,2.5714285714285716
63qpq8pc,1,3,1,0,1,1,2.835616438356164
64044df1,1,6,1,0,1,1,4.516666666666667
64b89eb5,3,3,3,0,1,1,1.631578947368421
65ll50bt,6,1,6,0,1,1,0.39909297052154197
662a1846,13,9,13,0,1,1,5.861538461538461
66a25278,4,1,4,0,1,1,0.7412280701754386
673adbcc,1,1,1,0,1,1,0.5128205128205128
6783a303,1,1,1,0,1,1,0.8645418326693227
68c879f2,1,2,1,0,1,1,1.5769230769230769
68d2b259,3,1,3,0,1,1,0.3333333333333333
6a50e93a,1,1,1,0,1,1,0.75
6acd353f,2,4,2,0,1,1,3.2857142857142856
6ad44b86,6,7,6,0,1,1,6.235714285714286
6bwl408d,1,1,1,0,1,1,0.1875
6da17988,1,8,1,0,1,1,7.016666666666667
6e2dce1b,1,1,1,0,1,1,0.9027777777777778
6f5144b6,2,9,2,0,1,1,4.327272727272727
6f6e6c37,1,1,1,0,1,1,0.7741935483870968
6fl146dc,1,2,1,0,1,1,1.8833333333333333
6k69zqfl,2,1,2,0,1,1,0.19213973799126638
6lf2676j,3,1,3,0,1,1,0.6385542168674698
6ljnqtty,1,1,1,0,1,1,0.8461538461538461
6m6nyj7h,1,1,1,0,1,1,0.3178294573643411
6moh35ox,2,1,2,0,1,1,0.7142857142857143
6nnkxfh7,6,1,6,0,1,1,0.26143790849673204
6pbz05ig,1,1,1,0,1,1,0.7727272727272727
6q2cpioc,1,1,1,0,1,1,0.12345679012345678
6t0fk8k0,1,5,1,0,1,1,4.171428571428572
6uspxt1h,1,2,1,0,1,1,1.7450980392156863
6y72c98u,1,1,1,0,1,1,0.22857142857142856
6yym3qel,2,1,2,0,1,1,0.7433628318584071
70bcaf68,1,4,1,0,1,1,3.619047619047619
70n9xuii,1,1,1,0,1,1,0.5585585585585585
70xyb5u3,1,1,1,0,1,1,0.65
70yjjtka,2,1,2,0,1,1,0.3627450980392157
71u0twg5,1,1,1,0,1,1,0.734375
723fd024,2,2,2,0,1,1,1.1627906976744187
72yz5sum,3,1,3,0,1,1,0.5760869565217391
7457k6l5,2,1,2,0,1,1,0.7282608695652174
758gaily,1,1,1,0,1,1,0.7283950617283951
75bagjky,4,2,4,0,1,1,1.4310344827586208
75c34dc5,1,1,1,0,1,1,0.9532710280373832
77110e80,5,6,5,0,1,1,4.329411764705882
781af187,1,1,1,0,1,1,0.1323529411764706
788da8e8,1,6,1,0,1,1,3.9047619047619047
78bf9b51,2,1,2,0,1,1,0.6
797a7b7e,1,5,1,0,1,1,4.291666666666667
79acac96,1,1,1,0,1,1,0.9056603773584906
79af6097,1,1,1,0,1,1,0.31877729257641924
7ade3068,5,2,5,0,1,1,1.1071428571428572
7b75dace,2,4,2,0,1,1,3.5444444444444443
7be91184,1,11,1,0,1,1,9.6
7bfe9b57,1,7,1,0,1,1,6.738095238095238
7dctqmif,3,3,3,0,1,1,2.4788732394366195
7dsy26e9,2,1,2,0,1,1,0.7432432432432432
7e704f2e,1,1,1,0,1,1,0.5148936170212766
7e709e2d,1,2,1,0,1,1,1.9242424242424243
7edd8b4f,3,5,3,0,1,1,4.152777777777778
7fgahwsf,2,1,2,0,1,1,0.7213114754098361
7grbiaif,1,1,1,0,1,1,0.40476190476190477
7hslvk3q,2,1,2,0,1,1,0.24489795918367346
7isbzje8,1,1,1,0,1,1,0.7142857142857143
7jwolo4g,6,1,6,0,1,1,0.6778115501519757
7k0ragb5,4,1,4,0,1,1,0.3373493975903614
7kj92j8k,2,2,2,0,1,1,1.3725490196078431
7l85cwoa,4,1,4,0,1,1,0.1307901907356948
7mk89tt9,3,1,3,0,1,1,0.4605263157894737
7n0qwzrs,3,1,3,0,1,1,0.5205479452054794
7ogfnlwi,3,3,3,0,1,1,1.15
7ologesu,1,1,1,0,1,1,0.8333333333333334
7ql545cz,6,6,6,0,1,1,4.590909090909091
7rloc0sf,1,1,1,0,1,1,0.7833333333333333
7sro7l05,2,2,2,0,1,1,1.8311688311688312
7txdm1bs,3,1,3,0,1,1,0.5102040816326531
7v9ztirf,1,1,1,0,1,1,0.14285714285714285
7vw4tnzi,4,3,4,0,1,1,2.282608695652174
7wutyllc,1,3,1,0,1,1,1.4074074074074074
7ywnbfed,3,1,3,0,1,1,0.16037735849056603
7zdbvd3m,1,1,1,0,1,1,0.57
800b5eac,1,1,1,0,1,1,0.5192307692307693
8036b58e,1,6,1,0,1,1,5.722222222222222
80906bf9,1,1,1,0,1,1,0.5588235294117647
80a7cf7b,6,7,6,0,1,1,6.020833333333333
80c1bsgj,1,1,1,0,1,1,0.5432098765432098
8108b358,1,1,1,0,1,1,0.33587786259541985
81d12756,1,1,1,0,1,1,0.7142857142857143
81fdc526,1,10,1,0,1,1,7.76
81sl9avs,1,1,1,0,1,1,0.6574074074074074
8248698e,1,7,1,0,1,1,4.9245283018867925
82667d52,8,10,8,0,1,1,8.56
82df0888,1,2,1,0,1,1,1.103448275862069
835qgtax,1,1,1,0,1,1,0.7758620689655172
83b7c53c,1,4,1,0,1,1,3.707317073170732
83fko2hp,1,5,1,0,1,1,3.625
83qvx5bk,2,1,2,0,1,1,0.0851063829787234
83y40rzo,2,1,2,0,1,1,0.6875
843d3bf7,1,10,1,0,1,1,9.714285714285714
8466eeb2,1,6,1,0,1,1,0.33884297520661155
84cgr6m0,1,1,1,0,1,1,0.7314814814814815
851gcyau,1,1,1,0,1,1,0.5454545454545454
8554c402,2,2,2,0,1,1,1.5227272727272727
85585220,1,1,1,0,1,1,0.7636363636363637
86a2b59f,3,19,3,0,1,1,16.91176470588235
86a88668,1,2,1,0,1,1,0.6988304093567251
86d5b29b,1,1,1,0,1,1,0.6129032258064516
86l5tqpe,1,1,1,0,1,1,0.7162162162162162
86vx5lfe,4,1,4,0,1,1,0.2641509433962264
8788747f,1,1,1,0,1,1,0.7625
89b5mx0s,1,1,1,0,1,1,0.6376811594202898
89fe6899,3,7,3,0,1,1,4.770833333333333
8a48f62a,1,1,1,0,1,1,0.8235294117647058
8bb9a221,1,1,1,0,1,1,0.6619718309859155
8bex1hz5,1,1,1,0,1,1,0.9
8euadjai,1,1,1,0,1,1,0.7368421052631579
8fa50320,3,7,3,0,1,1,5.882352941176471
8hnrmeu3,1,1,1,0,1,1,0.05
8jfizvdz,1,3,1,0,1,1,1.9736842105263157
8joekpqr,1,1,1,0,1,1,0.7424242424242424
8k2g8yo4,2,1,2,0,1,1,0.28
8os4qdkx,1,1,1,0,1,1,0.3191489361702128
8p4phgwd,2,1,2,0,1,1,0.7980769230769231
8rcn91yv,1,1,1,0,1,1,0.8181818181818182
8tvotg2q,1,1,1,0,1,1,0.5932203389830508
8u2tbyaj,1,1,1,0,1,1,0.3006993006993007
8xl2rojx,1,1,1,0,1,1,0.868421052631579
8xqb6in8,5,1,5,0,1,1,0.5330188679245284
8ypfmpw8,1,1,1,0,1,1,0.6853932584269663
905d8740,3,6,3,0,1,1,4.988095238095238
9061dac9,1,6,1,0,1,1,3.7037037037037037
91b2f707,2,6,2,0,1,1,4.3
924f5d88,1,7,1,0,1,1,4.8125
93e22d48,2,10,2,0,1,1,9.325925925925926
94f7c53e,1,5,1,0,1,1,2.2545454545454544
95215aa1,2,1,2,0,1,1,0.4339622641509434
95hiop0z,1,1,1,0,1,1,0.6428571428571429
95ndszvf,1,1,1,0,1,1,0.47468354430379744
96on06h2,3,1,3,0,1,1,0.4065040650406504
97rmpio3,1,2,1,0,1,1,1.8823529411764706
98weslia,2,1,2,0,1,1,0.46875
999e07cb,2,2,2,0,1,1,1.8024691358024691
99mkjwfy,5,1,5,0,1,1,0.5986394557823129
99nxo22x,2,2,2,0,1,1,1.471698113207547
9a1146b3,2,1,2,0,1,1,0.47393364928909953
9agsjvi9,1,1,1,0,1,1,0.7428571428571429
9aj0g67z,1,1,1,0,1,1,0.7162162162162162
9ap4lfgx,2,4,2,0,1,1,3.418181818181818
9b5f0f47,2,6,2,0,1,1,5.578947368421052
9bbdl24k,1,3,1,0,1,1,2.6202531645569622
9byaysdp,1,1,1,0,1,1,0.08139534883720931
9c88ae45,1,1,1,0,1,1,0.8360655737704918
9cjp8r8h,2,2,2,0,1,1,1.3125
9e3s6s3u,1,1,1,0,1,1,0.5714285714285714
9ee59f51,2,3,2,0,1,1,2.7540983606557377
9g0v3wxp,1,1,1,0,1,1,0.98
9im7obz8,1,1,1,0,1,1,0.7209302325581395
9kp85suk,1,1,1,0,1,1,0.6666666666666666
9lav7dy0,4,2,4,0,1,1,1.0294117647058822
9qhx6u5e,1,1,1,0,1,1,0.9024390243902439
9uy07xcw,1,1,1,0,1,1,0.38636363636363635
9y93ldk0,7,1,7,0,1,1,0.25961538461538464
9yevc674,2,1,2,0,1,1,0.5113636363636364
VID_20250810_100938,1,1,1,0,1,1,0.125
a02ed92c,1,1,1,0,1,1,0.7222222222222222
a1f4c54d,1,7,1,0,1,1,6.833333333333333
a1fmtf80,2,1,2,0,1,1,0.35294117647058826
a20baeec,2,4,2,0,1,1,3.5737704918032787
a386eaa2,1,6,1,0,1,1,5.016666666666667
a46b7b77,2,2,2,0,1,1,1.6583333333333334
a5905593,2,2,2,0,1,1,1.3761904761904762
a5rqwkmb,1,1,1,0,1,1,0.6746031746031746
a658e949,1,4,1,0,1,1,3.38
a76ee415,1,1,1,0,1,1,0.7941176470588235
a7eb6616,1,1,1,0,1,1,0.6585365853658537
a7gk2m38,2,1,2,0,1,1,0.23684210526315788
a8nqsxj4,1,1,1,0,1,1,0.654320987654321
a938c6b2,4,5,4,0,1,1,3.657142857142857
a95f0aea,2,5,2,0,1,1,4.475247524752476
a966d7fd,2,9,2,0,1,1,7.712121212121212
a97wplik,4,4,4,0,1,1,0.15555555555555556
aa718745,1,1,1,0,1,1,0.36065573770491804
aac33bff,1,1,1,0,1,1,0.35714285714285715
aaecaa39,2,1,2,0,1,1,0.6086956521739131
aatd0ihe,1,1,1,0,1,1,0.6915887850467289
ab2714f3,1,8,1,0,1,1,5.571428571428571
abcb7665,1,1,1,0,1,1,0.22727272727272727
abhlzx1b,2,2,2,0,1,1,1.7727272727272727
adf443e1,3,11,3,0,1,1,9.545454545454545
ae470d2b,1,1,1,0,1,1,0.32
aef0d049,3,3,3,0,1,1,2.6633663366336635
aeq4gg50,11,11,11,0,1,1,0.5866666666666667
aesj889h,1,1,1,0,1,1,0.48
ah5t8wcp,13,13,13,0,1,1,0.603448275862069
aj8v749b,2,1,2,0,1,1,0.39285714285714285
ajs0hbue,1,1,1,0,1,1,0.8068181818181818
alfdbu4o,1,1,1,0,1,1,0.5735294117647058
aml08r44,1,1,1,0,1,1,0.6329113924050633
amv2ud0g,5,1,5,0,1,1,0.7055961070559611
aourmvs1,3,4,3,0,1,1,2.9508196721311477
appng8ek,7,1,7,0,1,1,0.678
atdixk0j,1,1,1,0,1,1,0.7974683544303798
atwg18fz,1,1,1,0,1,1,0.40384615384615385
ax5w48j9,4,1,4,0,1,1,0.5034013605442177
aztoshv3,1,1,1,0,1,1,0.9076923076923077
b0d09e6a,3,4,3,0,1,1,3.7058823529411766
b0f7e75c,1,5,1,0,1,1,3.7
b0ffaf3b,2,5,2,0,1,1,3.3823529411764706
b1sdh8l4,4,1,4,0,1,1,0.3076923076923077
b1vj9u8n,2,1,2,0,1,1,0.8
b30744df,7,6,7,0,1,1,4.861111111111111
b39ike6r,1,1,1,0,1,1,0.10344827586206896
b3f5d019,1,1,1,0,1,1,0.5897435897435898
b3whg9cn,1,1,1,0,1,1,0.8269230769230769
b40cvjbt,1,1,1,0,1,1,0.625531914893617
b5276b3f,1,1,1,0,1,1,0.3880597014925373
b563b04f,3,1,3,0,1,1,0.8311111111111111
b56be4b1,1,3,1,0,1,1,2.533333333333333
b604f2dd,1,4,1,0,1,1,3.920353982300885
b68rhj9g,1,3,1,0,1,1,2.14
b69cfwx2,1,1,1,0,1,1,0.29411764705882354
b7uypu57,1,1,1,0,1,1,0.23008849557522124
b942ce0a,1,1,1,0,1,1,0.717391304347826
ba0e4dd4,1,8,1,0,1,1,7.041095890410959
ba538072,9,13,9,0,1,1,9.714285714285714
barjazzs,2,1,2,0,1,1,0.8802395209580839
bb8639e1,1,6,1,0,1,1,3.2714285714285714
bbe97d18,3,7,3,0,1,1,5.194444444444445
bbggbe9r,2,1,2,0,1,1,0.4696969696969697
bc844942,1,2,1,0,1,1,1.74
bcb6e338,1,7,1,0,1,1,4.619047619047619
bdd5e6b3,1,5,1,0,1,1,4.763636363636364
bfa42a75,1,1,1,0,1,1,0.8285714285714286
bg5mb9f0,2,1,2,0,1,1,0.6086956521739131
bhgb8g74,1,1,1,0,1,1,0.7903225806451613
bi0x1yv0,5,1,5,0,1,1,0.175
bina7akt,1,1,1,0,1,1,0.7793103448275862
bltnhjdf,1,1,1,0,1,1,0.13861386138613863
bryllipv,1,1,1,0,1,1,0.34782608695652173
bsai0maq,3,1,3,0,1,1,0.40404040404040403
bsk7omj7,20,20,20,0,1,1,0.5882352941176471
bt1liakw,2,1,2,0,1,1,0.7432432432432432
btjs8cuu,1,1,1,0,1,1,0.7142857142857143
bts4u1jf,2,1,2,0,1,1,0.640625
bvmdlnk1,1,1,1,0,1,1,0.3258426966292135
bw8x5hf6,1,1,1,0,1,1,0.021505376344086023
bxrhtygu,2,1,2,0,1,1,0.30864197530864196
by08t752,1,1,1,0,1,1,0.07894736842105263
byuenv6o,1,1,1,0,1,1,0.7592592592592593
c062f4d7,1,3,1,0,1,1,1.9684210526315788
c097af8e,13,4,13,0,1,1,3.1333333333333333
c0k0eajg,1,3,1,0,1,1,2.755813953488372
c2e88575,23,9,23,0,1,1,7.908
c2lhrrfz,1,1,1,0,1,1,0.803921568627451
c2p9kbtr,1,2,1,0,1,1,1.9
c357gs27,20,20,20,0,1,1,0.625
c3i3wddf,1,1,1,0,1,1,0.14285714285714285
c4byyr29,1,1,1,0,1,1,0.3333333333333333
c575434d,1,4,1,0,1,1,3.3
c5z6ao6m,2,1,2,0,1,1,0.6666666666666666
c65d0736,1,2,1,0,1,1,0.859375
c6d7f94b,1,1,1,0,1,1,0.30303030303030304
c7fe0584,6,1,6,0,1,1,0.6363636363636364
c7ria50r,2,1,2,0,1,1,0.37373737373737376
c83aa6a1,1,2,1,0,1,1,1.6833333333333333
c8frbbeq,1,2,1,0,1,1,0.7435897435897436
c9351029,1,3,1,0,1,1,2.8902439024390243
c9f7f69d,1,1,1,0,1,1,0.22608695652173913
cb170015,1,3,1,0,1,1,2.6944444444444446
cbnf9yfu,6,3,6,0,1,1,2.203883495145631
cc32235b,6,3,6,0,1,1,1.6031746031746033
cc41ba05,1,1,1,0,1,1,0.9238095238095239
ccf14ee0,2,8,2,0,1,1,7.715686274509804
ccp90wle,3,1,3,0,1,1,0.773371104815864
cdhyb1sm,1,1,1,0,1,1,0.6884422110552764
cdkcp5xi,1,1,1,0,1,1,0.7016129032258065
ce691ee6,1,4,1,0,1,1,3.9298245614035086
ceuol9pe,1,1,1,0,1,1,0.84
cftszh8m,1,3,1,0,1,1,2.75
clbhnmq3,1,1,1,0,1,1,0.9700598802395209
cm99t7wb,2,2,2,0,1,1,1.532258064516129
cmmzeeko,3,1,3,0,1,1,0.3741496598639456
cpllzhnh,2,3,2,0,1,1,2.1551724137931036
cq3m4de8,1,1,1,0,1,1,0.7083333333333334
cqgzvw67,2,1,2,0,1,1,0.26582278481012656
csokkzd1,1,1,1,0,1,1,0.6428571428571429
cssul0b3,1,9,1,0,1,1,7.765217391304348
cszsr84k,1,1,1,0,1,1,0.25
ctu5ydy8,2,1,2,0,1,1,0.2857142857142857
cv93mtux,1,1,1,0,1,1,0.9076923076923077
cvcwg4bh,3,1,3,0,1,1,0.21899736147757257
cxhkrobf,1,1,1,0,1,1,0.7213114754098361
cxlteppe,1,1,1,0,1,1,0.9074074074074074
cy6jwsdj,1,1,1,0,1,1,0.5185185185185185
czo7tdq5,1,1,1,0,1,1,0.6263736263736264
d0722d0f,1,2,1,0,1,1,1.893939393939394
d1d95c61,1,1,1,0,1,1,0.8405797101449275
d1rvvqxj,3,1,3,0,1,1,0.4380952380952381
d262b7e4,9,11,9,0,1,1,5.75
d37e29a7,7,4,7,0,1,1,3.1171171171171173
d387ccfj,2,1,2,0,1,1,0.8
d46e771b,2,1,2,0,1,1,0.6195652173913043
d48c552d,1,3,1,0,1,1,2.7183098591549295
d5eaeuil,1,1,1,0,1,1,0.8235294117647058
d7058a0d,1,1,1,0,1,1,0.7605633802816901
d8scju3l,2,1,2,0,1,1,0.6565656565656566
d97c9309,1,1,1,0,1,1,0.8429752066115702
da5e4bc5,1,1,1,0,1,1,0.4420289855072464
dafeb75e,1,1,1,0,1,1,0.5
dc2c570d,1,1,1,0,1,1,0.5806451612903226
dc4jf8pa,1,1,1,0,1,1,0.20212765957446807
ddd383cc,1,3,1,0,1,1,2.9074074074074074
dde85a9d,1,1,1,0,1,1,0.5161290322580645
dduhmge2,2,1,2,0,1,1,0.72
dec1f5rb,2,1,2,0,1,1,0.3617021276595745
deg4avnp,3,1,3,0,1,1,0.3588235294117647
dfm72atf,1,1,1,0,1,1,0.881578947368421
dfninzty,1,1,1,0,1,1,0.625
dgampbmq,3,1,3,0,1,1,0.5287356321839081
dhgcw08t,1,1,1,0,1,1,0.1592920353982301
dhs0jgxo,2,2,2,0,1,1,0.4909090909090909
dj5rdtah,4,1,4,0,1,1,0.5869565217391305
dkcfmv1a,1,10,1,0,1,1,6.333333333333333
dn5s83qr,1,2,1,0,1,1,1.8243243243243243
dnfi0g62,2,1,2,0,1,1,0.7130434782608696
du39lcoi,3,2,3,0,1,1,1.6808510638297873
dukliiqc,1,2,1,0,1,1,1.653061224489796
dwohtf0a,1,2,1,0,1,1,1.875
dwzutkgj,1,1,1,0,1,1,0.3333333333333333
dxcmql4o,4,1,4,0,1,1,0.5170603674540682
dydonjyb,1,1,1,0,1,1,0.71
dzfqjewm,1,1,1,0,1,1,0.6666666666666666
e14d1f96,1,1,1,0,1,1,0.7623762376237624
e15225j4,2,1,2,0,1,1,0.18681318681318682
e1c48bdd,2,6,2,0,1,1,5.753086419753086
e2qxuriu,2,2,2,0,1,1,0.2786885245901639
e3dcd186,2,7,2,0,1,1,6.701754385964913
e4a72496,1,2,1,0,1,1,1.802325581395349
e4b6d2a0,1,1,1,0,1,1,0.8808290155440415
e4b6f2ef,1,2,1,0,1,1,1.6875
e5be4781,2,2,2,0,1,1,1.734375
e5e9eb29,2,2,2,0,1,1,0.9008264462809917
e5ry3cp2,1,1,1,0,1,1,0.7903225806451613
e638e950,4,13,4,0,1,1,11.066666666666666
e681ogmx,2,1,2,0,1,1,0.8392484342379958
e6gjwl0h,2,1,2,0,1,1,0.8095238095238095
e79ecd47,2,7,2,0,1,1,6.229508196721311
e7habwfg,1,1,1,0,1,1,0.3403141361256545
e7rejjns,1,1,1,0,1,1,0.9270833333333334
e944mlk3,6,6,6,0,1,1,0.16842105263157894
e96b9b04,4,5,4,0,1,1,2.814159292035398
e99bd793,4,3,4,0,1,1,2.6335403726708075
ea65e6b7,1,1,1,0,1,1,0.7450980392156863
eac1a9e6,1,1,1,0,1,1,0.8536585365853658
eaff3301,3,2,3,0,1,1,1.8777777777777778
eb93ed20,1,2,1,0,1,1,1.3125
ec27366a,3,6,3,0,1,1,4.716666666666667
edny03oq,2,1,2,0,1,1,0.7216494845360825
eec4c008,1,2,1,0,1,1,0.8923076923076924
efk04oqc,3,1,3,0,1,1,0.32142857142857145
ejor2496,1,1,1,0,1,1,0.946969696969697
ek2kew2p,1,1,1,0,1,1,0.4827586206896552
eken71z2,1,1,1,0,1,1,0.12162162162162163
ekxyvgl9,3,1,3,0,1,1,0.7523809523809524
em21z9mn,2,3,2,0,1,1,1.7083333333333333
endmg0a1,1,1,1,0,1,1,0.6166666666666667
enlil56y,3,1,3,0,1,1,0.3951612903225806
eogrrm2m,1,1,1,0,1,1,0.30851063829787234
epxoelt8,6,3,6,0,1,1,0.5978552278820375
eq0oe7ux,1,1,1,0,1,1,0.8609271523178808
esew5ebz,1,1,1,0,1,1,0.46496815286624205
esny8g6w,1,1,1,0,1,1,0.8983050847457628
et9fou59,11,11,11,0,1,1,0.30985915492957744
euzp36eu,2,1,2,0,1,1,0.43564356435643564
ew8x2uw7,2,1,2,0,1,1,0.31827956989247314
eywxjtzh,1,1,1,0,1,1,0.08982035928143713
f0ba8748,1,3,1,0,1,1,2.711864406779661
f1pigade,1,1,1,0,1,1,0.5263157894736842
f24rbcm7,2,1,2,0,1,1,0.3953488372093023
f2usscoi,1,1,1,0,1,1,0.7040816326530612
f33d3c15,2,7,2,0,1,1,6.4
f45d3823,1,10,1,0,1,1,8.92
f4y4902x,1,1,1,0,1,1,0.8916666666666667
f509054f,1,3,1,0,1,1,2.855855855855856
f54tbvr8,1,2,1,0,1,1,1.8518518518518519
f5bdw4ng,2,1,2,0,1,1,0.4431818181818182
f5d2d8d3,1,4,1,0,1,1,3.5833333333333335
f5tc3jxg,2,1,2,0,1,1,0.32537960954446854
f6786ab5,1,7,1,0,1,1,4.386666666666667
f6bfc699,3,5,3,0,1,1,4.5606060606060606
f6de8226,2,5,2,0,1,1,4.426229508196721
f6f8b4a6,2,9,2,0,1,1,8.0
f7203226,2,2,2,0,1,1,0.8
f7375ab3,1,1,1,0,1,1,0.1111111111111111
f7d36a47,1,1,1,0,1,1,0.5507246376811594
f7tji6df,1,1,1,0,1,1,0.9090909090909091
f8e5f837,1,3,1,0,1,1,2.4166666666666665
f9c20062,2,7,2,0,1,1,5.22
fabae187,2,10,2,0,1,1,9.768518518518519
faby6kx9,1,1,1,0,1,1,0.5571428571428572
fac3378e,3,3,3,0,1,1,2.5566666666666666
faf7d852,2,9,2,0,1,1,8.8
famn2us3,1,1,1,0,1,1,0.8450704225352113
fbfb6e30,6,12,6,0,1,1,10.6
fdb2e432,2,7,2,0,1,1,6.638888888888889
fe21fd5c,1,5,1,0,1,1,4.2
febmmwzw,2,1,2,0,1,1,0.3
fecd10d2,1,3,1,0,1,1,2.7666666666666666
fiec8nko,1,1,1,0,1,1,0.75
fihg1bdo,2,1,2,0,1,1,0.6231884057971014
fl2c1h0y,2,2,2,0,1,1,1.109375
flg5ike4,1,1,1,0,1,1,0.77
flnj4yuc,1,2,1,0,1,1,1.8444444444444446
fmzx1ro9,7,1,7,0,1,1,0.6638297872340425
fom0ccgy,1,1,1,0,1,1,0.28363636363636363
fsi3n9sa,1,2,1,0,1,1,1.3934426229508197
fvuleox7,2,1,2,0,1,1,0.31137724550898205
g06t0xax,2,1,2,0,1,1,0.36774193548387096
g2uddkam,1,1,1,0,1,1,0.5526315789473685
g4zcpt2m,1,1,1,0,1,1,0.6379310344827587
g6ir5t2f,9,3,9,0,1,1,1.9727272727272727
gdef16mu,5,1,5,0,1,1,0.3130287648054145
gfvtx21c,2,1,2,0,1,1,0.4
ggmod0c3,1,1,1,0,1,1,0.7333333333333333
gi6yxol1,1,2,1,0,1,1,1.6274509803921569
gkj4gy4v,1,1,1,0,1,1,0.04
gm432ls3,1,1,1,0,1,1,0.7
gmch721h,3,1,3,0,1,1,0.553030303030303
gnmih6ba,1,1,1,0,1,1,0.7981651376146789
go6pnv02,5,1,5,0,1,1,0.5172413793103449
gosqrxdh,2,1,2,0,1,1,0.3392857142857143
gqvq4n5t,2,1,2,0,1,1,0.30434782608695654
gr2jr5mq,1,1,1,0,1,1,0.8879310344827587
grc82wel,3,1,3,0,1,1,0.3627450980392157
gsh2x1h3,2,1,2,0,1,1,0.2755905511811024
gsybruwj,1,1,1,0,1,1,0.8243243243243243
gy34qcdq,1,1,1,0,1,1,0.18181818181818182
gynlnqq1,4,1,4,0,1,1,0.8851203501094091
gz9huf37,1,1,1,0,1,1,0.49411764705882355
h0txtc32,1,1,1,0,1,1,0.5897435897435898
h1ftiuhk,1,1,1,0,1,1,0.7631578947368421
h1tjut91,1,1,1,0,1,1,0.8888888888888888
h5cgy7jf,1,1,1,0,1,1,0.5287356321839081
h6rqsag9,3,3,3,0,1,1,2.7205882352941178
h7btlkbi,1,1,1,0,1,1,0.3
hasdlhvf,1,1,1,0,1,1,0.32142857142857145
hcujxvqd,4,1,4,0,1,1,0.43820224719101125
hg1pk891,2,1,2,0,1,1,0.4205607476635514
hgpnic22,1,1,1,0,1,1,0.2
hgpup8kq,1,1,1,0,1,1,0.9125
hi1d4128,3,3,3,0,1,1,2.2884615384615383
hi45r2a9,8,1,8,0,1,1,0.5454545454545454
hk6xfpt6,7,2,7,0,1,1,1.5458715596330275
hlore8i0,1,1,1,0,1,1,0.17105263157894737
hlsugcx2,1,6,1,0,1,1,3.25
hm8b1caq,2,1,2,0,1,1,0.4457831325301205
hmaj8vpu,1,1,1,0,1,1,0.8699186991869918
hpo05a0c,2,1,2,0,1,1,0.109375
hvezqwwt,2,2,2,0,1,1,1.7407407407407407
hvib8xhl,1,1,1,0,1,1,0.85
hwwc7m58,1,1,1,0,1,1,0.6571428571428571
hxaid41o,1,1,1,0,1,1,0.7339449541284404
hy97dn1d,1,1,1,0,1,1,0.8833333333333333
hymuhio1,2,3,2,0,1,1,1.3571428571428572
hyn8kbwe,11,11,11,0,1,1,0.4270833333333333
hzkwgfld,2,1,2,0,1,1,0.44
i0ikg524,5,1,5,0,1,1,0.7211267605633803
i3bi3vff,2,1,2,0,1,1,0.35051546391752575
i52snehv,2,1,2,0,1,1,0.3881856540084388
i87r48vo,1,2,1,0,1,1,1.7692307692307692
iaci5bab,2,1,2,0,1,1,0.2021978021978022
ic7cze5x,2,2,2,0,1,1,1.3855421686746987
igtifzkv,3,4,3,0,1,1,3.711864406779661
iijj01lq,2,1,2,0,1,1,0.6190476190476191
ik2wfqj1,10,10,10,0,1,1,0.3968253968253968
indxj6zk,1,1,1,0,1,1,0.53
inkwjqj7,1,1,1,0,1,1,0.7195121951219512
ip1mn7f8,1,1,1,0,1,1,0.6477272727272727
iq25nid0,1,1,1,0,1,1,0.12345679012345678
iqxext8k,2,1,2,0,1,1,0.6698113207547169
ir8q519z,1,1,1,0,1,1,0.5652173913043478
is9cesnk,2,2,2,0,1,1,1.8205128205128205
ixvf0apv,1,1,1,0,1,1,0.4805194805194805
j10o202t,1,1,1,0,1,1,0.07692307692307693
j1vg5ksv,2,1,2,0,1,1,0.3408450704225352
j338igfx,4,4,4,0,1,1,0.24390243902439024
j4f2a97n,28,1,28,0,1,1,0.3467092651757189
j5ck2wtw,5,1,5,0,1,1,0.648854961832061
j6obrhs3,1,1,1,0,1,1,0.6666666666666666
j7i1pg5v,1,1,1,0,1,1,0.7808219178082192
jgrk0o29,2,3,2,0,1,1,2.36
ji42gktw,12,1,12,0,1,1,0.5919439579684763
jjcy06bh,2,1,2,0,1,1,0.3434343434343434
jo07pdif,2,1,2,0,1,1,0.5283018867924528
jt2ygstu,1,1,1,0,1,1,0.9146341463414634
jtx41psl,1,1,1,0,1,1,0.9259259259259259
jvwfdb4c,10,10,10,0,1,1,0.3333333333333333
jvx5mxcz,1,1,1,0,1,1,0.10309278350515463
jy044tyz,3,1,3,0,1,1,0.5087719298245614
k0vcz0st,1,1,1,0,1,1,0.4410480349344978
k369x08x,1,1,1,0,1,1,0.35
k52lrn32,1,1,1,0,1,1,0.9152542372881356
k6mwrhcn,1,1,1,0,1,1,0.3163265306122449
k8w3vjn1,2,1,2,0,1,1,0.4426229508196721
k91meps2,7,3,7,0,1,1,1.9146341463414633
k9bxt0u7,12,12,12,0,1,1,5.620253164556962
kdd87l6w,2,2,2,0,1,1,1.64
kfku0fdg,2,1,2,0,1,1,0.3465346534653465
kgb5t4u3,3,1,3,0,1,1,0.5698924731182796
km3lycqv,2,2,2,0,1,1,1.523076923076923
kmg8ysk5,2,1,2,0,1,1,0.3902439024390244
ksl55n8i,1,1,1,0,1,1,0.6923076923076923
kuyatgrp,5,1,5,0,1,1,0.719626168224299
kv53tjsw,1,1,1,0,1,1,0.07801418439716312
kwac9t6i,1,1,1,0,1,1,0.7471264367816092
kwwh43ve,1,2,1,0,1,1,0.7959183673469388
kxy8pcfk,1,1,1,0,1,1,0.7121212121212122
kz5ukgux,4,3,4,0,1,1,1.7647058823529411
l0ek62ei,2,1,2,0,1,1,0.30357142857142855
l2s1vt3z,1,1,1,0,1,1,0.4485981308411215
l2x7mrxz,1,1,1,0,1,1,0.5652173913043478
l3x9425h,1,1,1,0,1,1,0.7553191489361702
l4a70q85,6,3,6,0,1,1,0.3176470588235294
l55pegqb,1,1,1,0,1,1,0.6333333333333333
l5locryc,2,3,2,0,1,1,2.2
l6zdy2cc,1,8,1,0,1,1,4.821428571428571
l7b35u95,2,1,2,0,1,1,0.6847826086956522
l7k00l6c,1,1,1,0,1,1,0.3763440860215054
l7ne5cdc,1,1,1,0,1,1,0.5217391304347826
l7x9zvsk,8,2,8,0,1,1,1.1270358306188926
la1w5eyj,3,1,3,0,1,1,0.5873417721518988
lbvmnhiu,3,1,3,0,1,1,0.5469613259668509
ldkjqdxo,1,1,1,0,1,1,0.8333333333333334
leu252hn,4,1,4,0,1,1,0.6887755102040817
lfc2jl2f,2,1,2,0,1,1,0.6162790697674418
lhcjpfjz,1,1,1,0,1,1,0.7121212121212122
ljgaeiyc,1,2,1,0,1,1,1.8375
ljkfbrl3,2,1,2,0,1,1,0.35555555555555557
ljyiw2uc,1,1,1,0,1,1,0.7166666666666667
llnifik4,1,1,1,0,1,1,0.26582278481012656
lrrnx1q2,1,1,1,0,1,1,0.8099173553719008
lskh81dd,1,5,1,0,1,1,3.58974358974359
ltr39cd6,1,1,1,0,1,1,0.15730337078651685
ltzj3wpm,2,1,2,0,1,1,0.7215189873417721
lutp0n8m,1,1,1,0,1,1,0.5675675675675675
luzfqr88,1,1,1,0,1,1,0.7571428571428571
lvlnz494,3,1,3,0,1,1,0.5211640211640212
lw6pr7h4,1,1,1,0,1,1,0.4230769230769231
lxgx30qb,2,1,2,0,1,1,0.21
lxidwwy1,1,1,1,0,1,1,0.08396946564885496
m0n3lxv7,4,1,4,0,1,1,0.544
m0vk576h,1,1,1,0,1,1,0.7948717948717948
m10d91f4,20,20,20,0,1,1,6.670588235294118
m2dpw86v,1,1,1,0,1,1,0.29591836734693877
m3duvjd8,16,1,16,0,1,1,0.6247933884297521
m98296ym,1,1,1,0,1,1,0.9074074074074074
m9ogq2aw,1,1,1,0,1,1,0.3793103448275862
m9to226x,2,1,2,0,1,1,0.20238095238095238
mb2wf06i,2,2,2,0,1,1,0.7692307692307693
mdkrg4tg,1,1,1,0,1,1,0.45
merapj4t,2,1,2,0,1,1,0.65625
mfble881,1,1,1,0,1,1,0.6428571428571429
mfxnh5ru,2,3,2,0,1,1,2.347826086956522
mjwfbdod,1,1,1,0,1,1,0.47058823529411764
mm4bj76f,1,1,1,0,1,1,0.6742424242424242
mn4s0gi8,26,27,26,0,1,1,0.8412698412698413
mnpzb7g9,1,1,1,0,1,1,0.78125
mnrf445t,2,1,2,0,1,1,0.25274725274725274
mqdvl4nz,3,1,3,0,1,1,0.9376146788990826
mrjjsc78,1,2,1,0,1,1,1.263157894736842
ms668l3a,3,2,3,0,1,1,1.2439024390243902
msfrckgm,2,1,2,0,1,1,0.49038461538461536
msxdknb7,2,3,2,0,1,1,1.6071428571428572
mxqy5j4p,1,1,1,0,1,1,0.2875
n01sq64g,1,1,1,0,1,1,0.6333333333333333
n0any3pm,2,1,2,0,1,1,0.5
n0d05tlz,2,2,2,0,1,1,1.8113207547169812
n2tevlr5,1,1,1,0,1,1,0.875
n3opitol,3,1,3,0,1,1,0.6588235294117647
n4rzvx60,1,1,1,0,1,1,0.09615384615384616
n812b02c,1,3,1,0,1,1,2.36
na33k19e,1,1,1,0,1,1,0.88
navoodgp,1,1,1,0,1,1,0.8125
nbuwrvdt,1,1,1,0,1,1,0.9512195121951219
nf50dpfc,1,1,1,0,1,1,0.9019607843137255
nhy81vp1,2,1,2,0,1,1,0.48923076923076925
nl87m8lt,3,1,3,0,1,1,0.5473684210526316
nsg01vj9,2,1,2,0,1,1,0.5108695652173914
nsorw968,2,3,2,0,1,1,2.5689655172413794
nspjm3hy,1,1,1,0,1,1,0.8208955223880597
nt2i7fen,2,3,2,0,1,1,2.303030303030303
ntq95l3m,3,1,3,0,1,1,0.7079646017699115
ntx3bu3p,1,1,1,0,1,1,0.695906432748538
nu6y81zw,2,1,2,0,1,1,0.2619047619047619
nx1tsmoz,2,1,2,0,1,1,0.19540229885057472
nxzxpfac,2,1,2,0,1,1,0.2
nz14uioy,1,1,1,0,1,1,0.8148148148148148
nzenmdlv,1,1,1,0,1,1,0.7894736842105263
o05ggmg6,1,1,1,0,1,1,0.7346938775510204
o24kh44u,2,3,2,0,1,1,2.3220338983050848
o2p3gnhh,1,1,1,0,1,1,0.5882352941176471
o5w9z7uf,1,1,1,0,1,1,0.5089285714285714
o7mmybmz,1,1,1,0,1,1,0.8923076923076924
o94ds8qc,1,1,1,0,1,1,0.8818181818181818
oa881897,1,1,1,0,1,1,0.76
oasjdhjb,2,1,2,0,1,1,0.5507246376811594
obgqwd81,1,1,1,0,1,1,0.6545454545454545
oc9632tw,2,1,2,0,1,1,0.46236559139784944
ocw3fc39,2,1,2,0,1,1,0.16875
odfbfy6l,1,2,1,0,1,1,1.5128205128205128
oguewgjb,2,1,2,0,1,1,0.616822429906542
oiupcf30,4,5,4,0,1,1,2.5576923076923075
ojz47jkz,6,3,6,0,1,1,2.1139240506329116
okk1awq1,1,2,1,0,1,1,1.6111111111111112
okyiwhe2,2,1,2,0,1,1,0.2727272727272727
okyujpk1,1,1,1,0,1,1,0.6530612244897959
okzrw4ul,1,1,1,0,1,1,0.8333333333333334
olqepuhs,2,1,2,0,1,1,0.8260869565217391
om1l22ht,2,1,2,0,1,1,0.5294117647058824
om9gicaj,2,1,2,0,1,1,0.44339622641509435
omuyddn2,3,1,3,0,1,1,0.4857142857142857
oq4xkb08,3,1,3,0,1,1,0.8153846153846154
or8eklj5,2,1,2,0,1,1,0.7083333333333334
or8jvjtg,2,1,2,0,1,1,0.4943820224719101
os8i6e0w,2,2,2,0,1,1,1.7560975609756098
ou2f7p0i,2,1,2,0,1,1,0.6538461538461539
ow0b88et,2,1,2,0,1,1,0.4728323699421965
ox1p16xi,2,2,2,0,1,1,1.5507246376811594
oz48ssju,5,1,5,0,1,1,0.3563218390804598
ozz7zjrv,1,2,1,0,1,1,1.864864864864865
p0bzaolc,4,1,4,0,1,1,0.41708542713567837
p2mdrqk1,3,1,3,0,1,1,0.6105263157894737
p8al6c43,3,1,3,0,1,1,0.7555555555555555
p9goy3m5,2,1,2,0,1,1,0.5047619047619047
paqd3t4y,1,1,1,0,1,1,0.7317073170731707
pdkgzcnq,1,2,1,0,1,1,1.82
peny1kdb,5,1,5,0,1,1,0.7410256410256411
phrlikaf,1,1,1,0,1,1,0.08547008547008547
piuqj5wt,2,1,2,0,1,1,0.08
pkxlarz2,1,1,1,0,1,1,0.10204081632653061
pl1t7w03,2,1,2,0,1,1,0.7361111111111112
pl3nvrt3,2,1,2,0,1,1,0.4588235294117647
pne9qu86,1,1,1,0,1,1,0.7272727272727273
ponb8hrz,2,1,2,0,1,1,0.7241379310344828
pp6xneq2,5,1,5,0,1,1,0.8248175182481752
pq6uabeq,1,2,1,0,1,1,1.423529411764706
pr0wn6h6,1,1,1,0,1,1,0.8666666666666667
pr33uloc,1,1,1,0,1,1,0.6666666666666666
ptuktd2e,1,1,1,0,1,1,0.5
pz9rf3kp,2,1,2,0,1,1,0.32098765432098764
q2dee44h,1,1,1,0,1,1,0.37777777777777777
q7d8mrg3,2,1,2,0,1,1,0.8677248677248677
q7iwrayb,2,1,2,0,1,1,0.7663551401869159
qa0uz3a7,1,1,1,0,1,1,0.6302521008403361
qa91hkcn,1,1,1,0,1,1,0.75
qawrozw8,1,1,1,0,1,1,0.3252032520325203
qc9cac32,1,1,1,0,1,1,0.591304347826087
qcyzntli,3,1,3,0,1,1,0.5520833333333334
qdfcwypm,1,1,1,0,1,1,0.9180327868852459
qfhnj1nf,1,1,1,0,1,1,0.907563025210084
qgnewvrp,2,1,2,0,1,1,0.19101123595505617
qhykjzwc,2,2,2,0,1,1,0.43636363636363634
qittyp0l,2,2,2,0,1,1,1.0
qjeopm3q,1,1,1,0,1,1,0.7272727272727273
qjrm0hmj,3,2,3,0,1,1,0.9473684210526315
ql6bf189,2,2,2,0,1,1,1.3043478260869565
qmn6zqgq,2,1,2,0,1,1,0.44554455445544555
qrlz4xpk,2,1,2,0,1,1,0.6173913043478261
qset7zfv,1,1,1,0,1,1,0.3486238532110092
qt1bf7hj,1,2,1,0,1,1,1.411764705882353
qurrcmwn,3,1,3,0,1,1,0.5350877192982456
qw39rqhv,2,1,2,0,1,1,0.15151515151515152
qx7ncfer,2,2,2,0,1,1,1.5365853658536586
qzerhngx,6,3,6,0,1,1,2.1794871794871793
qzqjuedt,1,1,1,0,1,1,0.4576271186440678
r13s2zog,1,2,1,0,1,1,1.4915254237288136
r298oppp,1,1,1,0,1,1,0.7974683544303798
r2fmxg6h,3,2,3,0,1,1,1.180327868852459
r2iallw7,1,1,1,0,1,1,0.8596491228070176
r2n6kgfd,1,1,1,0,1,1,0.32575757575757575
r507we9x,1,1,1,0,1,1,0.5428571428571428
r6apnjuv,2,1,2,0,1,1,0.4153846153846154
r8krwek1,1,1,1,0,1,1,0.1611842105263158
rajycrxk,2,2,2,0,1,1,1.5242718446601942
rfyy184d,1,1,1,0,1,1,0.76
rgsz0gml,1,1,1,0,1,1,0.5454545454545454
rl2kq1px,1,1,1,0,1,1,0.5803571428571429
rl7ir488,4,1,4,0,1,1,0.1386861313868613
rm3v6asc,2,1,2,0,1,1,0.14393939393939395
rmj8dcsw,3,1,3,0,1,1,0.27743526510480887
rmjrb2gl,1,1,1,0,1,1,0.2916666666666667
rmrq5h4y,5,1,5,0,1,1,0.30833333333333335
rnm6wvsn,6,1,6,0,1,1,0.4215686274509804
ro7l0xdi,8,1,8,0,1,1,0.41781874039938555
rowg6cxy,1,1,1,0,1,1,0.7142857142857143
rt7xp2yh,1,2,1,0,1,1,1.6607142857142858
ru0qwa84,6,2,6,0,1,1,0.8111111111111111
rvf66gf1,1,1,1,0,1,1,0.05555555555555555
rvivsqr0,1,1,1,0,1,1,0.9732620320855615
rvyuhzr0,2,1,2,0,1,1,0.3786407766990291
rx7yfkbg,1,1,1,0,1,1,0.6428571428571429
rz2b31mn,1,1,1,0,1,1,0.852760736196319
s0umhbpw,4,1,4,0,1,1,0.6336842105263157
s0uoxmwc,1,1,1,0,1,1,0.28205128205128205
s1kd1p3t,1,1,1,0,1,1,0.8533333333333334
s1of0a97,1,1,1,0,1,1,0.5576923076923077
s41qtfd2,1,1,1,0,1,1,0.14285714285714285
s4mnrzi1,2,1,2,0,1,1,0.7759336099585062
s4nxbrcp,1,1,1,0,1,1,0.801980198019802
s6b025qn,1,1,1,0,1,1,0.06862745098039216
s6qa98lx,1,1,1,0,1,1,0.9019607843137255
s8ib1gqo,2,2,2,0,1,1,1.0961538461538463
sajk18ua,2,1,2,0,1,1,0.518796992481203
sbu8j9xc,1,1,1,0,1,1,0.7580645161290323
sc65nvjl,1,1,1,0,1,1,0.04201680672268908
sfns53bj,2,2,2,0,1,1,1.928813559322034
sgcn6xgc,1,1,1,0,1,1,0.8924731182795699
sh7sl5xi,1,3,1,0,1,1,2.764705882352941
si7re70s,2,1,2,0,1,1,0.15819209039548024
sijkcttf,5,2,5,0,1,1,1.0769230769230769
sjgicdrs,2,1,2,0,1,1,0.47115384615384615
sjl7jcdm,1,3,1,0,1,1,2.8904109589041096
skjvwkeu,15,15,15,0,1,1,0.35294117647058826
skmuz7n7,1,1,1,0,1,1,0.1919191919191919
skue9h1a,1,1,1,0,1,1,0.7333333333333333
skxbqj5u,2,2,2,0,1,1,1.4464285714285714
sla7u3u5,2,2,2,0,1,1,1.7820512820512822
smj60b7y,3,1,3,0,1,1,0.8424242424242424
smpz2v72,6,5,6,0,1,1,1.7654320987654322
so8lbzwk,4,1,4,0,1,1,0.6774193548387096
spakvkft,1,1,1,0,1,1,0.8279569892473119
spddn8ef,6,1,6,0,1,1,0.31749049429657794
sr0xcevd,2,2,2,0,1,1,1.323943661971831
srtemhqr,2,1,2,0,1,1,0.5789473684210527
ss0b0lxp,2,1,2,0,1,1,0.22695035460992907
ssz7rje6,1,1,1,0,1,1,0.8292682926829268
stxmnfmi,2,6,2,0,1,1,4.424242424242424
sy4ix7t7,3,1,3,0,1,1,0.7551020408163265
sy7poaj5,2,1,2,0,1,1,0.9387387387387387
t15hnxr3,8,1,8,0,1,1,0.7744565217391305
t1sb5qo8,2,1,2,0,1,1,0.8267326732673267
t3wvj7qz,1,1,1,0,1,1,0.6810344827586207
t4mcamey,1,3,1,0,1,1,1.9120879120879122
t5zhoswv,2,1,2,0,1,1,0.7090909090909091
t6b34ze7,4,1,4,0,1,1,0.6538461538461539
t6ng4itw,1,1,1,0,1,1,0.21777777777777776
t7l078ma,4,1,4,0,1,1,0.25663716814159293
t9crbspj,1,1,1,0,1,1,0.8666666666666667
t9jz6g88,2,1,2,0,1,1,0.8181818181818182
t9n0p86n,1,4,1,0,1,1,3.5428571428571427
tdwhgf97,1,1,1,0,1,1,0.8431372549019608
tejoq1a5,2,3,2,0,1,1,2.230769230769231
tfbq8jah,1,1,1,0,1,1,0.9382151029748284
tgmq5v15,2,2,2,0,1,1,1.671875
thsn8ihm,1,1,1,0,1,1,0.5242718446601942
tj640z37,1,1,1,0,1,1,0.625
tjv9i9og,1,1,1,0,1,1,0.9056603773584906
tjxx09kp,2,1,2,0,1,1,0.23776223776223776
tjylsyz7,2,1,2,0,1,1,0.23958333333333334
tm9ykgbu,1,1,1,0,1,1,0.42857142857142855
tmgp2gqk,1,1,1,0,1,1,0.13924050632911392
tr5ra1xs,7,1,7,0,1,1,0.4845360824742268
treunf9o,1,1,1,0,1,1,0.6770833333333334
ts5hbheu,2,2,2,0,1,1,0.9811320754716981
tsjy9cqv,2,2,2,0,1,1,0.9841269841269841
tt00cbm1,2,1,2,0,1,1,0.4074074074074074
ttbio1rh,4,1,4,0,1,1,0.8172690763052208
tug3h8uh,1,2,1,0,1,1,1.6296296296296295
tuzf8p0s,1,1,1,0,1,1,0.25
tvs2oymj,1,1,1,0,1,1,0.8133333333333334
txg2v4q0,1,1,1,0,1,1,0.6103896103896104
u0wri6rw,1,2,1,0,1,1,1.2278481012658229
u108b2o2,3,1,3,0,1,1,0.7083333333333334
u1khbyb0,2,2,2,0,1,1,1.7560975609756098
u28zgzds,1,1,1,0,1,1,0.6547619047619048
u5uziar2,1,1,1,0,1,1,0.4767025089605735
u6uaftci,23,23,23,0,1,1,2.090909090909091
u7l0lr2j,1,1,1,0,1,1,0.620253164556962
u9beofq3,1,1,1,0,1,1,0.8043478260869565
ubklxxh0,1,1,1,0,1,1,0.7361111111111112
ubz8smud,1,1,1,0,1,1,0.14666666666666667
ueoiodwz,3,1,3,0,1,1,0.5795454545454546
uf4jxu0s,2,1,2,0,1,1,0.5760869565217391
uggvrwfr,2,1,2,0,1,1,0.6395348837209303
uh4iqj3p,1,1,1,0,1,1,0.6428571428571429
ui6kit81,1,1,1,0,1,1,0.5079365079365079
uj70tkye,1,1,1,0,1,1,0.8275862068965517
umwmu0us,5,2,5,0,1,1,1.0596026490066226
un50lhoq,3,1,3,0,1,1,0.2572347266881029
uog1hgu1,1,1,1,0,1,1,0.5555555555555556
uq4lkodj,1,1,1,0,1,1,0.8225806451612904
urgajt7e,2,3,2,0,1,1,1.3529411764705883
usyys5es,1,1,1,0,1,1,0.6595744680851063
utyj563j,2,9,2,0,1,1,6.045454545454546
uw2bjj2l,3,1,3,0,1,1,0.3949579831932773
uw60ldq6,2,1,2,0,1,1,0.48936170212765956
uwfbhfk4,26,26,26,0,1,1,0.8985507246376812
v0kjwbn7,1,1,1,0,1,1,0.8137254901960784
v4ibiqyv,2,1,2,0,1,1,0.675
v4onm43q,2,1,2,0,1,1,0.3142857142857143
v54gu7uj,1,1,1,0,1,1,0.7435897435897436
v5l58s16,2,1,2,0,1,1,0.7560975609756098
v60if4yq,1,1,1,0,1,1,0.1574074074074074
v8gcabcj,4,1,4,0,1,1,0.16611295681063123
v9dk3ycf,1,1,1,0,1,1,0.6666666666666666
vcsib2pf,1,1,1,0,1,1,0.5064935064935064
vd2kzgc9,2,1,2,0,1,1,0.5904761904761905
vd8urin3,1,1,1,0,1,1,0.7636363636363637
vfm3lqut,3,1,3,0,1,1,0.75
vgu21nrp,1,1,1,0,1,1,0.47
vide3a0t,1,1,1,0,1,1,0.22077922077922077
viqv63nb,1,1,1,0,1,1,0.8571428571428571
vj2a4tw7,8,1,8,0,1,1,0.18893129770992367
vjxc3ysh,3,1,3,0,1,1,0.5897435897435898
vjyvp05h,2,1,2,0,1,1,0.7654320987654321
vkl7ibk1,2,1,2,0,1,1,0.6052631578947368
vonb12dh,1,1,1,0,1,1,0.6885245901639344
voxac5zw,5,3,5,0,1,1,2.360655737704918
vq22ppil,4,1,4,0,1,1,0.2670157068062827
vr10gy9y,1,1,1,0,1,1,0.875
vrhavhrj,6,6,6,0,1,1,5.2682926829268295
vs4399qb,9,1,9,0,1,1,0.18809980806142035
vt0mc6ug,2,1,2,0,1,1,0.47706422018348627
vtkm161v,2,1,2,0,1,1,0.23015873015873015
vu9u4d13,3,1,3,0,1,1,0.6586538461538461
vumw8ysm,1,3,1,0,1,1,2.739130434782609
vzzdtj0w,1,1,1,0,1,1,0.935064935064935
w0cgzody,1,1,1,0,1,1,0.14705882352941177
w1m2shex,1,1,1,0,1,1,0.4274193548387097
w2bt6b8j,9,10,9,0,1,1,0.46774193548387094
w40h9055,4,3,4,0,1,1,1.7
w66t98gb,3,1,3,0,1,1,0.4074074074074074
w6eqbxev,1,1,1,0,1,1,0.1411764705882353
wevucsii,1,1,1,0,1,1,0.10869565217391304
wi9qp1pu,4,4,4,0,1,1,3.1150442477876106
wj328sj2,1,1,1,0,1,1,0.0625
wj6nceqs,4,1,4,0,1,1,0.6728971962616822
wj8xzrrw,1,1,1,0,1,1,0.9361702127659575
wkfwwi0l,3,1,3,0,1,1,0.7477477477477478
wpmwjv84,1,1,1,0,1,1,0.947103274559194
wz9rb406,1,1,1,0,1,1,0.8777777777777778
x1lf3klj,1,2,1,0,1,1,1.1603773584905661
x25pz5ty,2,5,2,0,1,1,4.226415094339623
x6e2i6kz,2,1,2,0,1,1,0.8155339805825242
x7w2uzae,1,1,1,0,1,1,0.5
xakey307,4,3,4,0,1,1,1.7183098591549295
xbqkagc5,1,1,1,0,1,1,0.782608695652174
xeb44q52,2,1,2,0,1,1,0.6060606060606061
xehtt1x4,1,1,1,0,1,1,0.7411764705882353
xeu6x3un,1,1,1,0,1,1,0.550561797752809
xgusr4xv,3,1,3,0,1,1,0.5544554455445545
xha3d8ki,1,1,1,0,1,1,0.4749262536873156
xis518c2,1,1,1,0,1,1,0.9306930693069307
xkv74uxe,20,20,20,0,1,1,0.6060606060606061
xlldj8ud,1,1,1,0,1,1,0.5161290322580645
xmjr1qxh,1,6,1,0,1,1,5.053191489361702
xow0q2ig,3,1,3,0,1,1,0.3894736842105263
xrmsmmku,3,1,3,0,1,1,0.8433121019108281
xrqe459g,2,1,2,0,1,1,0.14634146341463414
xu04kjdw,2,1,2,0,1,1,0.4649122807017544
xvem8lqs,2,1,2,0,1,1,0.8213166144200627
xvey2smw,3,1,3,0,1,1,0.40186915887850466
xxz9n5ks,1,2,1,0,1,1,1.6274509803921569
xy1h5gex,2,1,2,0,1,1,0.650319829424307
xyii4pa5,3,1,3,0,1,1,0.6744186046511628
xzl5r5wi,1,1,1,0,1,1,0.7037037037037037
y2ibs5yx,2,1,2,0,1,1,0.63
y2pfmpls,2,1,2,0,1,1,0.4032258064516129
y4qcghic,6,3,6,0,1,1,1.9673913043478262
y92zmumi,1,1,1,0,1,1,0.9152542372881356
ybs4g3rw,1,1,1,0,1,1,0.8494623655913979
ygllbood,3,1,3,0,1,1,0.2413793103448276
yke51a4w,1,1,1,0,1,1,0.5588235294117647
yridittx,3,1,3,0,1,1,0.5543478260869565
ytauo2u5,1,1,1,0,1,1,0.2184873949579832
ytgkeoqd,3,3,3,0,1,1,2.3225806451612905
yvsck63k,2,1,2,0,1,1,0.8529411764705882
yyxu0snt,1,1,1,0,1,1,0.6103896103896104
yz331p77,2,2,2,0,1,1,1.168421052631579
z15t9fyy,3,1,3,0,1,1,0.3380281690140845
z2nrevao,4,1,4,0,1,1,0.494949494949495
z5lwwo14,1,1,1,0,1,1,0.87
z7t26zyy,2,1,2,0,1,1,0.2549450549450549
zac9mxns,2,1,2,0,1,1,0.45054945054945056
zf7d7fqv,1,1,1,0,1,1,0.4444444444444444
zg417st5,5,5,5,0,1,1,2.1125
zib0ib5u,1,1,1,0,1,1,0.875
zid4bbd9,1,1,1,0,1,1,0.47368421052631576
ziw0n3qv,1,1,1,0,1,1,0.36363636363636365
zj3p2iaa,1,1,1,0,1,1,0.6831683168316832
zmdg3jib,1,1,1,0,1,1,0.9076923076923077
zmnolf50,1,2,1,0,1,1,1.8888888888888888
znfbrgba,1,1,1,0,1,1,0.5076923076923077
znlh28sl,3,1,3,0,1,1,0.40860215053763443
zpfdlnkr,1,1,1,0,1,1,0.85
zpjsz5f5,2,1,2,0,1,1,0.6111111111111112
zptfuv8s,1,3,1,0,1,1,1.5
zuodpg0w,2,1,2,0,1,1,0.7567567567567568
zvjnb8cp,1,1,1,0,1,1,0.7176470588235294
zvsjrczm,1,1,1,0,1,1,0.27184466019417475
zw325fa4,4,3,4,0,1,1,1.9634146341463414
zxh1jkdr,5,1,5,0,1,1,0.6541353383458647
zxjkp4zx,1,1,1,0,1,1,0.8840579710144928
