frame_idx,object_id,target_visible,b0_target_iou,gated_target_iou,b0_vs_gated_mask_iou,xor_px,b0_pred_area_px,gated_pred_area_px
0,1,1,0.984882005899705,0.984882005899705,1.0,0,5380,5380
0,2,1,0.984251968503937,0.984251968503937,1.0,0,5413,5413
1,1,1,0.9407578722647216,0.9407578722647216,1.0,0,5386,5386
1,2,1,0.9466742038816657,0.9466742038816657,1.0,0,5199,5199
2,1,1,0.921740569159497,0.921740569159497,1.0,0,5933,5933
2,2,1,0.9596116504854368,0.9596116504854368,1.0,0,5016,5016
3,1,1,0.8708817069344211,0.8755760368663594,0.9795950900685477,128,6270,6148
3,2,1,0.9387466902030008,0.9426447158789166,0.9877485795454546,69,5602,5593
4,1,1,0.9039164490861619,0.9009540329575022,0.9955853787745012,25,5640,5661
4,2,1,0.9405099150141643,0.9394281414597442,0.9909650134563629,47,5161,5196
5,1,1,0.8776586394796977,0.8811374072765807,0.9944957386363636,31,5632,5601
5,2,1,0.9209580838323354,0.941954141706259,0.9540950455005056,227,4943,4720
6,1,1,0.8529624277456648,0.853393665158371,0.9967135293043637,18,5477,5459
6,2,1,0.7999147666737695,0.8014611087236786,0.9849809459762385,67,4459,4396
7,1,1,0.8730401529636711,0.848041010618821,0.9449473489746906,298,5115,5413
7,2,1,0.8697446479236524,0.8543410041841004,0.9518672199170124,174,3607,3449
8,1,1,0.897455374097987,0.8982309301883203,0.9959215381627501,21,5145,5132
8,2,1,0.6744186046511628,0.6733886911822855,0.9577015163607342,106,2461,2445
9,1,1,0.9419616947185142,0.9445736434108527,0.9937193326790972,32,5081,5077
9,2,1,0.695368558382257,0.6956237753102548,0.9580838323353293,63,1473,1470
10,1,1,0.8658976207642394,0.8725454545454545,0.9874727668845316,69,5500,5447
10,2,1,0.3670498084291188,0.3717442778216259,0.9429477020602218,72,1249,1203
11,1,1,0.8847445642566731,0.8843561546647748,0.9888449082403742,62,5546,5508
11,2,1,0.2751504729148753,0.26058091286307056,0.8540840602696272,184,1151,1187
12,1,1,0.8789493019838354,0.8779411764705882,0.9760511882998172,131,5411,5398
12,2,1,0.05167394468704512,0.0531437125748503,0.9510439164866811,68,1374,1336
13,1,1,0.857225656877898,0.803677663601947,0.9165299799526153,458,5062,5454
13,2,1,0.2566502463054187,0.25881768504719327,0.9270408163265306,143,1897,1880
14,1,1,0.8879045380582173,0.8802640970735189,0.9773098565982937,125,5399,5494
14,2,1,0.4176081028437865,0.41927512355848434,0.8913392141138733,271,2455,2262
15,1,1,0.8825742574257426,0.8634785962205939,0.9460466941338042,275,4881,5038
15,2,1,0.4763042612504978,0.4688,0.9341761115954664,151,2236,2201
16,1,1,0.795598125127369,0.7672345483359746,0.9539714867617108,226,4742,4852
16,2,1,0.7319619281547436,0.7312557852514656,0.9286356821589206,238,3231,3201
17,1,1,0.8517641487094483,0.8592396535129933,0.970638194612958,121,4107,4014
17,2,1,0.891229005598507,0.9108799550182738,0.9178265524625268,307,3731,3434
18,1,1,0.8658967711524864,0.8539586719294172,0.9658119658119658,144,4106,4174
18,2,1,0.8432929377350606,0.832119914346895,0.9321514554607135,310,4547,4281
19,1,1,0.851551579535924,0.8465248226950355,0.9357565511411665,228,3492,3378
19,2,1,0.7970749542961609,0.8112037630960017,0.9098396185522324,416,4594,4218
20,1,1,0.5672920065252854,0.5903102422439439,0.8938018160284248,269,2449,2348
20,2,1,0.7141710156563629,0.740415506532448,0.8747089947089947,592,4636,4222
21,1,0,,,0.15714285714285714,2773,617,3190
21,2,1,0.647674652707872,0.6652334152334153,0.8963155408597071,439,4040,3989
22,1,0,,,0.0,2365,0,2365
22,2,1,0.6569592287607954,0.6511182108626198,0.8714943491000419,614,4720,4222
23,1,0,,,0.0,2405,0,2405
23,2,1,0.6575700047460845,0.6057356027045931,0.8607594936708861,550,3724,3626
24,1,0,,,0.0,2223,0,2223
24,2,1,0.6024319323288395,0.6254628311022501,0.8620042872454448,515,3652,3297
25,1,0,,,0.0,2098,0,2098
25,2,1,0.612340536318667,0.6179653679653679,0.8657430730478589,533,3810,3597
26,1,0,,,0.0,1950,0,1950
26,2,1,0.6170655567117586,0.6085372201978136,0.8353403784713689,670,3752,3716
27,1,0,,,0.0,1753,0,1753
27,2,1,0.7447983014861995,0.7693766295330647,0.8175996204933587,769,4208,3455
28,1,0,,,0.0,1290,0,1290
28,2,1,0.7502495508085446,0.7724372607401105,0.8499366821443647,711,4599,4166
29,1,0,,,1.0,0,0,0
29,2,1,0.7010460634978896,0.7121757242946412,0.9219965837919909,411,5177,4950
30,1,0,,,1.0,0,0,0
30,2,1,0.8413889373582272,0.8373653540526222,0.9482459187217784,298,5683,5535
31,1,0,,,1.0,0,0,0
31,2,1,0.9041533546325878,0.8835604913343429,0.8833172613307618,726,6222,5496
32,1,0,,,1.0,0,0,0
32,2,1,0.9404949220426262,0.07895931024050824,0.07545545832735619,6445,6965,532
33,1,0,,,1.0,0,0,0
33,2,1,0.9391691394658753,0.0,0.0,7547,7351,196
34,1,0,,,1.0,0,0,0
34,2,1,0.873056677683927,0.8938401048492791,0.892940168848648,875,8161,7310
35,1,0,,,1.0,0,0,0
35,2,1,0.9265325222274217,0.9504889975550123,0.9350117096018735,555,8519,8006
36,1,0,,,0.0,369,0,369
36,2,1,0.921458785869441,0.9378058970992001,0.933058230169647,584,8719,8145
37,1,0,,,1.0,0,0,0
37,2,1,0.9058602803222602,0.942381562099872,0.9240478542421249,692,9056,8474
38,1,0,,,0.0,285,0,285
38,2,1,0.8992180712423979,0.9373374320170254,0.8802434253423169,1102,9202,8100
39,1,0,,,0.8189473684210526,86,392,472
39,2,1,0.9091007819287577,0.8591121495327103,0.8181917211328976,1669,9178,7513
40,1,0,,,0.0,867,867,0
40,2,1,0.89030999349664,0.9171590777430193,0.9023189674031941,893,9142,8249
41,1,1,0.7274107820804859,0.7147937411095305,0.8799368088467614,152,1122,1258
41,2,1,0.9036661026508742,0.9292671049427806,0.8833559168925023,1033,8854,7825
42,1,1,0.7894137734775185,0.7940673131774102,0.9440954773869347,89,1547,1548
42,2,1,0.9230769230769231,0.9201889607160617,0.8767395626242545,1054,8551,7497
43,1,1,0.8717518860016764,0.843737081438611,0.9389978213507625,140,2228,2222
43,2,1,0.9236184442097853,0.9409129434556242,0.9522912003769585,405,8469,8104
44,1,1,0.8509293680297397,0.8250183418928834,0.9614949037372593,102,2600,2596
44,2,1,0.9376262326244506,0.9515932863050353,0.9654065620542083,291,8398,8135
45,1,1,0.8338794233289646,0.8133802816901409,0.9571474256475856,134,3026,3094
45,2,1,0.9401082381238726,0.9422936449963477,0.9690758719884933,258,8303,8125
46,1,1,0.8276788713469936,0.8679785330948122,0.8901830282861897,330,2950,2730
46,2,1,0.9467931779966371,0.9423982610795798,0.9741626794258373,216,8314,8190
47,1,1,0.8339960238568589,0.8603332151719248,0.8935602268935602,319,2981,2694
47,2,1,0.9427485449578334,0.9397099364736905,0.9711023902961113,243,8374,8201
48,1,1,0.8777307963354475,0.8911666045471487,0.9054921540656206,265,2799,2544
48,2,1,0.9387222946544981,0.9278411792677128,0.9650737463126844,296,8397,8257
49,1,1,0.8791325986491291,0.8561051539259772,0.9604578563995838,114,2786,2866
49,2,1,0.9394190871369295,0.9366510397884361,0.9627373701182372,312,8341,8093
50,1,1,0.781895937277263,0.8291650634859561,0.9085714285714286,256,2795,2549
50,2,1,0.9406950539675009,0.9384118631906243,0.9637415849769694,307,8390,8237
51,1,1,0.8097014925373134,0.8085991678224688,0.9512108262108262,137,2799,2680
51,2,1,0.9559156439890385,0.9505980861244019,0.966631041444009,281,8335,8226
52,1,1,0.8562898089171974,0.8541418945699564,0.9860446570972887,35,2483,2498
52,2,1,0.9474554256700909,0.9450905167246133,0.9600332068311196,337,8398,8129
53,1,1,0.872140522875817,0.8747450020399837,0.9739837398373984,64,2422,2434
53,2,1,0.9418604651162791,0.9287729196050776,0.9566335476329632,371,8431,8308
54,1,1,0.8276004973062577,0.8238448844884488,0.9798767967145791,49,2405,2416
54,2,1,0.9400560878709979,0.9214914312181566,0.9615295748613678,333,8494,8485
55,1,1,0.8903940886699507,0.884300899427637,0.9748376623376623,62,2431,2435
55,2,1,0.9504615025119757,0.934679197122636,0.9708343016500116,251,8490,8471
56,1,1,0.8349153941394964,0.845123482628715,0.9720394736842105,68,2417,2379
56,2,1,0.9582984824949218,0.9394408090422368,0.9645069080514531,298,8291,8203
57,1,1,0.8600431965442764,0.8625921109666234,0.9831606217616581,39,2301,2292
57,2,1,0.946073679108095,0.9259751237773216,0.9684733842609434,260,8172,8062
58,1,1,0.8063492063492064,0.8024544734758512,0.9745197961583693,65,2518,2519
58,2,1,0.9482176360225141,0.9399376947040499,0.9733830845771144,214,7937,7929
59,1,1,0.7804008908685969,0.7844982078853047,0.97439293598234,58,2243,2229
59,2,1,0.9551955448677383,0.9250314465408805,0.9589717614283906,324,7807,7663
