video,cohort,partition,primary_event_count,di_v1_score,visual_cluster
c2e88575,HARD_POOL,HARD_TEST,23,0.88102564102564107,3
37af9ac1,HARD_POOL,HARD_TEST,11,0.88102564102564096,15
0j354ezu,HARD_POOL,FRESH_DEV,17,0.8684615384615384,2
utyj563j,HARD_POOL,HARD_TEST,2,0.85700854700854701,10
d37e29a7,HARD_POOL,HARD_TEST,7,0.85683760683760679,0
3iu5qznd,HARD_POOL,HARD_TEST,28,0.85367521367521371,2
b30744df,HARD_POOL,HARD_TEST,7,0.84803418803418806,0
3wwwxabv,HARD_POOL,HARD_TEST,29,0.84717948717948721,17
8fa50320,HARD_POOL,HARD_TEST,3,0.84008547008547008,0
414ca58b,HARD_POOL,FRESH_DEV,3,0.83641025641025646,12
cc32235b,HARD_POOL,HARD_TEST,6,0.83034188034188028,12
2fkfe27d,HARD_POOL,HARD_TEST,26,0.82692307692307698,17
e5e9eb29,HARD_POOL,HARD_TEST,2,0.82632478632478623,4
m10d91f4,HARD_POOL,FRESH_DEV,20,0.82478632478632485,14
k9bxt0u7,HARD_POOL,FRESH_DEV,12,0.82076923076923092,17
3mkpwq2r,HARD_POOL,HARD_TEST,21,0.81854700854700846,2
77110e80,HARD_POOL,HARD_TEST,5,0.8176068376068375,0
fbfb6e30,HARD_POOL,FRESH_DEV,6,0.81059829059829058,0
qzerhngx,HARD_POOL,HARD_TEST,6,0.7994017094017094,15
wi9qp1pu,HARD_POOL,FRESH_DEV,4,0.79923076923076919,17
zg417st5,HARD_POOL,HARD_TEST,5,0.79623931623931621,5
5bad0bab,HARD_POOL,HARD_TEST,2,0.79188034188034195,9
l7x9zvsk,HARD_POOL,HARD_TEST,8,0.78367521367521376,3
6f5144b6,HARD_POOL,HARD_TEST,2,0.78179487179487173,0
3kcukszd,HARD_POOL,FRESH_DEV,6,0.78008547008547013,3
e96b9b04,HARD_POOL,HARD_TEST,4,0.77837606837606832,0
2f477d05,HARD_POOL,HARD_TEST,4,0.77717948717948715,15
ytgkeoqd,HARD_POOL,HARD_TEST,3,0.77658119658119662,4
aeq4gg50,HARD_POOL,HARD_TEST,11,0.77623931623931619,2
89fe6899,HARD_POOL,FRESH_DEV,3,0.77555555555555566,0
odfbfy6l,HARD_POOL,HARD_TEST,1,0.7712820512820513,17
60827ada,HARD_POOL,FRESH_DEV,1,0.77094017094017087,15
4se4eppr,HARD_POOL,HARD_TEST,2,0.76581196581196576,4
37b07a28,HARD_POOL,HARD_TEST,8,0.76384615384615384,0
hk6xfpt6,HARD_POOL,FRESH_DEV,7,0.76376068376068373,3
64b89eb5,HARD_POOL,FRESH_DEV,3,0.75829059829059831,1
3b1a4616,HARD_POOL,FRESH_DEV,2,0.75803418803418798,7
epxoelt8,HARD_POOL,FRESH_DEV,6,0.75692307692307703,5
4a7162bd,HARD_POOL,FRESH_DEV,2,0.75641025641025639,4
cbnf9yfu,HARD_POOL,HARD_TEST,6,0.75641025641025639,3
5m4ckpop,HARD_POOL,FRESH_DEV,2,0.75581196581196575,17
smpz2v72,HARD_POOL,HARD_TEST,6,0.75461538461538458,14
adf443e1,HARD_POOL,HARD_TEST,3,0.75299145299145298,7
1d7a23e0,HARD_POOL,HARD_TEST,3,0.74726495726495723,0
82667d52,HARD_POOL,HARD_TEST,8,0.74606837606837606,7
484d48a3,HARD_POOL,FRESH_DEV,3,0.74290598290598298,4
e99bd793,HARD_POOL,HARD_TEST,4,0.74119658119658127,12
6ad44b86,HARD_POOL,HARD_TEST,6,0.74017094017094009,15
5e9412c0,HARD_POOL,HARD_TEST,3,0.73709401709401712,0
4ny5gf5t,HARD_POOL,HARD_TEST,2,0.73666666666666669,11
f6f8b4a6,HARD_POOL,FRESH_DEV,2,0.73641025641025637,0
f9c20062,HARD_POOL,FRESH_DEV,2,0.73478632478632488,12
0d967fd1,HARD_POOL,HARD_TEST,3,0.73452991452991445,16
qjrm0hmj,HARD_POOL,FRESH_DEV,3,0.73076923076923084,9
xmjr1qxh,HARD_POOL,HARD_TEST,1,0.72871794871794882,17
22p90xzq,HARD_POOL,HARD_TEST,28,0.72683760683760679,2
cpllzhnh,HARD_POOL,FRESH_DEV,2,0.72418803418803424,4
xakey307,HARD_POOL,FRESH_DEV,4,0.72188034188034178,18
y4qcghic,HARD_POOL,HARD_TEST,6,0.72170940170940168,19
bbe97d18,HARD_POOL,HARD_TEST,3,0.72076923076923072,9
f6de8226,HARD_POOL,HARD_TEST,2,0.71957264957264955,16
c357gs27,HARD_POOL,HARD_TEST,20,0.71581196581196571,14
23b9a3ea,HARD_POOL,FRESH_DEV,4,0.71521367521367529,16
sfns53bj,HARD_POOL,FRESH_DEV,2,0.71470085470085476,17
63437cf3,HARD_POOL,FRESH_DEV,2,0.71410256410256401,0
c097af8e,HARD_POOL,HARD_TEST,13,0.71307692307692305,9
fdb2e432,HARD_POOL,FRESH_DEV,2,0.71230769230769231,15
214aeac3,HARD_POOL,HARD_TEST,1,0.71145299145299146,0
uwfbhfk4,HARD_POOL,HARD_TEST,26,0.71094017094017092,16
9ap4lfgx,HARD_POOL,HARD_TEST,2,0.71068376068376071,17
sijkcttf,HARD_POOL,HARD_TEST,5,0.7105128205128205,18
cssul0b3,HARD_POOL,HARD_TEST,1,0.71034188034188028,17
429zpaoy,HARD_POOL,HARD_TEST,2,0.71017094017094018,16
t15hnxr3,HARD_POOL,HARD_TEST,8,0.70965811965811965,16
68c879f2,HARD_POOL,HARD_TEST,1,0.70931623931623933,4
a46b7b77,HARD_POOL,FRESH_DEV,2,0.70811965811965805,4
b0ffaf3b,HARD_POOL,FRESH_DEV,2,0.70623931623931635,9
zw325fa4,HARD_POOL,HARD_TEST,4,0.70461538461538464,5
w2bt6b8j,HARD_POOL,HARD_TEST,9,0.70324786324786326,9
fac3378e,HARD_POOL,HARD_TEST,3,0.70247863247863251,16
80a7cf7b,HARD_POOL,HARD_TEST,6,0.70222222222222219,12
02b72b8d,HARD_POOL,FRESH_DEV,2,0.70213675213675208,16
skjvwkeu,HARD_POOL,HARD_TEST,15,0.7006837606837607,2
a95f0aea,HARD_POOL,HARD_TEST,2,0.69905982905982911,12
4795259b,HARD_POOL,HARD_TEST,4,0.69888888888888878,4
2ug2ry5m,HARD_POOL,HARD_TEST,5,0.69854700854700857,18
50qauky1,HARD_POOL,FRESH_DEV,6,0.69829059829059825,19
2982de7a,HARD_POOL,HARD_TEST,2,0.69495726495726495,0
6moh35ox,HARD_POOL,HARD_TEST,2,0.69461538461538463,17
0zvohcp2,HARD_POOL,FRESH_DEV,21,0.69435897435897442,2
7edd8b4f,HARD_POOL,FRESH_DEV,3,0.69435897435897442,0
cm99t7wb,HARD_POOL,FRESH_DEV,2,0.69410256410256399,9
1qx22u2q,HARD_POOL,HARD_TEST,2,0.69401709401709399,3
ru0qwa84,HARD_POOL,HARD_TEST,6,0.69205128205128208,18
53f67585,HARD_POOL,HARD_TEST,1,0.69170940170940165,15
smj60b7y,HARD_POOL,FRESH_DEV,3,0.68854700854700857,7
u6uaftci,HARD_POOL,FRESH_DEV,23,0.68777777777777771,2
f509054f,HARD_POOL,FRESH_DEV,1,0.68726495726495729,15
g06t0xax,HARD_POOL,HARD_TEST,2,0.68658119658119665,5
hi1d4128,HARD_POOL,HARD_TEST,3,0.68538461538461548,19
5bc7ea74,HARD_POOL,FRESH_DEV,2,0.68461538461538463,19
em21z9mn,HARD_POOL,HARD_TEST,2,0.68384615384615377,4
ji42gktw,HARD_POOL,HARD_TEST,12,0.68358974358974367,3
d262b7e4,HARD_POOL,HARD_TEST,9,0.6824786324786325,19
faf7d852,HARD_POOL,HARD_TEST,2,0.6824786324786325,9
3b19c5c3,HARD_POOL,HARD_TEST,1,0.68162393162393164,0
82df0888,HARD_POOL,HARD_TEST,1,0.68059829059829058,12
a658e949,HARD_POOL,FRESH_DEV,1,0.67991452991452994,0
e1c48bdd,HARD_POOL,HARD_TEST,2,0.67880341880341877,15
93e22d48,HARD_POOL,HARD_TEST,2,0.67820512820512824,9
e3dcd186,HARD_POOL,HARD_TEST,2,0.67547008547008547,16
06z6pse9,HARD_POOL,HARD_TEST,2,0.67478632478632483,4
6nnkxfh7,HARD_POOL,FRESH_DEV,6,0.67461538461538473,3
ttbio1rh,HARD_POOL,HARD_TEST,4,0.67418803418803419,3
aourmvs1,HARD_POOL,HARD_TEST,3,0.67410256410256408,4
662a1846,HARD_POOL,FRESH_DEV,13,0.67299145299145313,16
o24kh44u,HARD_POOL,HARD_TEST,2,0.67282051282051281,4
9ee59f51,HARD_POOL,HARD_TEST,2,0.67170940170940185,1
mn4s0gi8,HARD_POOL,FRESH_DEV,26,0.67051282051282057,3
pp6xneq2,HARD_POOL,HARD_TEST,5,0.6694017094017094,7
