frame_idx,object_id,exact_equal,xor_px,batched_vs_singleton_mask_iou,target_visible,batched_target_iou,singleton_target_iou
0,1,1,0,1.0,1,0.984882005899705,0.984882005899705
0,2,1,0,1.0,1,0.984251968503937,0.984251968503937
1,1,0,2,0.9996287358455541,1,0.9407578722647216,0.940412664532195
1,2,0,3,0.9994232987312572,1,0.9466742038816657,0.9468726450640542
2,1,0,4,0.999326259053394,1,0.921740569159497,0.9214486522242434
2,2,0,2,0.9996013553916683,1,0.9596116504854368,0.9596116504854368
3,1,0,4,0.9993624481989162,1,0.8708817069344211,0.8703355283788021
3,2,0,230,0.9589725294327506,1,0.9387466902030008,0.9473398479913138
4,1,0,2,0.9996455157745481,1,0.9039164490861619,0.9036018792413433
4,2,0,28,0.994574694826584,1,0.9405099150141643,0.9432960364119097
5,1,0,7,0.9987586451498492,1,0.8776586394796977,0.8765800561797753
5,2,0,204,0.9587378640776699,1,0.9209580838323354,0.9422799422799423
6,1,0,7,0.9987226277372263,1,0.8529624277456648,0.852112676056338
6,2,0,23,0.9948442053351266,1,0.7999147666737695,0.7989327641408751
7,1,0,10,0.9980472563952353,1,0.8730401529636711,0.8737808376362594
7,2,0,167,0.9538419016030957,1,0.8697446479236524,0.8553147035779577
8,1,0,2,0.9996113486202876,1,0.897455374097987,0.897455374097987
8,2,0,32,0.9870340356564019,1,0.6744186046511628,0.6779055930186434
9,1,0,3,0.999409681227863,1,0.9419616947185142,0.9421439628482973
9,2,0,11,0.9925322471147319,1,0.695368558382257,0.6981627296587927
10,1,0,5,0.9990910743501181,1,0.8658976207642394,0.8660295708618825
10,2,0,11,0.9911929543634908,1,0.3670498084291188,0.3691119691119691
11,1,0,8,0.9985595966870724,1,0.8847445642566731,0.8841603390429101
11,2,0,5,0.9956559513466551,1,0.2751504729148753,0.2763385146804836
12,1,1,0,1.0,1,0.8789493019838354,0.8789493019838354
12,2,0,8,0.9941860465116279,1,0.05167394468704512,0.051824817518248176
13,1,0,10,0.9980260560600079,1,0.857225656877898,0.8575570158484731
13,2,0,10,0.9947312961011591,1,0.2566502463054187,0.25766567754698316
14,1,0,2,0.9996296296296296,1,0.8879045380582173,0.8879045380582173
14,2,0,7,0.9971533143554291,1,0.4176081028437865,0.4185502727981294
15,1,0,6,0.9987714987714987,1,0.8825742574257426,0.8829471182412358
15,2,0,6,0.9973190348525469,1,0.4763042612504978,0.47668393782383417
16,1,0,14,0.9970476592155209,1,0.795598125127369,0.7971399387129724
16,2,0,5,0.9984539270253556,1,0.7319619281547436,0.7317372621240025
17,1,0,6,0.9985397907033341,1,0.8517641487094483,0.85260663507109
17,2,0,6,0.998393144081414,1,0.891229005598507,0.891229005598507
18,1,0,5,0.9987831589194451,1,0.8658967711524864,0.8652532391048292
18,2,0,4,0.999121072291804,1,0.8432929377350606,0.8429734808937147
19,1,0,2,0.9994275901545506,1,0.851551579535924,0.8515930687534936
19,2,0,7,0.9984779299847792,1,0.7970749542961609,0.797684338817794
20,1,0,4,0.9983673469387755,1,0.5672920065252854,0.5677551020408164
20,2,0,15,0.9967728055077453,1,0.7141710156563629,0.7132264529058117
21,1,1,0,1.0,0,,
21,2,0,6,0.9985155863433943,1,0.647674652707872,0.6479355488418933
22,1,1,0,1.0,0,,
22,2,0,10,0.997883149872989,1,0.6569592287607954,0.6558923910861273
23,1,1,0,1.0,0,,
23,2,0,3,0.999194847020934,1,0.6575700047460845,0.6570208728652751
24,1,1,0,1.0,0,,
24,2,0,9,0.9975369458128078,1,0.6024319323288395,0.6028049748610743
25,1,1,0,1.0,0,,
25,2,0,9,0.9976421273251245,1,0.612340536318667,0.6115444617784711
26,1,1,0,1.0,0,,
26,2,0,7,0.9981373070782331,1,0.6170655567117586,0.6166839916839917
27,1,1,0,1.0,0,,
27,2,0,6,0.9985754985754985,1,0.7447983014861995,0.7444821731748726
28,1,1,0,1.0,0,,
28,2,0,2,0.9995653118887199,1,0.7502495508085446,0.7502994011976047
29,1,1,0,1.0,0,,
29,2,1,0,1.0,1,0.7010460634978896,0.7010460634978896
30,1,1,0,1.0,0,,
30,2,0,4,0.9992965177629265,1,0.8413889373582272,0.8410954125239839
31,1,1,0,1.0,0,,
31,2,0,3,0.9995180722891567,1,0.9041533546325878,0.9037202618553409
32,1,1,0,1.0,0,,
32,2,0,5,0.9992825369493471,1,0.9404949220426262,0.9398141529664046
33,1,1,0,1.0,0,,
33,2,0,326,0.9575354956363162,1,0.9391691394658753,0.9139546992970581
34,1,1,0,1.0,0,,
34,2,0,43,0.9947580153602341,1,0.873056677683927,0.8696076041920546
35,1,1,0,1.0,0,,
35,2,0,36,0.995791934541204,1,0.9265325222274217,0.9244402985074627
36,1,1,0,1.0,0,,
36,2,0,44,0.9949788885085017,1,0.921458785869441,0.918811204736962
37,1,1,0,1.0,0,,
37,2,0,17,0.9981263088283919,1,0.9058602803222602,0.9041639127561136
38,1,1,0,1.0,0,,
38,2,0,20,0.9978312730427239,1,0.8992180712423979,0.8972691807542262
39,1,0,200,0.6569468267581475,0,,
39,2,0,49,0.9946889226100152,1,0.9091007819287577,0.9048957094996217
40,1,0,308,0.6589147286821705,0,,
40,2,0,19,0.9979216801575148,1,0.89030999349664,0.8919417897480452
41,1,0,38,0.9666080843585237,1,0.7274107820804859,0.7228549734244495
41,2,0,10,0.9988708220415538,1,0.9036661026508742,0.9042781352297099
42,1,0,36,0.9772151898734177,1,0.7894137734775185,0.7901861252115059
42,2,0,10,0.9988305461349549,1,0.9230769230769231,0.9237050863275782
43,1,0,227,0.9075356415478615,1,0.8717518860016764,0.8674890569040987
43,2,0,11,0.9987012987012988,1,0.9236184442097853,0.9243687610099823
44,1,0,98,0.96362286562732,1,0.8509293680297397,0.8372598767669446
44,2,0,16,0.9980947844724934,1,0.9376262326244506,0.9387196573060448
45,1,0,50,0.9836814621409922,1,0.8338794233289646,0.8256493506493506
45,2,0,28,0.9966277249187041,1,0.9401082381238726,0.9423471233868049
46,1,0,45,0.9849548645937813,1,0.8276788713469936,0.8193291265360345
46,2,0,13,0.9984367484367485,1,0.9467931779966371,0.9478177227365636
47,1,0,38,0.9873837981407703,1,0.8339960238568589,0.826215505913272
47,2,0,10,0.9988061127029608,1,0.9427485449578334,0.9436519258202568
48,1,0,47,0.983485593815882,1,0.8777307963354475,0.8686131386861314
48,2,0,11,0.9986901643248393,1,0.9387222946544981,0.9399549068470393
49,1,0,43,0.9848002827854365,1,0.8791325986491291,0.8672039243167484
49,2,0,9,0.9989209926867282,1,0.9394190871369295,0.9399620313241576
50,1,0,27,0.9904323175053154,1,0.781895937277263,0.7750706214689266
50,2,0,11,0.9986892278360343,1,0.9406950539675009,0.9407855701910526
51,1,0,83,0.9711905588337383,1,0.8097014925373134,0.811371237458194
51,2,0,16,0.9980803839232154,1,0.9559156439890385,0.9572741377252656
52,1,0,53,0.9791009463722398,1,0.8562898089171974,0.8472385428907168
52,2,0,22,0.9973803286496785,1,0.9474554256700909,0.9483084930210551
53,1,0,55,0.9777957206297941,1,0.872140522875817,0.8581730769230769
53,2,0,20,0.9976278021587001,1,0.9418604651162791,0.9429344628779857
54,1,0,51,0.9792345276872965,1,0.8276004973062577,0.8134146341463414
54,2,0,25,0.9970570924072985,1,0.9400560878709979,0.9412246809507083
55,1,0,54,0.9782433521353747,1,0.8903940886699507,0.8746978243352136
55,2,0,17,0.99799788010835,1,0.9504615025119757,0.951673297449099
56,1,0,31,0.9873314262362076,1,0.8349153941394964,0.8250407830342578
56,2,0,10,0.9987940183309214,1,0.9582984824949218,0.9592154048558785
57,1,0,34,0.9854389721627409,1,0.8600431965442764,0.8491691521090754
57,2,0,18,0.9977976263306008,1,0.946073679108095,0.9467297658051207
58,1,0,47,0.9816692667706708,1,0.8063492063492064,0.7936012485368709
58,2,0,5,0.9993701184177375,1,0.9482176360225141,0.9485735735735735
59,1,0,26,0.988541207580432,1,0.7804008908685969,0.7722466960352423
59,2,0,7,0.9991034836065574,1,0.9551955448677383,0.9550576022281302
