frame_idx,frame_score,tau,action,n_objects,n_finite_objects,global_present_before,global_present_after,per_object_present_before,per_object_present_after,global_bank_size_before,global_bank_size_after,frames_already_tracked_retained
1,0.8985691796170835,0.5,ADMIT,2,2,,,,,,,
2,0.903812812686654,0.5,ADMIT,2,2,,,,,,,
3,0.9283949599939608,0.5,ADMIT,2,2,,,,,,,
4,0.9862040228010219,0.5,ADMIT,2,2,,,,,,,
5,0.9037685247377116,0.5,ADMIT,2,2,,,,,,,
6,0.8241898274597604,0.5,ADMIT,2,2,,,,,,,
7,0.8600565297627463,0.5,ADMIT,2,2,,,,,,,
8,0.18859612908645595,0.5,BLOCK,2,2,1,0,2,0,8,7,1
9,0.011098433453440637,0.5,BLOCK,2,2,1,0,2,0,8,7,1
10,0.02522545591867298,0.5,BLOCK,2,2,1,0,2,0,8,7,1
11,0.4451630841187102,0.5,BLOCK,2,2,1,0,2,0,8,7,1
12,0.026172405595998538,0.5,BLOCK,2,2,1,0,2,0,8,7,1
13,0.1577779142297202,0.5,BLOCK,2,2,1,0,2,0,8,7,1
14,0.21777728733383894,0.5,BLOCK,2,2,1,0,2,0,8,7,1
15,0.22473963634876093,0.5,BLOCK,2,2,1,0,2,0,8,7,1
16,0.013010542406500014,0.5,BLOCK,2,2,1,0,2,0,8,7,1
17,0.19073249789132662,0.5,BLOCK,2,2,1,0,2,0,8,7,1
18,0.6058828192282742,0.5,ADMIT,2,2,,,,,,,
19,0.24390221565513226,0.5,BLOCK,2,2,1,0,2,0,9,8,1
20,0.2502650321727753,0.5,BLOCK,2,2,1,0,2,0,9,8,1
21,0.010052915560522013,0.5,BLOCK,2,2,1,0,2,0,9,8,1
22,0.0,0.5,BLOCK,2,1,1,0,2,0,9,8,1
23,0.0,0.5,BLOCK,2,1,1,0,2,0,9,8,1
24,0.0,0.5,BLOCK,2,1,1,0,2,0,9,8,1
25,0.0,0.5,BLOCK,2,1,1,0,2,0,9,8,1
26,0.0,0.5,BLOCK,2,1,1,0,2,0,9,8,1
27,0.0,0.5,BLOCK,2,1,1,0,2,0,9,8,1
28,0.0,0.5,BLOCK,2,1,1,0,2,0,9,8,1
29,0.0,0.5,BLOCK,2,1,1,0,2,0,9,8,1
30,0.0,0.5,BLOCK,2,1,1,0,2,0,9,8,1
31,0.0,0.5,BLOCK,2,1,1,0,2,0,9,8,1
32,0.0,0.5,BLOCK,2,1,1,0,2,0,9,8,1
33,0.0,0.5,BLOCK,2,1,1,0,2,0,9,8,1
34,0.0,0.5,BLOCK,2,1,1,0,2,0,9,8,1
35,0.005609505471429355,0.5,BLOCK,2,2,1,0,2,0,9,8,1
36,0.004613837896183193,0.5,BLOCK,2,2,1,0,2,0,9,8,1
37,0.006601493289254412,0.5,BLOCK,2,2,1,0,2,0,9,8,1
38,0.003994399075304411,0.5,BLOCK,2,2,1,0,2,0,9,8,1
39,0.0028389628276016543,0.5,BLOCK,2,2,1,0,2,0,9,8,1
40,0.0005772686428703322,0.5,BLOCK,2,2,1,0,2,0,9,8,1
41,0.12359713823238672,0.5,BLOCK,2,2,1,0,2,0,9,8,1
42,0.23802531329121834,0.5,BLOCK,2,2,1,0,2,0,9,8,1
43,0.31568875673585706,0.5,BLOCK,2,2,1,0,2,0,9,8,1
44,0.4247282524310343,0.5,BLOCK,2,2,1,0,2,0,9,8,1
45,0.4899582688808858,0.5,BLOCK,2,2,1,0,2,0,9,8,1
46,0.5089506810422522,0.5,ADMIT,2,2,,,,,,,
47,0.8719579571615967,0.5,ADMIT,2,2,,,,,,,
48,0.8557011955636273,0.5,ADMIT,2,2,,,,,,,
49,0.6784979669478522,0.5,ADMIT,2,2,,,,,,,
50,0.6720848544362734,0.5,ADMIT,2,2,,,,,,,
51,0.5767887233893196,0.5,ADMIT,2,2,,,,,,,
52,0.55818822480017,0.5,ADMIT,2,2,,,,,,,
53,0.4606744818710211,0.5,BLOCK,2,2,1,0,2,0,16,15,1
54,0.6258772232678796,0.5,ADMIT,2,2,,,,,,,
55,0.4567709450619297,0.5,BLOCK,2,2,1,0,2,0,17,16,1
56,0.47301389870819965,0.5,BLOCK,2,2,1,0,2,0,17,16,1
57,0.38253120444392863,0.5,BLOCK,2,2,1,0,2,0,17,16,1
58,0.4020263117906576,0.5,BLOCK,2,2,1,0,2,0,17,16,1
59,0.24893463639971924,0.5,BLOCK,2,2,1,0,2,0,17,16,1
