frame_idx,object_id,mask_conf_iou_head,occ_score_logit,pred_area_px,area_norm,frame0_anchor_area_px,area_ratio_anchor,temporal_iou_prev,feature_finite,q_iou,q_obj,q_conf,q_area,q_temp,b1_score,missing_policy
1,1,0.9296875,9.1875,5386,0.005844184027777778,5386,1.0,0.8104201680672269,1,0.9296875,0.9998977001452741,0.9295923931038096,1.0,0.8104201680672269,0.8104201680672269,
1,2,0.9453125,9.125,5199,0.005641276041666666,5423,0.9586944495666605,0.521994555093853,1,0.9453125,0.9998911030899734,0.9452095583897405,0.9586944495666605,0.521994555093853,0.521994555093853,
2,1,0.92578125,9.4375,5933,0.006437717013888889,5386,1.1015595989602673,0.6107869645652483,1,0.92578125,0.9999203269901391,0.9257074902213397,0.9078038092027643,0.6107869645652483,0.6107869645652483,
2,2,0.94921875,8.6875,5016,0.005442708333333333,5423,0.9249492900608519,0.2645456796236692,1,0.94921875,0.9998313472460109,0.9490586616436744,0.9249492900608519,0.2645456796236692,0.2645456796236692,
3,1,0.91796875,9.375,6148,0.006671006944444445,5386,1.1414779056813962,0.5942201108471893,1,0.91796875,0.9999151889582765,0.9178908961140428,0.8760572543916721,0.5942201108471893,0.5942201108471893,
3,2,0.94140625,8.125,5593,0.0060687934027777776,5423,1.031347962382445,0.3142963330029732,1,0.94140625,0.999704042886487,0.9411276341236069,0.9696048632218845,0.3142963330029732,0.3142963330029732,
4,1,0.90234375,9.25,6151,0.006674262152777778,5386,1.1420349053100631,0.6548708288482239,1,0.90234375,0.9999038975845005,0.9022570325860141,0.8756299788652252,0.6548708288482239,0.6548708288482239,
4,2,0.91796875,7.8125,5105,0.005539279513888889,5423,0.9413608703669556,0.2646884974583284,1,0.91796875,0.9995955185021579,0.9175974486250278,0.9413608703669556,0.2646884974583284,0.2646884974583284,
5,1,0.8828125,10.0625,5820,0.006315104166666667,5386,1.0805792796138136,0.6754373687893632,1,0.8828125,0.9999573525318144,0.8827748502819924,0.9254295532646047,0.6754373687893632,0.6754373687893632,
5,2,0.92578125,7.5,4744,0.005147569444444444,5423,0.8747925502489396,0.3126749300279888,1,0.92578125,0.9994472213630764,0.9252694979025355,0.8747925502489396,0.3126749300279888,0.3126749300279888,
6,1,0.88671875,10.0625,5486,0.005952690972222222,5386,1.0185666542888971,0.628168202764977,1,0.88671875,0.9999573525318144,0.8866809336903198,0.98177178271965,0.628168202764977,0.628168202764977,
6,2,0.91796875,7.4375,4427,0.004803602430555555,5423,0.8163378203946156,0.45872435183712423,1,0.91796875,0.9994115911814431,0.9174286090923404,0.8163378203946156,0.45872435183712423,0.45872435183712423,
7,1,0.88671875,9.4375,5513,0.005981987847222222,5386,1.0235796509468993,0.6841218802633594,1,0.88671875,0.9999203269901391,0.8866481024482874,0.97696354072193,0.6841218802633594,0.6841218802633594,
7,2,0.89453125,6.5625,3451,0.0037445746527777777,5423,0.6363636363636364,0.5966761248479935,1,0.89453125,0.9985896415033819,0.8932696402510721,0.6363636363636364,0.5966761248479935,0.5966761248479935,
8,1,0.890625,10.1875,5739,0.006227213541666667,5386,1.065540289639807,0.6986714975845411,1,0.890625,0.9999623635528191,0.8905914800392295,0.938491026311204,0.6986714975845411,0.6986714975845411,
8,2,0.8203125,6.1875,2388,0.0025911458333333333,5423,0.4403466715839941,0.42449377897048063,1,0.8203125,0.9979492564600826,0.8186302494399115,0.4403466715839941,0.42449377897048063,0.42449377897048063,
9,1,0.8828125,10.1875,5602,0.006078559027777777,5386,1.0401039732640178,0.7126245847176079,1,0.8828125,0.9999623635528191,0.882779274073973,0.9614423420207069,0.7126245847176079,0.7126245847176079,
9,2,0.796875,4.28125,1564,0.0016970486111111112,5423,0.2884012539184953,0.40590537175382424,1,0.796875,0.9863631647185701,0.7860081468851106,0.2884012539184953,0.40590537175382424,0.2884012539184953,
10,1,0.875,10.0625,5428,0.005889756944444445,5386,1.0077979948013367,0.6551620648259304,1,0.875,0.9999573525318144,0.8749626834653376,0.992262343404569,0.6551620648259304,0.6551620648259304,
10,2,0.80078125,4.28125,1119,0.0012141927083333334,5423,0.20634335238797713,0.34959758551307846,1,0.80078125,0.9863631647185701,0.7898611279972925,0.20634335238797713,0.34959758551307846,0.20634335238797713,
11,1,0.88671875,8.875,5325,0.005777994791666667,5386,0.9886743408837727,0.5939816187370294,1,0.88671875,0.9998601779243528,0.8865947671438597,0.9886743408837727,0.5939816187370294,0.5939816187370294,
11,2,0.7109375,3.328125,1340,0.0014539930555555556,5423,0.2470957034851558,0.45159386068476975,1,0.7109375,0.9653811611608242,0.6863256692627734,0.2470957034851558,0.45159386068476975,0.2470957034851558,
12,1,0.875,8.8125,5070,0.005501302083333334,5386,0.941329372447085,0.6447784810126582,1,0.875,0.999851161517427,0.8748697663277487,0.941329372447085,0.6447784810126582,0.6447784810126582,
12,2,0.71484375,3.953125,1217,0.0013205295138888889,5423,0.22441453070256315,0.1887494188749419,1,0.71484375,0.9811668701095654,0.7013810048048846,0.22441453070256315,0.1887494188749419,0.1887494188749419,
13,1,0.890625,8.75,5451,0.005914713541666667,5386,1.0120683252877831,0.6584174022698613,1,0.890625,0.9998415637808975,0.8904838927423618,0.9880755824619336,0.6584174022698613,0.6584174022698613,
13,2,0.7734375,4.46875,1902,0.0020638020833333333,5423,0.35072837912594507,0.49091778202676867,1,0.7734375,0.9886682464686385,0.7646730968780876,0.35072837912594507,0.49091778202676867,0.35072837912594507,
14,1,0.8984375,9.25,5450,0.005913628472222222,5386,1.0118826587448941,0.6135287152161042,1,0.8984375,0.9999038975845005,0.8983511579860747,0.988256880733945,0.6135287152161042,0.6135287152161042,
14,2,0.7578125,5.53125,2331,0.002529296875,5423,0.42983588419693897,0.3965687891784889,1,0.7578125,0.9960545931933981,0.754822621404372,0.42983588419693897,0.3965687891784889,0.3965687891784889,
15,1,0.90234375,8.9375,4797,0.005205078125,5386,0.8906424062383959,0.518074074074074,1,0.90234375,0.9998686482029348,0.9022252255268669,0.8906424062383959,0.518074074074074,0.518074074074074,
15,2,0.76171875,6.53125,2309,0.0025054253472222223,5423,0.4257790890650931,0.47770700636942676,1,0.76171875,0.9985449370614672,0.7606104012772894,0.4257790890650931,0.47770700636942676,0.4257790890650931,
16,1,0.8828125,8.9375,4479,0.004860026041666667,5386,0.8316004455997029,0.4414918414918415,1,0.8828125,0.9998686482029348,0.8826965409916533,0.8316004455997029,0.4414918414918415,0.4414918414918415,
16,2,0.828125,6.96875,3304,0.0035850694444444445,5423,0.6092568688917573,0.5040192926045016,1,0.828125,0.9990600561193372,0.8273466089738262,0.6092568688917573,0.5040192926045016,0.5040192926045016,
17,1,0.859375,8.125,4179,0.0045345052083333335,5386,0.7759004827330115,0.5173501577287066,1,0.859375,0.999704042886487,0.8591206618555747,0.7759004827330115,0.5173501577287066,0.5173501577287066,
17,2,0.8671875,7.125,3466,0.0037608506944444443,5423,0.6391296330444404,0.5261496844003607,1,0.8671875,0.9991959140643708,0.8664902067276966,0.6391296330444404,0.5261496844003607,0.5261496844003607,
18,1,0.8671875,8.375,4459,0.004838324652777778,5386,0.8278871147419236,0.5623078314342558,1,0.8671875,0.9997694932780068,0.8669876074520215,0.8278871147419236,0.5623078314342558,0.5623078314342558,
18,2,0.8828125,8.6875,4268,0.004631076388888889,5423,0.7870182555780934,0.6278678173016207,1,0.8828125,0.9998313472460109,0.882663611240619,0.7870182555780934,0.6278678173016207,0.6278678173016207,
19,1,0.84375,7.96875,3509,0.0038075086805555557,5386,0.6515038989974007,0.5352601156069364,1,0.84375,0.9996540083968218,0.8434580695848184,0.6515038989974007,0.5352601156069364,0.5352601156069364,
19,2,0.86328125,8.6875,4269,0.004632161458333333,5423,0.7872026553568136,0.5930210860235119,1,0.86328125,0.9998313472460109,0.8631356552397204,0.7872026553568136,0.5930210860235119,0.5930210860235119,
20,1,0.7421875,4.15625,2380,0.0025824652777777777,5386,0.44188637207575193,0.5053680981595092,1,0.7421875,0.9845754479181588,0.7307395902517585,0.44188637207575193,0.5053680981595092,0.44188637207575193,
20,2,0.8359375,8.125,4158,0.00451171875,5423,0.7667342799188641,0.608206106870229,1,0.8359375,0.999704042886487,0.8356900983504227,0.7667342799188641,0.608206106870229,0.608206106870229,
21,1,0.58984375,1.3984375,716,0.0007769097222222222,5386,0.13293724470850352,0.1411721341688168,1,0.58984375,0.801935826331075,0.47301683506247,0.13293724470850352,0.1411721341688168,0.13293724470850352,
21,2,0.80859375,7.40625,3877,0.004206814236111111,5423,0.7149179420984695,0.5086368757040931,1,0.80859375,0.9993929244195585,0.8081028724798774,0.7149179420984695,0.5086368757040931,0.5086368757040931,
22,1,0.69140625,0.1865234375,298,0.00032335069444444447,5386,0.05532862978091348,0.3237597911227154,1,0.69140625,0.5464961335891587,0.37785084236437927,0.05532862978091348,0.3237597911227154,0.05532862978091348,
22,2,0.80859375,6.53125,4271,0.004634331597222222,5423,0.7875714549142541,0.5849056603773585,1,0.80859375,0.9985449370614672,0.8074171952020457,0.7875714549142541,0.5849056603773585,0.5849056603773585,
23,1,0.625,0.3203125,184,0.0001996527777777778,5386,0.03416264389157074,0.5960264900662252,1,0.625,0.579400408904987,0.36212525556561687,0.03416264389157074,0.5960264900662252,0.03416264389157074,
23,2,0.78125,7.09375,3784,0.004105902777777778,5423,0.6977687626774848,0.6516301004716014,1,0.78125,0.9991704108116409,0.7806018834465944,0.6977687626774848,0.6516301004716014,0.6516301004716014,
24,1,6.314393452555578e-16,-2.046875,0,0.0,5386,0.0,0.0,1,6.314393452555578e-16,0.1143685261818125,7.22167872900868e-17,0.0,0.0,0.0,
24,2,0.7890625,7.15625,3386,0.003674045138888889,5423,0.6243776507468191,0.6396066773382117,1,0.7890625,0.9992206339069791,0.7884475314422257,0.6243776507468191,0.6396066773382117,0.6243776507468191,
25,1,3.774403012357652e-11,-1.875,0,0.0,5386,0.0,,0,,,,,,0.0,FAIL_CLOSED
25,2,0.8125,6.28125,3539,0.003840060763888889,5423,0.6525908168910197,0.7277944111776448,1,0.8125,0.9981324340221067,0.8109826026429617,0.6525908168910197,0.7277944111776448,0.6525908168910197,
26,1,4.172325134277344e-07,-1.359375,0,0.0,5386,0.0,,0,,,,,,0.0,FAIL_CLOSED
26,2,0.8046875,6.65625,3739,0.004057074652777778,5423,0.6894707726350728,0.7742564602632862,1,0.8046875,0.9987156918798661,0.8036540333095797,0.6894707726350728,0.7742564602632862,0.6894707726350728,
27,1,2.574980159653073e-18,-2.125,0,0.0,5386,0.0,,0,,,,,,0.0,FAIL_CLOSED
27,2,0.8359375,6.84375,3778,0.004099392361111111,5423,0.6966623640051632,0.8048019207683074,1,0.8359375,0.9989350373279441,0.8350472577663283,0.6966623640051632,0.8048019207683074,0.6966623640051632,
28,1,1.3499587596865412e-20,-2.09375,0,0.0,5386,0.0,,0,,,,,,0.0,FAIL_CLOSED
28,2,0.8515625,6.15625,4462,0.004841579861111111,5423,0.8227918126498248,0.7588046958377801,1,0.8515625,0.9978842965994068,0.8497608463229324,0.8227918126498248,0.7588046958377801,0.7588046958377801,
29,1,9.486769009248164e-19,-2.25,0,0.0,5386,0.0,,0,,,,,,0.0,FAIL_CLOSED
29,2,0.859375,6.59375,4905,0.005322265625,5423,0.9044809146229025,0.7989245246783176,1,0.859375,0.9986329743543437,0.8582002123357642,0.9044809146229025,0.7989245246783176,0.7989245246783176,
30,1,6.139231108792002e-25,-2.828125,0,0.0,5386,0.0,,0,,,,,,0.0,FAIL_CLOSED
30,2,0.90234375,7.0,5553,0.006025390625,5423,1.0239719712336346,0.7858606557377049,1,0.90234375,0.9990889488055994,0.9015216686488026,0.9765892310462813,0.7858606557377049,0.7858606557377049,
31,1,3.268496584496461e-13,-1.8203125,0,0.0,5386,0.0,,0,,,,,,0.0,FAIL_CLOSED
31,2,0.91015625,6.9375,5664,0.006145833333333333,5423,1.044440346671584,0.8310479921645446,1,0.91015625,0.9990302480322174,0.9092736241855729,0.9574505649717515,0.8310479921645446,0.8310479921645446,
32,1,5.44811591673966e-18,-2.296875,0,0.0,5386,0.0,,0,,,,,,0.0,FAIL_CLOSED
32,2,0.94140625,5.78125,6491,0.007043185763888889,5423,1.1969389636732435,0.834993961352657,1,0.94140625,0.9969246301499518,0.9385110776021031,0.8354644892928671,0.834993961352657,0.834993961352657,
33,1,4.9763185651190145e-21,-2.5,0,0.0,5386,0.0,,0,,,,,,0.0,FAIL_CLOSED
33,2,0.9375,6.28125,7048,0.007647569444444445,5423,1.2996496404204314,0.8521203830369357,1,0.9375,0.9981324340221067,0.935749156895725,0.7694381384790012,0.8521203830369357,0.7694381384790012,
34,1,7.66053886991358e-15,-1.7578125,0,0.0,5386,0.0,,0,,,,,,0.0,FAIL_CLOSED
34,2,0.921875,7.15625,7204,0.007816840277777778,5423,1.328416005900793,0.8926958831341302,1,0.921875,0.9992206339069791,0.9211565218829963,0.752776235424764,0.8926958831341302,0.752776235424764,
35,1,0.353515625,-0.0732421875,0,0.0,5386,0.0,,0,,,,,,0.0,FAIL_CLOSED
35,2,0.9140625,7.84375,7967,0.008644748263888889,5423,1.4691130370643555,0.8514766902611667,1,0.9140625,0.9996079582107623,0.9137041493020249,0.6806828166185516,0.8514766902611667,0.6806828166185516,
36,1,0.466796875,0.375,452,0.0004904513888888889,5386,0.08392127738581508,0.0,1,0.466796875,0.5926665999540697,0.27665491677543486,0.08392127738581508,0.0,0.0,
36,2,0.921875,8.0,7595,0.008241102430555555,5423,1.4005163193804167,0.8608154968312807,1,0.921875,0.9996646498695336,0.9215658490984763,0.7140223831468071,0.8608154968312807,0.7140223831468071,
37,1,0.349609375,0.294921875,375,0.0004069010416666667,5386,0.06962495358336428,0.27426810477657937,1,0.349609375,0.5732006601591959,0.20039632454784387,0.06962495358336428,0.27426810477657937,0.06962495358336428,
37,2,0.9296875,7.875,8003,0.008683810763888888,5423,1.4757514290982852,0.8646742378959952,1,0.9296875,0.999620015485248,0.9293342331464415,0.677620892165438,0.8646742378959952,0.677620892165438,
38,1,0.357421875,0.091796875,531,0.000576171875,5386,0.09858893427404382,0.4612903225806452,1,0.357421875,0.522933116867772,0.1869077351304732,0.09858893427404382,0.4612903225806452,0.09858893427404382,
38,2,0.921875,8.0,8075,0.008761935763888888,5423,1.4890282131661443,0.9033976559725346,1,0.921875,0.9996646498695336,0.9215658490984763,0.671578947368421,0.9033976559725346,0.671578947368421,
39,1,0.44921875,0.55859375,614,0.0006662326388888888,5386,0.11399925733382844,0.29086809470124014,1,0.44921875,0.6361270987720502,0.2857602201515069,0.11399925733382844,0.29086809470124014,0.11399925733382844,
39,2,0.9140625,7.6875,8436,0.009153645833333333,5423,1.5555965332841601,0.8861092072195568,1,0.9140625,0.999541687099365,0.9136435733642633,0.6428402086296823,0.8861092072195568,0.6428402086296823,
40,1,0.435546875,-0.060302734375,0,0.0,5386,0.0,0.0,1,0.435546875,0.4849288832050702,0.21120925967720833,0.0,0.0,0.0,
40,2,0.921875,8.125,7924,0.008598090277777777,5423,1.461183846579384,0.8593021934310717,1,0.921875,0.999704042886487,0.9216021645359802,0.6843765774861181,0.8593021934310717,0.6843765774861181,
41,1,0.70703125,3.1875,1248,0.0013541666666666667,5386,0.2317118455254363,0.0,1,0.70703125,0.96036116089903,0.6790053520418923,0.2317118455254363,0.0,0.0,
41,2,0.92578125,8.3125,8200,0.008897569444444444,5423,1.5120781855061773,0.8588886326954116,1,0.92578125,0.9997546305194572,0.9255540915355913,0.6613414634146342,0.8588886326954116,0.6613414634146342,
42,1,0.7578125,4.40625,1521,0.001650390625,5386,0.2823988117341255,0.6751361161524501,1,0.7578125,0.9879462204837635,0.7486779952103519,0.2823988117341255,0.6751361161524501,0.2823988117341255,
42,2,0.921875,8.3125,8058,0.008743489583333333,5423,1.4858934169278997,0.878668823665357,1,0.921875,0.9997546305194572,0.9216488000101246,0.6729957805907173,0.878668823665357,0.6729957805907173,
43,1,0.84765625,4.59375,2305,0.0025010850694444442,5386,0.4279613813590791,0.6211864406779661,1,0.84765625,0.9899864293768268,0.8391681842764508,0.4279613813590791,0.6211864406779661,0.4279613813590791,
43,2,0.94140625,8.5,7806,0.008470052083333334,5423,1.4394246726903928,0.8994252873563219,1,0.94140625,0.9997965730219448,0.9412147425714402,0.6947220087112478,0.8994252873563219,0.6947220087112478,
44,1,0.85546875,4.40625,2634,0.0028580729166666667,5386,0.4890456739695507,0.6742372881355932,1,0.85546875,0.9879462204837635,0.8451571183044695,0.4890456739695507,0.6742372881355932,0.4890456739695507,
44,2,0.92578125,7.84375,7809,0.008473307291666666,5423,1.4399778720265535,0.8756756756756757,1,0.92578125,0.9996079582107623,0.9254183050623073,0.6944551158919197,0.8756756756756757,0.6944551158919197,
45,1,0.8671875,4.90625,3082,0.003344184027777778,5386,0.5722242851838099,0.6816710797293322,1,0.8671875,0.9926541734255229,0.8608172910174456,0.5722242851838099,0.6816710797293322,0.5722242851838099,
45,2,0.93359375,7.75,7898,0.008569878472222223,5423,1.4563894523326573,0.9319803198031981,1,0.93359375,0.9995694429186754,0.9331917845998572,0.6866295264623955,0.9319803198031981,0.6866295264623955,
46,1,0.85546875,6.28125,3070,0.0033311631944444443,5386,0.5699962866691423,0.6361702127659574,1,0.85546875,0.9981324340221067,0.8538711056673491,0.5699962866691423,0.6361702127659574,0.5699962866691423,
46,2,0.94140625,9.25,7937,0.008612196180555556,5423,1.4635810437027477,0.9379512911516338,1,0.94140625,0.9999038975845005,0.9413157785854087,0.6832556381504347,0.9379512911516338,0.6832556381504347,
47,1,0.83984375,6.46875,2913,0.003160807291666667,5386,0.5408466394355738,0.6886819079875811,1,0.83984375,0.998451238905712,0.8385430326747191,0.5408466394355738,0.6886819079875811,0.5408466394355738,
47,2,0.94140625,9.375,8271,0.008974609375,5423,1.5251705697953162,0.9299833293641343,1,0.94140625,0.9999151889582765,0.9413264083552525,0.6556643694837384,0.9299833293641343,0.6556643694837384,
48,1,0.83984375,6.96875,2806,0.0030447048611111113,5386,0.5209803193464537,0.6182795698924731,1,0.83984375,0.9990600561193372,0.8390543440064746,0.5209803193464537,0.6182795698924731,0.5209803193464537,
48,2,0.9375,9.875,7940,0.00861545138888889,5423,1.4641342430389084,0.9020298017130118,1,0.9375,0.9999485577862579,0.9374517729246168,0.6829974811083124,0.9020298017130118,0.6829974811083124,
49,1,0.86328125,6.84375,2771,0.0030067274305555555,5386,0.5144819903453398,0.5866287339971551,1,0.86328125,0.9989350373279441,0.8623618876932643,0.5144819903453398,0.5866287339971551,0.5144819903453398,
49,2,0.93359375,10.1875,7910,0.008582899305555556,5423,1.4586022496773003,0.9223771983020013,1,0.93359375,0.9999623635528191,0.9335586128481397,0.6855878634639697,0.9223771983020013,0.6855878634639697,
50,1,0.86328125,6.21875,2784,0.0030208333333333333,5386,0.5168956554028964,0.507871878393051,1,0.86328125,0.998012225787616,0.8615652417932154,0.5168956554028964,0.507871878393051,0.507871878393051,
50,2,0.93359375,10.0,7929,0.008603515625,5423,1.4621058454729854,0.9057875105282156,1,0.93359375,0.9999546021312976,0.9335513668335161,0.6839450119813344,0.9057875105282156,0.6839450119813344,
51,1,0.84765625,6.1875,2518,0.002732204861111111,5386,0.46750835499443,0.5292760311508509,1,0.84765625,0.9979492564600826,0.8459179244212419,0.46750835499443,0.5292760311508509,0.46750835499443,
51,2,0.93359375,9.9375,8027,0.008709852430555555,5423,1.4801770237875715,0.8827138643067847,1,0.93359375,0.9999516743618128,0.9335486334862236,0.6755948673227855,0.8827138643067847,0.6755948673227855,
52,1,0.859375,5.96875,2342,0.002541232638888889,5386,0.434831043445971,0.5399239543726235,1,0.859375,0.9974490875787134,0.8571828096379569,0.434831043445971,0.5399239543726235,0.434831043445971,
52,2,0.93359375,9.75,8051,0.008735894097222223,5423,1.484602618476858,0.8937573616018846,1,0.93359375,0.9999417087343389,0.9335393296386991,0.6735809216246429,0.8937573616018846,0.6735809216246429,
53,1,0.87109375,6.28125,2304,0.0025,5386,0.42777571481619014,0.6772563176895307,1,0.87109375,0.9981324340221067,0.8694669249489445,0.42777571481619014,0.6772563176895307,0.42777571481619014,
53,2,0.9375,9.625,8448,0.009166666666666667,5423,1.5578093306288032,0.8838775976250286,1,0.9375,0.9999339478551454,0.9374380761141988,0.6419270833333334,0.8838775976250286,0.6419270833333334,
54,1,0.87109375,6.25,2300,0.002495659722222222,5386,0.42703304864463426,0.7373584905660377,1,0.87109375,0.9980732653366725,0.8694153834768671,0.42703304864463426,0.7373584905660377,0.42703304864463426,
54,2,0.93359375,9.25,8240,0.008940972222222222,5423,1.519454176654988,0.8965791567223548,1,0.93359375,0.9999038975845005,0.9335040293855298,0.658131067961165,0.8965791567223548,0.658131067961165,
55,1,0.86328125,6.15625,2281,0.002475043402777778,5386,0.4235053843297438,0.6466570812365204,1,0.86328125,0.9978842965994068,0.8614548029237067,0.4235053843297438,0.6466570812365204,0.4235053843297438,
55,2,0.9375,9.4375,8295,0.009000651041666667,5423,1.5295961644846026,0.8828285128672284,1,0.9375,0.9999203269901391,0.9374253065532554,0.6537673297166968,0.8828285128672284,0.6537673297166968,
56,1,0.84765625,5.9375,2194,0.002380642361111111,5386,0.40735239509840326,0.6131939437635184,1,0.84765625,0.9973683260251155,0.8454254951072268,0.40735239509840326,0.6131939437635184,0.40735239509840326,
56,2,0.9375,9.125,8163,0.008857421875,5423,1.5052553936935276,0.8655633643164815,1,0.9375,0.9998911030899734,0.9373979091468501,0.6643390910204582,0.8655633643164815,0.6643390910204582,
57,1,0.859375,6.03125,2169,0.002353515625,5386,0.402710731526179,0.6583048270619536,1,0.859375,0.997603269129871,0.8573153094084829,0.402710731526179,0.6583048270619536,0.402710731526179,
57,2,0.93359375,9.6875,7986,0.008665364583333333,5423,1.4726166328600405,0.8374103993628399,1,0.93359375,0.9999379495039771,0.9335358200447286,0.6790633608815427,0.8374103993628399,0.6790633608815427,
58,1,0.86328125,5.9375,2377,0.0025792100694444443,5386,0.44132937244708503,0.6737849779086893,1,0.86328125,0.9973683260251155,0.8610093752013692,0.44132937244708503,0.6737849779086893,0.44132937244708503,
58,2,0.9375,9.5625,7926,0.008600260416666667,5423,1.4615526461368247,0.84251968503937,1,0.9375,0.9999296881573309,0.9374340826474977,0.6842038859449912,0.84251968503937,0.6842038859449912,
59,1,0.86328125,5.9375,2102,0.0022808159722222223,5386,0.3902710731526179,0.6146359048305696,1,0.86328125,0.9973683260251155,0.8610093752013692,0.3902710731526179,0.6146359048305696,0.3902710731526179,
59,2,0.9375,9.4375,7821,0.008486328125,5423,1.4421906693711968,0.8613475177304964,1,0.9375,0.9999203269901391,0.9374253065532554,0.6933895921237694,0.8613475177304964,0.6933895921237694,
