video,object_id,start_absent,reappear_frame,gap_len,neighbor_count,por30
wke7ltxq,10,15,69,54,23,1
wke7ltxq,17,15,69,54,23,1
wke7ltxq,2,14,70,56,23,1
wke7ltxq,3,14,70,56,23,1
wke7ltxq,4,14,70,56,23,1
wke7ltxq,5,14,70,56,23,1
wke7ltxq,6,14,70,56,23,1
wke7ltxq,7,14,70,56,23,1
wke7ltxq,8,14,70,56,23,1
wke7ltxq,9,13,70,57,23,1
wke7ltxq,11,15,70,55,23,1
wke7ltxq,12,14,70,56,23,1
wke7ltxq,13,14,70,56,23,1
wke7ltxq,14,14,70,56,23,1
wke7ltxq,15,14,70,56,23,1
wke7ltxq,16,14,70,56,23,1
wke7ltxq,18,14,70,56,23,1
wke7ltxq,19,14,70,56,23,1
wke7ltxq,20,14,70,56,23,1
wke7ltxq,21,14,70,56,23,1
wke7ltxq,22,13,70,57,23,1
wke7ltxq,1,14,71,57,23,1
wke7ltxq,23,13,71,58,23,1
