scope,method,por30,itr30,pooled_write_rate,peak_vram_gb,runtime_sec
HARD_TEST80,B0,0.741106719367589,0.05928853754940711,1.0,15.812896728515625,2572.718817949295
HARD_TEST80,B1,0.7272727272727273,0.05138339920948617,0.3199230511876882,13.113414287567139,1852.4862973690033
HARD_TEST80,B2,0.7569169960474308,0.03162055335968379,0.3232686517229843,13.060060977935791,1878.8717708587646
HARD_TEST80,B3_S,0.7648221343873518,0.039525691699604744,0.29056540649046503,13.062849521636963,1878.1484689712524
HARD_TEST80,B3_R,0.7648221343873518,0.03359683794466403,0.2923218467714955,13.062849521636963,1888.7139155864716
HARD_TEST80,B5,0.7529644268774703,0.03359683794466403,0.3079625292740047,13.03403902053833,1845.7162160873413
REPRESENTATIVE_TEST40,B0,0.5789473684210527,0.0,1.0,11.141648769378662,541.4734618663788
REPRESENTATIVE_TEST40,B1,0.6710526315789473,0.013157894736842105,0.33746556473829203,11.058937072753906,528.0751271247864
REPRESENTATIVE_TEST40,B2,0.7236842105263158,0.013157894736842105,0.3738685556867375,10.932544708251953,534.5813407897949
REPRESENTATIVE_TEST40,B3_S,0.7236842105263158,0.013157894736842105,0.3581267217630854,10.944626808166504,536.1047534942627
REPRESENTATIVE_TEST40,B3_R,0.7236842105263158,0.0,0.36521054702872885,10.944626808166504,536.8538031578064
REPRESENTATIVE_TEST40,B5,0.6973684210526315,0.013157894736842105,0.3976780794962613,11.090535163879395,530.8985388278961
