group,endpoint,comparison,a,b,observed_delta,ci_lower,ci_upper,bootstrap_replicates,seed
PRIMARY,POR30,B3_S_minus_B2,B3_S,B2,0.007905138339921014,-0.0020366598778004397,0.02088167053364276,50000,52
A10_SECONDARY,POR30,B3_R_minus_B3_S,B3_R,B3_S,0.0,-0.011286681715575564,0.01430714812439207,50000,52
A10_SECONDARY,POR30,B3_R_minus_B2,B3_R,B2,0.007905138339921014,-0.004048582995951455,0.023552506092412176,50000,52
A10_SECONDARY,POR30,B2_minus_B1,B2,B1,0.029644268774703497,0.006122448979591799,0.06430155210643018,50000,52
A10_SECONDARY_B5,POR30,B5_minus_B2,B5,B2,-0.0039525691699604515,-0.019607843137254832,0.012499999999999956,50000,52
MATCHED_NEUTRAL_DIAGNOSTIC,POR30,B1_minus_B1_NEUTRAL,B1,B1_NEUTRAL,-0.017786561264822143,-0.0467479674796748,0.005964214711729654,50000,52
MATCHED_NEUTRAL_DIAGNOSTIC,POR30,B2_minus_B2_NEUTRAL,B2,B2_NEUTRAL,-0.005928853754940788,-0.028297804150365216,0.013157894736842146,50000,52
MATCHED_NEUTRAL_DIAGNOSTIC,POR30,B3_S_minus_B3_S_NEUTRAL,B3_S,B3_S_NEUTRAL,0.0,-0.021452145214521434,0.022087867892874324,50000,52
MATCHED_NEUTRAL_DIAGNOSTIC,POR30,B3_R_minus_B3_R_NEUTRAL,B3_R,B3_R_NEUTRAL,0.0019762845849802257,-0.021113243761996147,0.028704317346815725,50000,52
MATCHED_NEUTRAL_DIAGNOSTIC,POR30,B5_minus_B5_NEUTRAL,B5,B5_NEUTRAL,0.0039525691699604515,-0.017429193899782147,0.0260442787613098,50000,52
A10_SECONDARY_ITR,ITR30,B3_S_minus_B2,B3_S,B2,0.007905138339920952,0.0018726591760299637,0.024066073196459776,50000,52
A10_SECONDARY_ITR,ITR30,B3_R_minus_B3_S,B3_R,B3_S,-0.005928853754940712,-0.022831185995183582,0.004123711340206185,50000,52
A10_SECONDARY_ITR,ITR30,B2_minus_B1,B2,B1,-0.019762845849802375,-0.04847703471757987,-0.006802721088435375,50000,52
