citation_key,file,line
SAM3,chapter1_introduction_draft.md,24
QDMN,chapter1_introduction_draft.md,50
DAM4SAM,chapter1_introduction_draft.md,50
SENTRY,chapter1_introduction_draft.md,50
SAM3-DMS,chapter1_introduction_draft.md,50
RethinkingMemory,chapter1_introduction_draft.md,50
MOSEv2,chapter1_introduction_draft.md,117
STM,chapter2_related_work_draft.md,36
STCN,chapter2_related_work_draft.md,37
MiVOS,chapter2_related_work_draft.md,38
XMem,chapter2_related_work_draft.md,39
Cutie,chapter2_related_work_draft.md,40
QDMN,chapter2_related_work_draft.md,67
SAMURAI,chapter2_related_work_draft.md,83
DAM4SAM,chapter2_related_work_draft.md,100
SENTRY,chapter2_related_work_draft.md,114
SAM3-DMS,chapter2_related_work_draft.md,132
RethinkingMemory,chapter2_related_work_draft.md,152
OAMVOS,chapter2_related_work_draft.md,164
AOT,chapter2_related_work_draft.md,176
DeAOT,chapter2_related_work_draft.md,177
AOST,chapter2_related_work_draft.md,178
ReMeDI-SAM3,chapter2_related_work_draft.md,183
SurgSLOT,chapter2_related_work_draft.md,184
CMR,chapter2_related_work_draft.md,185
VOS-Agent,chapter2_related_work_draft.md,186
MOSEv2,chapter3_experimental_methodology_draft.md,68
