short_name,identifier,role,status,exact_title,authors,venue_year,final_action
SENTRY,2606.24449,RELATED_WORK_CORE,ALREADY_AUDITED,,,,
Rethinking Memory Design,2512.22624,RELATED_WORK_CORE,ALREADY_AUDITED,,,,
SAM3-DMS,2601.09699,RELATED_WORK_CORE,ALREADY_AUDITED,,,,
DAM4SAM,2509.13864,RELATED_WORK_CORE,ALREADY_AUDITED,,,,
QDMN,2207.07922,RELATED_WORK_CORE,ALREADY_AUDITED,,,,
OAMVOS,2604.22837,B1_HEURISTIC_NEIGHBOR,ALREADY_AUDITED,,,,
SurgSLOT,2511.16618v2,RELATED_WORK_SUPPORT,ALREADY_AUDITED,,,,
CMR,2608.22064,RELATIONAL_IDENTITY_NEIGHBOR,ALREADY_AUDITED,,,,
VOS-Agent,2608.12721,RELATED_WORK_SUPPORT,ALREADY_AUDITED,,,,
MOSEv2,2508.05630,PRIMARY_DATASET,ALREADY_AUDITED,,,,
MOSE,2302.01872,DATASET_PREDECESSOR,RECORDED_IN_V5,,,,
SAMURAI,2411.11922,MEMORY_SELECTION,RECORDED_IN_V5,,,,
SAM 3,2511.16719,SUBSTRATE,RECORDED_IN_V5,,,,
ReMeDI-SAM3,2512.16880,RELATED_WORK_SUPPORT,RECORDED_IN_V5,,,,
Conformal Risk Control,2208.02814,STATISTICS_BACKGROUND,RECORDED_IN_V5,,,,
Distribution-Free Risk-Controlling Prediction Sets,2101.02703,STATISTICS_BACKGROUND,RECORDED_IN_V5,,,,
Learn then Test,2110.01052,STATISTICS_BACKGROUND,RECORDED_IN_V5,,,,
