scene_event_id,video,n_object_events,n_unique_objects,disappear_min,disappear_max,reappear_min,reappear_max
01ojfpgh:WS001,01ojfpgh,2,2,16,16,21,21
01ynxb7u:WS001,01ynxb7u,1,1,20,20,25,25
02a236b4:WS001,02a236b4,1,1,20,20,51,51
02de2f2a:WS001,02de2f2a,1,1,34,34,59,59
03012cfd:WS001,03012cfd,1,1,99,99,127,127
03e5f069:WS001,03e5f069,1,1,62,62,69,69
03z5yv5b:WS001,03z5yv5b,1,1,75,75,86,86
03z5yv5b:WS002,03z5yv5b,1,1,129,129,134,134
03z5yv5b:WS003,03z5yv5b,1,1,155,155,166,166
03z5yv5b:WS004,03z5yv5b,1,1,222,222,233,233
03z5yv5b:WS005,03z5yv5b,1,1,243,243,285,285
04oehxxo:WS001,04oehxxo,1,1,6,6,23,23
04oehxxo:WS002,04oehxxo,1,1,30,30,41,41
04oehxxo:WS003,04oehxxo,1,1,47,47,58,58
04oehxxo:WS004,04oehxxo,1,1,63,63,77,77
04oehxxo:WS005,04oehxxo,1,1,83,83,92,92
06273084:WS001,06273084,1,1,9,9,22,22
06ebc138:WS001,06ebc138,1,1,15,15,20,20
06z6pse9:WS001,06z6pse9,2,2,15,15,26,26
076n9ud8:WS001,076n9ud8,1,1,7,7,96,96
07po1k6h:WS001,07po1k6h,1,1,16,16,31,31
08m3jj30:WS001,08m3jj30,3,3,75,75,80,80
08tklmt5:WS001,08tklmt5,4,4,47,47,52,52
09d305d1:WS001,09d305d1,1,1,26,26,37,37
0ba9c5ad:WS001,0ba9c5ad,1,1,83,83,88,88
0ba9c5ad:WS002,0ba9c5ad,1,1,100,100,131,131
0ba9c5ad:WS003,0ba9c5ad,1,1,132,132,141,141
0be33bc1:WS001,0be33bc1,1,1,6,6,20,20
0be33bc1:WS002,0be33bc1,1,1,68,68,81,81
0be33bc1:WS003,0be33bc1,1,1,85,85,91,91
0be33bc1:WS004,0be33bc1,1,1,104,104,133,133
0be33bc1:WS005,0be33bc1,1,1,134,134,141,141
0d1237sq:WS001,0d1237sq,5,5,15,15,25,25
0d8d30ae:WS001,0d8d30ae,1,1,7,7,13,13
0d8d30ae:WS002,0d8d30ae,1,1,16,16,22,22
0d8d30ae:WS003,0d8d30ae,1,1,112,112,122,122
0d8d30ae:WS004,0d8d30ae,1,1,130,130,148,148
0fc00006:WS001,0fc00006,1,1,35,35,54,54
0gu8wqpd:WS001,0gu8wqpd,1,1,13,13,95,95
0gu8wqpd:WS002,0gu8wqpd,1,1,103,103,155,155
0hyak3az:WS001,0hyak3az,1,1,76,76,99,99
0hyak3az:WS002,0hyak3az,1,1,149,149,162,162
0hyak3az:WS003,0hyak3az,1,1,167,167,252,252
0hyak3az:WS004,0hyak3az,1,1,264,264,301,301
0hyak3az:WS005,0hyak3az,1,1,327,327,332,332
0hyak3az:WS006,0hyak3az,1,1,361,361,368,368
0hyak3az:WS007,0hyak3az,1,1,387,387,398,398
0hyak3az:WS008,0hyak3az,1,1,419,419,432,432
0hyak3az:WS009,0hyak3az,1,1,463,463,473,473
0igqkex8:WS001,0igqkex8,2,2,19,19,24,24
0kqu1teh:WS001,0kqu1teh,1,1,17,17,22,22
0nrb9vzx:WS001,0nrb9vzx,1,1,102,102,109,109
0ofgxn19:WS001,0ofgxn19,1,1,29,29,34,34
0ofgxn19:WS002,0ofgxn19,1,1,52,52,85,85
0q0os99c:WS001,0q0os99c,1,1,24,24,34,34
0qfhv12x:WS001,0qfhv12x,1,1,9,9,33,33
0qiandl3:WS001,0qiandl3,1,1,42,42,72,72
0rqs9syk:WS001,0rqs9syk,1,1,45,45,79,79
0rvb6kp2:WS001,0rvb6kp2,1,1,18,18,23,23
0soqbyfo:WS001,0soqbyfo,1,1,144,144,151,151
0thyrhvg:WS001,0thyrhvg,4,4,8,8,18,18
0u4ufcam:WS001,0u4ufcam,1,1,15,15,46,46
0u4ufcam:WS002,0u4ufcam,1,1,61,61,72,72
0uy7cbug:WS001,0uy7cbug,1,1,67,67,76,76
0v77ps19:WS001,0v77ps19,5,5,10,10,20,20
0wrf8ule:WS001,0wrf8ule,1,1,26,26,32,32
0x5er730:WS001,0x5er730,2,2,22,22,27,27
0xqxup43:WS001,0xqxup43,1,1,37,37,85,85
0y054yaj:WS001,0y054yaj,1,1,40,40,66,66
0y054yaj:WS002,0y054yaj,1,1,88,88,193,193
0y054yaj:WS003,0y054yaj,1,1,219,219,229,229
0y054yaj:WS004,0y054yaj,1,1,232,232,317,317
0y054yaj:WS005,0y054yaj,1,1,321,321,327,327
0y054yaj:WS006,0y054yaj,1,1,331,331,342,342
0y054yaj:WS007,0y054yaj,1,1,386,386,393,393
0y054yaj:WS008,0y054yaj,1,1,396,396,445,445
0y054yaj:WS009,0y054yaj,1,1,451,451,470,470
0zp43ehc:WS001,0zp43ehc,1,1,19,19,29,29
10552818:WS001,10552818,1,1,17,17,22,22
110da3cf:WS001,110da3cf,1,1,6,6,37,37
11cdeb64:WS001,11cdeb64,1,1,15,15,21,21
11six4w3:WS001,11six4w3,1,1,60,60,118,118
125x18d5:WS001,125x18d5,1,1,16,16,22,22
125x18d5:WS002,125x18d5,1,1,29,29,34,34
125x18d5:WS003,125x18d5,1,1,65,65,83,83
125x18d5:WS004,125x18d5,1,1,87,87,92,92
125x18d5:WS005,125x18d5,1,1,98,98,105,105
12xtzjzg:WS001,12xtzjzg,1,1,24,24,205,205
134a2ab0:WS001,134a2ab0,1,1,16,16,29,29
13ub6ims:WS001,13ub6ims,3,3,20,20,25,25
13z41xe2:WS001,13z41xe2,1,1,18,18,23,23
15c41c4b:WS001,15c41c4b,2,2,32,33,43,44
15f0b0cd:WS001,15f0b0cd,1,1,32,32,52,52
15nxkth3:WS001,15nxkth3,5,5,19,19,24,24
16cggr07:WS001,16cggr07,1,1,8,8,40,40
16cggr07:WS002,16cggr07,1,1,48,48,53,53
18a76zpx:WS001,18a76zpx,1,1,29,29,43,43
18a76zpx:WS002,18a76zpx,1,1,47,47,79,79
18a76zpx:WS003,18a76zpx,1,1,83,83,96,96
18a76zpx:WS004,18a76zpx,1,1,102,102,113,113
198021ad:WS001,198021ad,1,1,121,121,130,130
19pju5ep:WS001,19pju5ep,2,2,14,14,24,24
1b1l7h15:WS001,1b1l7h15,1,1,38,38,46,46
1b1l7h15:WS002,1b1l7h15,1,1,56,56,86,86
1bz7v7bd:WS001,1bz7v7bd,1,1,39,39,45,45
1bz7v7bd:WS002,1bz7v7bd,1,1,59,59,87,87
1bz7v7bd:WS003,1bz7v7bd,1,1,111,111,129,129
1bz7v7bd:WS004,1bz7v7bd,1,1,133,133,191,191
1bz7v7bd:WS005,1bz7v7bd,1,1,218,218,223,223
1bz7v7bd:WS006,1bz7v7bd,1,1,366,366,593,593
1c28e081:WS001,1c28e081,1,1,6,6,16,16
1d3lb4oc:WS001,1d3lb4oc,1,1,9,9,32,32
1d63qx4j:WS001,1d63qx4j,1,1,71,71,87,87
1d64aff3:WS001,1d64aff3,1,1,22,22,60,60
1e0fb02a:WS001,1e0fb02a,1,1,16,16,36,36
1e0fb02a:WS002,1e0fb02a,1,1,65,65,74,74
1f9dul1j:WS001,1f9dul1j,1,1,10,10,69,69
1f9dul1j:WS002,1f9dul1j,1,1,86,86,107,107
1fab1d1c:WS001,1fab1d1c,1,1,36,36,41,41
1g6f6nfz:WS001,1g6f6nfz,6,6,19,19,24,24
1i2lajr8:WS001,1i2lajr8,1,1,12,12,17,17
1is3mqqg:WS001,1is3mqqg,2,2,27,28,39,41
1jhuomw4:WS001,1jhuomw4,1,1,17,17,22,22
1jikcikj:WS001,1jikcikj,1,1,22,22,28,28
1jikcikj:WS002,1jikcikj,1,1,51,51,63,63
1jikcikj:WS003,1jikcikj,1,1,69,69,77,77
1jikcikj:WS004,1jikcikj,1,1,83,83,97,97
1kmaleas:WS001,1kmaleas,2,2,22,22,27,27
1mgutbc4:WS001,1mgutbc4,3,3,8,10,19,19
1o69tuyr:WS001,1o69tuyr,1,1,9,9,26,26
1o69tuyr:WS002,1o69tuyr,1,1,45,45,51,51
1o69tuyr:WS003,1o69tuyr,1,1,60,60,68,68
1os6talp:WS001,1os6talp,5,5,27,27,32,32
1pswnq36:WS001,1pswnq36,1,1,31,31,55,55
1pswnq36:WS002,1pswnq36,1,1,70,70,76,76
1pswnq36:WS003,1pswnq36,1,1,81,81,90,90
1qjqdu64:WS001,1qjqdu64,1,1,22,22,54,54
1qx22u2q:WS001,1qx22u2q,1,1,86,86,99,99
1qx22u2q:WS002,1qx22u2q,1,1,260,260,337,337
1tfc6bfb:WS001,1tfc6bfb,1,1,9,9,15,15
1tfc6bfb:WS002,1tfc6bfb,1,1,22,22,54,54
1tfc6bfb:WS003,1tfc6bfb,1,1,59,59,78,78
1tnk2px6:WS001,1tnk2px6,1,1,14,14,19,19
1tpliusu:WS001,1tpliusu,1,1,33,33,39,39
1up9jacp:WS001,1up9jacp,3,3,18,18,23,23
1w2d8bhf:WS001,1w2d8bhf,1,1,14,14,65,65
1w2d8bhf:WS002,1w2d8bhf,1,1,77,77,97,97
1w5fyj35:WS001,1w5fyj35,1,1,172,172,182,182
1w5fyj35:WS002,1w5fyj35,1,1,340,340,348,348
1wga7gtu:WS001,1wga7gtu,1,1,8,8,18,18
1wga7gtu:WS002,1wga7gtu,1,1,40,40,46,46
20660b72:WS001,20660b72,1,1,17,17,31,31
20660b72:WS002,20660b72,1,1,42,42,48,48
20m9ybh4:WS001,20m9ybh4,1,1,23,23,39,39
20ovc8gc:WS001,20ovc8gc,1,1,87,87,94,94
20uowz3m:WS001,20uowz3m,1,1,33,33,38,38
214pv9si:WS001,214pv9si,1,1,34,34,39,39
21fe05d9:WS001,21fe05d9,1,1,9,9,44,44
21r6cy51:WS001,21r6cy51,1,1,23,23,39,39
21r6cy51:WS002,21r6cy51,1,1,65,65,91,91
22167a50:WS001,22167a50,1,1,33,33,88,88
225rqpr2:WS001,225rqpr2,1,1,14,14,25,25
22e8b380:WS001,22e8b380,1,1,13,13,39,39
22fdee40:WS001,22fdee40,1,1,35,35,40,40
22rirven:WS001,22rirven,4,4,8,9,18,18
233406ef:WS001,233406ef,1,1,30,30,45,45
233406ef:WS002,233406ef,1,1,69,69,82,82
23df06e1:WS001,23df06e1,2,2,9,10,18,19
24tjsrxy:WS001,24tjsrxy,2,2,13,13,23,23
254uk60a:WS001,254uk60a,1,1,14,14,29,29
25sj5wlu:WS001,25sj5wlu,1,1,23,23,28,28
269872de:WS001,269872de,1,1,6,6,42,42
26v01u8u:WS001,26v01u8u,2,2,77,77,82,82
2786f841:WS001,2786f841,1,1,32,32,43,43
2883ae72:WS001,2883ae72,1,1,10,10,16,16
28d25ok1:WS001,28d25ok1,1,1,98,98,170,170
28d25ok1:WS002,28d25ok1,1,1,216,216,364,364
29nhtcq4:WS001,29nhtcq4,1,1,111,111,126,126
29nhtcq4:WS002,29nhtcq4,1,1,132,132,138,138
2a3a0571:WS001,2a3a0571,1,1,30,30,36,36
2bcd6c3b:WS001,2bcd6c3b,1,1,26,26,34,34
2bdb692f:WS001,2bdb692f,1,1,20,20,80,80
2bf49664:WS001,2bf49664,1,1,12,12,17,17
2czd58lr:WS001,2czd58lr,5,5,15,15,25,25
2ea465de:WS001,2ea465de,1,1,93,93,108,108
2efd5e50:WS001,2efd5e50,1,1,31,31,72,72
2fab8h8c:WS001,2fab8h8c,1,1,5,5,61,61
2fb5a55b:WS001,2fb5a55b,1,1,9,9,28,28
2fc476f9:WS001,2fc476f9,1,1,28,28,33,33
2gc0gnjr:WS001,2gc0gnjr,5,5,20,20,25,25
2i0wbnk1:WS001,2i0wbnk1,1,1,50,50,70,70
2i0wbnk1:WS002,2i0wbnk1,1,1,83,83,100,100
2i0wbnk1:WS003,2i0wbnk1,1,1,111,111,120,120
2i0wbnk1:WS004,2i0wbnk1,1,1,139,139,147,147
2l7k2iah:WS001,2l7k2iah,5,5,17,17,22,22
2p5k0fv9:WS001,2p5k0fv9,4,4,11,11,16,16
2qjsn6c1:WS001,2qjsn6c1,1,1,7,7,101,101
2qu4s0et:WS001,2qu4s0et,1,1,8,8,15,15
2qu4s0et:WS002,2qu4s0et,1,1,17,17,46,46
2r58guz2:WS001,2r58guz2,1,1,8,8,13,13
2tkd7bla:WS001,2tkd7bla,1,1,16,16,80,80
2tzepzze:WS001,2tzepzze,1,1,10,10,28,28
2u8x1k06:WS001,2u8x1k06,1,1,33,33,241,241
2ug2ry5m:WS001,2ug2ry5m,1,1,39,39,59,59
2ug2ry5m:WS002,2ug2ry5m,1,1,53,53,59,59
2ujroa82:WS001,2ujroa82,1,1,15,15,21,21
2ujroa82:WS002,2ujroa82,1,1,35,35,197,197
2vmoedob:WS001,2vmoedob,1,1,57,57,73,73
2wq92crf:WS001,2wq92crf,4,4,44,44,49,49
2xz9ls1x:WS001,2xz9ls1x,1,1,20,20,28,28
2yrkujhc:WS001,2yrkujhc,1,1,9,9,16,16
2yrkujhc:WS002,2yrkujhc,1,1,19,19,41,41
2ze3f84n:WS001,2ze3f84n,1,1,33,33,40,40
30nvt12k:WS001,30nvt12k,1,1,17,17,57,57
31rry8ca:WS001,31rry8ca,1,1,75,75,81,81
320ohgwr:WS001,320ohgwr,1,1,18,18,31,31
320ohgwr:WS002,320ohgwr,1,1,87,87,96,96
32h0yfhc:WS001,32h0yfhc,1,1,11,11,59,59
33602f6b:WS001,33602f6b,1,1,42,42,70,70
337dfa1e:WS001,337dfa1e,1,1,43,43,90,90
36mc2h0y:WS001,36mc2h0y,1,1,26,26,63,63
37b07a28:WS001,37b07a28,1,1,28,28,40,40
37bb38fe:WS001,37bb38fe,1,1,10,10,15,15
37bb38fe:WS002,37bb38fe,1,1,24,24,31,31
37rs935v:WS001,37rs935v,1,1,28,28,132,132
3a0f4ml1:WS001,3a0f4ml1,1,1,16,16,52,52
3a0f4ml1:WS002,3a0f4ml1,1,1,72,72,92,92
3bce0gtq:WS001,3bce0gtq,1,1,100,100,132,132
3cnu6x6p:WS001,3cnu6x6p,3,3,18,18,23,23
3cvo2v88:WS001,3cvo2v88,1,1,18,18,23,23
3cvo2v88:WS002,3cvo2v88,1,1,82,82,89,89
3cvo2v88:WS003,3cvo2v88,1,1,90,90,102,102
3cvo2v88:WS004,3cvo2v88,1,1,193,193,199,199
3cvo2v88:WS005,3cvo2v88,1,1,218,218,227,227
3dwf8oa7:WS001,3dwf8oa7,5,5,16,16,21,21
3fe5176t:WS001,3fe5176t,4,4,28,28,33,33
3gumroz3:WS001,3gumroz3,1,1,29,29,37,37
3hfp5bp8:WS001,3hfp5bp8,1,1,19,19,88,88
3i9xu65n:WS001,3i9xu65n,5,5,7,7,17,17
3ifgbd0t:WS001,3ifgbd0t,10,10,18,18,23,23
3k6x255n:WS001,3k6x255n,1,1,209,209,214,214
3k6x255n:WS002,3k6x255n,1,1,408,408,485,485
3kcukszd:WS001,3kcukszd,2,2,28,30,35,37
3m7dxrkv:WS001,3m7dxrkv,1,1,32,32,37,37
3mynm0b3:WS001,3mynm0b3,1,1,54,54,66,66
3o8pd6se:WS001,3o8pd6se,1,1,28,28,33,33
3ohezf7p:WS001,3ohezf7p,1,1,18,18,28,28
3ohezf7p:WS002,3ohezf7p,1,1,37,37,125,125
3ojyo18h:WS001,3ojyo18h,1,1,115,115,120,120
3q5s65nd:WS001,3q5s65nd,1,1,16,16,35,35
3rgyid4v:WS001,3rgyid4v,1,1,122,122,129,129
3rgyid4v:WS002,3rgyid4v,1,1,312,312,322,322
3rgyid4v:WS003,3rgyid4v,1,1,370,370,494,494
3rgyid4v:WS004,3rgyid4v,1,1,532,532,596,596
3rgyid4v:WS005,3rgyid4v,1,1,608,608,699,699
3sjgaexp:WS001,3sjgaexp,1,1,32,32,40,40
3tyua6kx:WS001,3tyua6kx,1,1,53,53,58,58
3up9ulso:WS001,3up9ulso,1,1,143,143,164,164
3up9ulso:WS002,3up9ulso,1,1,202,202,316,316
3up9ulso:WS003,3up9ulso,1,1,454,454,481,481
3up9ulso:WS004,3up9ulso,1,1,528,528,567,567
3v5xbt1q:WS001,3v5xbt1q,1,1,29,29,43,43
3w5jvbwz:WS001,3w5jvbwz,1,1,27,27,48,48
3wk221hp:WS001,3wk221hp,1,1,53,53,83,83
3wwwxabv:WS001,3wwwxabv,1,1,26,26,64,64
3wwwxabv:WS002,3wwwxabv,2,2,35,37,62,62
3y94xk68:WS001,3y94xk68,1,1,12,12,17,17
3zc7wpcz:WS001,3zc7wpcz,1,1,24,24,29,29
3zc7wpcz:WS002,3zc7wpcz,1,1,59,59,64,64
3zc7wpcz:WS003,3zc7wpcz,1,1,77,77,84,84
3zh20m6g:WS001,3zh20m6g,1,1,17,17,49,49
3zh20m6g:WS002,3zh20m6g,1,1,75,75,84,84
414ca58b:WS001,414ca58b,1,1,30,30,52,52
417nd5mi:WS001,417nd5mi,5,5,8,8,18,18
41r2mi2z:WS001,41r2mi2z,3,3,15,15,20,20
4201m2wh:WS001,4201m2wh,1,1,23,23,57,57
4201m2wh:WS002,4201m2wh,1,1,76,76,103,103
423f2fzj:WS001,423f2fzj,13,13,5,5,10,10
42dn1p4x:WS001,42dn1p4x,1,1,18,18,54,54
43030c4c:WS001,43030c4c,1,1,69,69,74,74
4344808d:WS001,4344808d,1,1,9,9,19,19
4344808d:WS002,4344808d,1,1,62,62,71,71
4344808d:WS003,4344808d,1,1,80,80,96,96
43dc67f7:WS001,43dc67f7,1,1,32,32,52,52
47891b4c:WS001,47891b4c,1,1,36,36,44,44
47suxl9t:WS001,47suxl9t,1,1,31,31,36,36
4819exz4:WS001,4819exz4,1,1,44,44,53,53
497rwaui:WS001,497rwaui,6,6,14,14,24,24
497y0ulj:WS001,497y0ulj,1,1,16,16,21,21
49s7f9p4:WS001,49s7f9p4,1,1,17,17,24,24
49s7f9p4:WS002,49s7f9p4,1,1,33,33,41,41
4bhktxfz:WS001,4bhktxfz,1,1,6,6,32,32
4bhktxfz:WS002,4bhktxfz,1,1,50,50,69,69
4bhktxfz:WS003,4bhktxfz,1,1,77,77,93,93
4cb11a5f:WS001,4cb11a5f,1,1,14,14,40,40
4ce088c6:WS001,4ce088c6,1,1,30,30,36,36
4e05j6cz:WS001,4e05j6cz,1,1,21,21,26,26
4e26p2kv:WS001,4e26p2kv,2,2,16,16,21,21
4e3020fe:WS001,4e3020fe,1,1,14,14,21,21
4ea934d8:WS001,4ea934d8,1,1,6,6,12,12
4fvph6vi:WS001,4fvph6vi,1,1,10,10,32,32
4jljw05k:WS001,4jljw05k,1,1,26,26,59,59
4k4i5rf2:WS001,4k4i5rf2,1,1,52,52,57,57
4lh7zbh8:WS001,4lh7zbh8,1,1,30,30,73,73
4m4nusqa:WS001,4m4nusqa,1,1,40,40,45,45
4numtahu:WS001,4numtahu,4,4,12,12,22,22
4o7up402:WS001,4o7up402,1,1,7,7,33,33
4o7up402:WS002,4o7up402,1,1,47,47,52,52
4q19opce:WS001,4q19opce,6,6,15,15,20,20
4rfge8gl:WS001,4rfge8gl,1,1,5,5,108,108
4rgqys4y:WS001,4rgqys4y,1,1,7,7,14,14
4rgqys4y:WS002,4rgqys4y,1,1,71,71,79,79
4se4eppr:WS001,4se4eppr,1,1,5,5,34,34
4sjypulp:WS001,4sjypulp,1,1,63,63,69,69
4swjc6h9:WS001,4swjc6h9,1,1,5,5,104,104
4t9n5xab:WS001,4t9n5xab,3,3,31,31,36,36
4tw8kyjn:WS001,4tw8kyjn,2,2,16,16,21,21
4usfhcji:WS001,4usfhcji,1,1,50,50,63,63
4vi126r8:WS001,4vi126r8,1,1,14,14,21,21
4vi126r8:WS002,4vi126r8,1,1,43,43,51,51
4znujm0e:WS001,4znujm0e,1,1,13,13,34,34
4znujm0e:WS002,4znujm0e,1,1,48,48,60,60
4znujm0e:WS003,4znujm0e,1,1,88,88,97,97
50qauky1:WS001,50qauky1,1,1,42,42,52,52
511clhlf:WS001,511clhlf,1,1,19,19,37,37
511clhlf:WS002,511clhlf,1,1,53,53,60,60
511clhlf:WS003,511clhlf,1,1,79,79,89,89
526195de:WS001,526195de,1,1,154,154,186,186
5397b01d:WS001,5397b01d,1,1,16,16,30,30
53sca9ee:WS001,53sca9ee,4,4,29,30,35,37
5416fbb7:WS001,5416fbb7,1,1,84,84,91,91
5416fbb7:WS002,5416fbb7,1,1,112,112,117,117
54b9dbba:WS001,54b9dbba,1,1,40,40,48,48
55206spf:WS001,55206spf,1,1,15,15,20,20
55v46njo:WS001,55v46njo,1,1,7,7,31,31
55v46njo:WS002,55v46njo,1,1,52,52,68,68
56riteq4:WS001,56riteq4,2,2,22,22,27,27
58f24fa4:WS001,58f24fa4,1,1,18,18,48,48
59g4o5mx:WS001,59g4o5mx,2,2,19,19,24,24
5ae23f9f:WS001,5ae23f9f,1,1,28,28,34,34
5bad0bab:WS001,5bad0bab,1,1,45,45,55,55
5bc7ea74:WS001,5bc7ea74,1,1,69,69,157,157
5csodh3t:WS001,5csodh3t,1,1,8,8,14,14
5csodh3t:WS002,5csodh3t,1,1,23,23,30,30
5csodh3t:WS003,5csodh3t,1,1,33,33,51,51
5d107jy0:WS001,5d107jy0,1,1,19,19,24,24
5e81394i:WS001,5e81394i,1,1,6,6,27,27
5e81394i:WS002,5e81394i,1,1,44,44,134,134
5e81394i:WS003,5e81394i,1,1,210,210,250,250
5e81394i:WS004,5e81394i,1,1,260,260,315,315
5f3fcff6:WS001,5f3fcff6,1,1,36,36,46,46
5f3fcff6:WS002,5f3fcff6,1,1,62,62,67,67
5fsdpd0l:WS001,5fsdpd0l,9,9,27,27,32,32
5g8p2ur1:WS001,5g8p2ur1,2,2,18,18,23,23
5gffh7gx:WS001,5gffh7gx,1,1,18,18,46,46
5grcjfl3:WS001,5grcjfl3,9,9,11,11,21,21
5i08pgto:WS001,5i08pgto,1,1,12,12,51,51
5i08pgto:WS002,5i08pgto,1,1,60,60,78,78
5iovn48o:WS001,5iovn48o,4,4,7,7,17,17
5ixdd0df:WS001,5ixdd0df,1,1,27,27,36,36
5ixdd0df:WS002,5ixdd0df,1,1,91,91,98,98
5kh0cl6e:WS001,5kh0cl6e,1,1,25,25,30,30
5lkaebts:WS001,5lkaebts,5,5,22,22,27,27
5m4ckpop:WS001,5m4ckpop,1,1,17,17,40,40
5ne9na4f:WS001,5ne9na4f,1,1,45,45,69,69
5ne9na4f:WS002,5ne9na4f,1,1,77,77,90,90
5oe1xea6:WS001,5oe1xea6,1,1,7,7,23,23
5oe1xea6:WS002,5oe1xea6,1,1,67,67,89,89
5r6uxga7:WS001,5r6uxga7,1,1,13,13,23,23
5rttndn7:WS001,5rttndn7,1,1,49,49,65,65
5vn6m21a:WS001,5vn6m21a,1,1,13,13,22,22
5vn6m21a:WS002,5vn6m21a,1,1,54,54,64,64
5w2wm25n:WS001,5w2wm25n,1,1,20,20,28,28
5w2wm25n:WS002,5w2wm25n,1,1,25,25,30,30
5wf117rp:WS001,5wf117rp,1,1,36,36,42,42
5xbxvz18:WS001,5xbxvz18,1,1,27,27,33,33
5xbxvz18:WS002,5xbxvz18,1,1,84,84,125,125
5yq4u9wv:WS001,5yq4u9wv,1,1,13,13,35,35
5yq4u9wv:WS002,5yq4u9wv,1,1,76,76,82,82
5z2z78q3:WS001,5z2z78q3,1,1,60,60,66,66
5z6j8sms:WS001,5z6j8sms,1,1,12,12,18,18
5z6j8sms:WS002,5z6j8sms,1,1,55,55,86,86
5zabac5l:WS001,5zabac5l,1,1,15,15,21,21
5zxrotef:WS001,5zxrotef,1,1,5,5,31,31
5zxrotef:WS002,5zxrotef,1,1,41,41,52,52
5zxrotef:WS003,5zxrotef,1,1,62,62,77,77
6042d64a:WS001,6042d64a,2,2,15,17,23,24
60f4fa43:WS001,60f4fa43,1,1,20,20,30,30
62yucmpq:WS001,62yucmpq,3,3,10,10,20,20
6478qwt7:WS001,6478qwt7,4,4,12,12,22,22
64b89eb5:WS001,64b89eb5,1,1,33,33,111,111
657242e8:WS001,657242e8,1,1,5,5,10,10
65ll50bt:WS001,65ll50bt,1,1,18,18,47,47
65ll50bt:WS002,65ll50bt,1,1,73,73,166,166
65ll50bt:WS003,65ll50bt,1,1,198,198,246,246
65ll50bt:WS004,65ll50bt,1,1,271,271,314,314
65ll50bt:WS005,65ll50bt,1,1,350,350,380,380
65ll50bt:WS006,65ll50bt,1,1,403,403,425,425
66a25278:WS001,66a25278,1,1,49,49,59,59
66a25278:WS002,66a25278,1,1,107,107,112,112
66a25278:WS003,66a25278,1,1,159,159,179,179
66a25278:WS004,66a25278,1,1,203,203,227,227
673adbcc:WS001,673adbcc,1,1,7,7,21,21
6783a303:WS001,6783a303,1,1,153,153,187,187
68d2b259:WS001,68d2b259,1,1,34,34,43,43
68d2b259:WS002,68d2b259,1,1,47,47,67,67
6a50e93a:WS001,6a50e93a,1,1,16,16,23,23
6bbyqk3u:WS001,6bbyqk3u,1,1,57,57,64,64
6bbyqk3u:WS002,6bbyqk3u,1,1,208,208,236,236
6bbyqk3u:WS003,6bbyqk3u,1,1,228,228,234,234
6dkny290:WS001,6dkny290,1,1,23,23,28,28
6e1ee5ir:WS001,6e1ee5ir,1,1,12,12,80,80
6e2dce1b:WS001,6e2dce1b,1,1,38,38,45,45
6eprhv63:WS001,6eprhv63,3,3,10,10,20,20
6f6e6c37:WS001,6f6e6c37,1,1,29,29,43,43
6hn25ucg:WS001,6hn25ucg,4,4,15,15,20,20
6hwti19r:WS001,6hwti19r,1,1,34,34,72,72
6hwti19r:WS002,6hwti19r,1,1,78,78,97,97
6hwti19r:WS003,6hwti19r,1,1,98,98,106,106
6k69zqfl:WS001,6k69zqfl,1,1,9,9,156,156
6k69zqfl:WS002,6k69zqfl,1,1,157,157,186,186
6kub27x5:WS001,6kub27x5,8,8,10,10,20,20
6l1wegih:WS001,6l1wegih,1,1,9,9,14,14
6l1wegih:WS002,6l1wegih,1,1,23,23,29,29
6l1wegih:WS003,6l1wegih,1,1,60,60,65,65
6l1wegih:WS004,6l1wegih,1,1,66,66,71,71
6lf2676j:WS001,6lf2676j,1,1,12,12,20,20
6lf2676j:WS002,6lf2676j,1,1,29,29,34,34
6lf2676j:WS003,6lf2676j,1,1,41,41,58,58
6ljnqtty:WS001,6ljnqtty,1,1,10,10,22,22
6ly8os75:WS001,6ly8os75,1,1,71,71,77,77
6ly8os75:WS002,6ly8os75,1,1,106,106,117,117
6ly8os75:WS003,6ly8os75,1,1,195,195,209,209
6ly8os75:WS004,6ly8os75,1,1,354,354,378,378
6ly8os75:WS005,6ly8os75,1,1,437,437,486,486
6ly8os75:WS006,6ly8os75,1,1,490,490,495,495
6ly8os75:WS007,6ly8os75,1,1,496,496,516,516
6ly8os75:WS008,6ly8os75,1,1,573,573,592,592
6m6nyj7h:WS001,6m6nyj7h,1,1,20,20,108,108
6moh35ox:WS001,6moh35ox,1,1,33,33,78,78
6moh35ox:WS002,6moh35ox,1,1,221,221,315,315
6nnkxfh7:WS001,6nnkxfh7,1,1,15,15,169,169
6nnkxfh7:WS002,6nnkxfh7,1,1,178,178,517,517
6nnkxfh7:WS003,6nnkxfh7,1,1,537,537,546,546
6nnkxfh7:WS004,6nnkxfh7,1,1,580,580,601,601
6nnkxfh7:WS005,6nnkxfh7,1,1,602,602,629,629
6nnkxfh7:WS006,6nnkxfh7,1,1,640,640,650,650
6pbz05ig:WS001,6pbz05ig,1,1,21,21,34,34
6t0fk8k0:WS001,6t0fk8k0,4,4,32,32,37,37
6yym3qel:WS001,6yym3qel,1,1,12,12,27,27
6yym3qel:WS002,6yym3qel,1,1,48,48,55,55
70n9xuii:WS001,70n9xuii,1,1,55,55,104,104
70xyb5u3:WS001,70xyb5u3,1,1,58,58,93,93
70yjjtka:WS001,70yjjtka,1,1,14,14,54,54
70yjjtka:WS002,70yjjtka,1,1,66,66,91,91
71u0twg5:WS001,71u0twg5,1,1,41,41,58,58
723fd024:WS001,723fd024,2,2,8,9,14,14
72yz5sum:WS001,72yz5sum,1,1,18,18,24,24
72yz5sum:WS002,72yz5sum,1,1,29,29,42,42
72yz5sum:WS003,72yz5sum,1,1,46,46,59,59
7457k6l5:WS001,7457k6l5,1,1,12,12,21,21
7457k6l5:WS002,7457k6l5,1,1,60,60,72,72
74tw67v7:WS001,74tw67v7,2,2,16,16,21,21
758gaily:WS001,758gaily,1,1,45,45,67,67
75c34dc5:WS001,75c34dc5,1,1,139,139,149,149
75ewa6jg:WS001,75ewa6jg,3,3,15,15,20,20
75w7te0e:WS001,75w7te0e,1,1,23,23,96,96
77481av4:WS001,77481av4,6,6,15,15,20,20
781af187:WS001,781af187,1,1,8,8,22,22
78a6z80b:WS001,78a6z80b,1,1,26,26,31,31
78bf9b51:WS001,78bf9b51,1,1,7,7,13,13
78bf9b51:WS002,78bf9b51,1,1,22,22,34,34
79af6097:WS001,79af6097,1,1,72,72,85,85
7ade3068:WS001,7ade3068,1,1,27,27,55,55
7ade3068:WS002,7ade3068,1,1,34,34,53,53
7ade3068:WS003,7ade3068,2,2,67,67,77,78
7bg2fvm2:WS001,7bg2fvm2,1,1,10,10,108,108
7do29wbm:WS001,7do29wbm,1,1,141,141,146,146
7do29wbm:WS002,7do29wbm,1,1,147,147,176,176
7dsy26e9:WS001,7dsy26e9,1,1,42,42,49,49
7dsy26e9:WS002,7dsy26e9,1,1,50,50,59,59
7e704f2e:WS001,7e704f2e,1,1,11,11,125,125
7fgahwsf:WS001,7fgahwsf,1,1,9,9,24,24
7fgahwsf:WS002,7fgahwsf,1,1,74,74,93,93
7grbiaif:WS001,7grbiaif,1,1,19,19,37,37
7hslvk3q:WS001,7hslvk3q,1,1,44,44,91,91
7isbzje8:WS001,7isbzje8,1,1,6,6,21,21
7jwolo4g:WS001,7jwolo4g,1,1,22,22,52,52
7jwolo4g:WS002,7jwolo4g,1,1,82,82,92,92
7jwolo4g:WS003,7jwolo4g,1,1,118,118,132,132
7jwolo4g:WS004,7jwolo4g,1,1,147,147,156,156
7jwolo4g:WS005,7jwolo4g,1,1,168,168,177,177
7jwolo4g:WS006,7jwolo4g,1,1,199,199,222,222
7k0ragb5:WS001,7k0ragb5,1,1,5,5,12,12
7k0ragb5:WS002,7k0ragb5,1,1,18,18,25,25
7k0ragb5:WS003,7k0ragb5,1,1,33,33,57,57
7k0ragb5:WS004,7k0ragb5,1,1,65,65,74,74
7kj92j8k:WS001,7kj92j8k,2,2,22,22,28,30
7ktwmep6:WS001,7ktwmep6,1,1,7,7,13,13
7ktwmep6:WS002,7ktwmep6,1,1,58,58,80,80
7l85cwoa:WS001,7l85cwoa,1,1,8,8,92,92
7l85cwoa:WS002,7l85cwoa,1,1,103,103,175,175
7l85cwoa:WS003,7l85cwoa,1,1,184,184,257,257
7l85cwoa:WS004,7l85cwoa,1,1,268,268,335,335
7mdl34cz:WS001,7mdl34cz,6,6,10,10,20,20
7mk89tt9:WS001,7mk89tt9,1,1,23,23,44,44
7mk89tt9:WS002,7mk89tt9,1,1,50,50,61,61
7mk89tt9:WS003,7mk89tt9,1,1,64,64,73,73
7n0qwzrs:WS001,7n0qwzrs,1,1,8,8,18,18
7n0qwzrs:WS002,7n0qwzrs,1,1,29,29,40,40
7n0qwzrs:WS003,7n0qwzrs,1,1,50,50,61,61
7n9wrcgy:WS001,7n9wrcgy,1,1,17,17,22,22
7nkbo3zc:WS001,7nkbo3zc,1,1,38,38,47,47
7ologesu:WS001,7ologesu,1,1,28,28,38,38
7qv0a617:WS001,7qv0a617,1,1,5,5,17,17
7qv0a617:WS002,7qv0a617,1,1,28,28,60,60
7qv0a617:WS003,7qv0a617,1,1,64,64,74,74
7qv0a617:WS004,7qv0a617,1,1,93,93,102,102
7qv0a617:WS005,7qv0a617,1,1,103,103,111,111
7rloc0sf:WS001,7rloc0sf,1,1,28,28,34,34
7rx02xv1:WS001,7rx02xv1,5,5,14,14,24,24
7sbsripp:WS001,7sbsripp,1,1,15,15,20,20
7sro7l05:WS001,7sro7l05,2,2,57,59,64,65
7txdm1bs:WS001,7txdm1bs,1,1,11,11,32,32
7txdm1bs:WS002,7txdm1bs,1,1,41,41,56,56
7txdm1bs:WS003,7txdm1bs,1,1,66,66,77,77
7v9ztirf:WS001,7v9ztirf,1,1,42,42,54,54
7v9ztirf:WS002,7v9ztirf,1,1,57,57,69,69
7v9ztirf:WS003,7v9ztirf,1,1,71,71,83,83
7vii9obn:WS001,7vii9obn,4,4,12,12,22,22
7w1y7nse:WS001,7w1y7nse,4,4,12,12,22,22
7wutyllc:WS001,7wutyllc,1,1,24,24,29,29
7ynq921l:WS001,7ynq921l,2,2,16,16,21,21
7ywnbfed:WS001,7ywnbfed,1,1,35,35,42,42
7ywnbfed:WS002,7ywnbfed,1,1,53,53,58,58
7zdbvd3m:WS001,7zdbvd3m,1,1,29,29,115,115
800b5eac:WS001,800b5eac,1,1,26,26,35,35
800evlqy:WS001,800evlqy,3,3,15,15,20,20
80906bf9:WS001,80906bf9,1,1,15,15,26,26
80c1bsgj:WS001,80c1bsgj,1,1,5,5,42,42
8108b358:WS001,8108b358,1,1,24,24,111,111
81sl9avs:WS001,81sl9avs,1,1,21,21,55,55
835qgtax:WS001,835qgtax,1,1,55,55,71,71
835qgtax:WS002,835qgtax,1,1,104,104,114,114
83fko2hp:WS001,83fko2hp,4,4,37,37,42,42
83qvx5bk:WS001,83qvx5bk,1,1,70,70,132,132
83y40rzo:WS001,83y40rzo,1,1,18,18,24,24
83y40rzo:WS002,83y40rzo,1,1,30,30,39,39
840l0cnz:WS001,840l0cnz,1,1,20,20,36,36
84cgr6m0:WS001,84cgr6m0,1,1,72,72,90,90
84j2j8fl:WS001,84j2j8fl,1,1,9,9,14,14
851gcyau:WS001,851gcyau,1,1,20,20,50,50
85585220:WS001,85585220,1,1,17,17,25,25
86a88668:WS001,86a88668,1,1,36,36,102,102
86a88668:WS002,86a88668,1,1,150,150,185,185
86d5b29b:WS001,86d5b29b,1,1,32,32,42,42
86hobt2f:WS001,86hobt2f,1,1,34,34,71,71
86hobt2f:WS002,86hobt2f,1,1,74,74,116,116
86hobt2f:WS003,86hobt2f,1,1,125,125,151,151
86l5tqpe:WS001,86l5tqpe,1,1,24,24,45,45
86vx5lfe:WS001,86vx5lfe,1,1,44,44,51,51
86vx5lfe:WS002,86vx5lfe,1,1,54,54,83,83
86vx5lfe:WS003,86vx5lfe,1,1,90,90,97,97
8788747f:WS001,8788747f,1,1,15,15,31,31
89b5mx0s:WS001,89b5mx0s,1,1,20,20,45,45
8a48f62a:WS001,8a48f62a,1,1,18,18,24,24
8bb9a221:WS001,8bb9a221,1,1,8,8,31,31
8d4ikenm:WS001,8d4ikenm,3,3,25,25,30,30
8euadjai:WS001,8euadjai,1,1,15,15,23,23
8fenxv7t:WS001,8fenxv7t,3,3,8,8,18,18
8joekpqr:WS001,8joekpqr,1,1,28,28,44,44
8k2g8yo4:WS001,8k2g8yo4,1,1,22,22,51,51
8k2g8yo4:WS002,8k2g8yo4,1,1,56,56,109,109
8kbx6r2m:WS001,8kbx6r2m,4,4,10,10,20,20
8oau92vd:WS001,8oau92vd,1,1,33,33,38,38
8p2s8ksh:WS001,8p2s8ksh,2,2,14,14,24,24
8p4phgwd:WS001,8p4phgwd,1,1,15,15,22,22
8p4phgwd:WS002,8p4phgwd,1,1,74,74,81,81
8rcn91yv:WS001,8rcn91yv,1,1,29,29,43,43
8tvotg2q:WS001,8tvotg2q,1,1,14,14,32,32
8u2tbyaj:WS001,8u2tbyaj,1,1,31,31,120,120
8xl2rojx:WS001,8xl2rojx,1,1,13,13,20,20
8xqb6in8:WS001,8xqb6in8,1,1,6,6,26,26
8xqb6in8:WS002,8xqb6in8,1,1,164,164,199,199
8xqb6in8:WS003,8xqb6in8,1,1,206,206,273,273
8xqb6in8:WS004,8xqb6in8,1,1,279,279,332,332
8xqb6in8:WS005,8xqb6in8,1,1,350,350,356,356
8ypfmpw8:WS001,8ypfmpw8,1,1,29,29,54,54
91oqpnra:WS001,91oqpnra,2,2,13,13,23,23
91yea99y:WS001,91yea99y,1,1,19,19,24,24
93g29upt:WS001,93g29upt,2,2,16,16,21,21
95215aa1:WS001,95215aa1,1,1,18,18,30,30
95215aa1:WS002,95215aa1,1,1,50,50,84,84
95hiop0z:WS001,95hiop0z,1,1,31,31,61,61
95ndszvf:WS001,95ndszvf,1,1,54,54,133,133
96o1qrxy:WS001,96o1qrxy,1,1,5,5,28,28
96o1qrxy:WS002,96o1qrxy,1,1,33,33,128,128
96on06h2:WS001,96on06h2,1,1,18,18,31,31
96on06h2:WS002,96on06h2,1,1,42,42,91,91
96on06h2:WS003,96on06h2,1,1,104,104,110,110
972t0d6c:WS001,972t0d6c,1,1,6,6,81,81
972t0d6c:WS002,972t0d6c,1,1,86,86,137,137
97hbcoc1:WS001,97hbcoc1,2,2,15,15,20,20
97j6pq0m:WS001,97j6pq0m,1,1,15,15,20,20
97j6pq0m:WS002,97j6pq0m,1,1,36,36,90,90
98weslia:WS001,98weslia,1,1,16,16,41,41
98weslia:WS002,98weslia,1,1,59,59,85,85
99mkjwfy:WS001,99mkjwfy,1,1,18,18,40,40
99mkjwfy:WS002,99mkjwfy,1,1,59,59,99,99
99mkjwfy:WS003,99mkjwfy,1,1,121,121,185,185
99mkjwfy:WS004,99mkjwfy,1,1,247,247,259,259
99mkjwfy:WS005,99mkjwfy,1,1,363,363,402,402
99pez38k:WS001,99pez38k,1,1,16,16,21,21
9a1146b3:WS001,9a1146b3,1,1,39,39,51,51
9a1146b3:WS002,9a1146b3,1,1,55,55,118,118
9agsjvi9:WS001,9agsjvi9,1,1,15,15,30,30
9aj0g67z:WS001,9aj0g67z,1,1,20,20,40,40
9ap4lfgx:WS001,9ap4lfgx,4,4,52,52,57,57
9c88ae45:WS001,9c88ae45,1,1,34,34,43,43
9cu2gvby:WS001,9cu2gvby,2,2,16,16,21,21
9e3s6s3u:WS001,9e3s6s3u,1,1,12,12,36,36
9g0v3wxp:WS001,9g0v3wxp,1,1,564,564,576,576
9im7obz8:WS001,9im7obz8,1,1,46,46,60,60
9jdkj9xd:WS001,9jdkj9xd,2,2,17,17,22,22
9kp85suk:WS001,9kp85suk,1,1,17,17,37,37
9lav7dy0:WS001,9lav7dy0,1,1,50,50,62,62
9m43avjl:WS001,9m43avjl,1,1,31,31,36,36
9m4btz1a:WS001,9m4btz1a,1,1,97,97,199,199
9nb7skh5:WS001,9nb7skh5,1,1,17,17,34,34
9nb7skh5:WS002,9nb7skh5,1,1,63,63,72,72
9nb7skh5:WS003,9nb7skh5,1,1,92,92,160,160
9ojkz2pi:WS001,9ojkz2pi,1,1,17,17,22,22
9ojkz2pi:WS002,9ojkz2pi,1,1,93,93,99,99
9pq6rtnl:WS001,9pq6rtnl,3,3,31,31,36,36
9uy07xcw:WS001,9uy07xcw,1,1,16,16,48,48
9uy07xcw:WS002,9uy07xcw,1,1,58,58,80,80
9w977prr:WS001,9w977prr,1,1,29,29,34,34
9xt52rgc:WS001,9xt52rgc,1,1,10,10,16,16
9y93ldk0:WS001,9y93ldk0,1,1,6,6,17,17
9y93ldk0:WS002,9y93ldk0,1,1,19,19,28,28
9y93ldk0:WS003,9y93ldk0,1,1,30,30,39,39
9y93ldk0:WS004,9y93ldk0,1,1,43,43,54,54
9y93ldk0:WS005,9y93ldk0,1,1,57,57,66,66
9y93ldk0:WS006,9y93ldk0,1,1,69,69,80,80
9y93ldk0:WS007,9y93ldk0,1,1,84,84,93,93
9yevc674:WS001,9yevc674,1,1,11,11,18,18
9yevc674:WS002,9yevc674,1,1,83,83,184,184
9zy3hzxy:WS001,9zy3hzxy,1,1,45,45,75,75
a02ed92c:WS001,a02ed92c,1,1,14,14,24,24
a0ckgxk1:WS001,a0ckgxk1,3,3,22,22,27,27
a11hqhcm:WS001,a11hqhcm,2,2,19,19,24,24
a1fmtf80:WS001,a1fmtf80,1,1,75,75,89,89
a338c8aa:WS001,a338c8aa,1,1,13,13,18,18
a3hz969w:WS001,a3hz969w,1,1,13,13,23,23
a3sg0mjb:WS001,a3sg0mjb,1,1,6,6,16,16
a5905593:WS001,a5905593,1,1,160,160,171,171
a593f7n7:WS001,a593f7n7,1,1,13,13,23,23
a5rqwkmb:WS001,a5rqwkmb,1,1,61,61,85,85
a5rqwkmb:WS002,a5rqwkmb,1,1,100,100,117,117
a7eb6616:WS001,a7eb6616,1,1,14,14,28,28
a7gk2m38:WS001,a7gk2m38,1,1,19,19,28,28
a7gk2m38:WS002,a7gk2m38,1,1,34,34,45,45
a7gk2m38:WS003,a7gk2m38,1,1,50,50,88,88
a7gk2m38:WS004,a7gk2m38,1,1,94,94,129,129
a8nqsxj4:WS001,a8nqsxj4,1,1,23,23,39,39
aa718745:WS001,aa718745,1,1,24,24,42,42
aa718745:WS002,aa718745,1,1,43,43,54,54
aaecaa39:WS001,aaecaa39,1,1,23,23,32,32
aaecaa39:WS002,aaecaa39,1,1,43,43,88,88
aatd0ihe:WS001,aatd0ihe,1,1,51,51,84,84
abhlzx1b:WS001,abhlzx1b,2,2,19,19,24,24
ae470d2b:WS001,ae470d2b,1,1,5,5,16,16
aemwtn1g:WS001,aemwtn1g,5,5,16,16,21,21
aesj889h:WS001,aesj889h,1,1,42,42,59,59
agrkn4yw:WS001,agrkn4yw,1,1,34,34,39,39
aha7fefz:WS001,aha7fefz,2,2,49,50,58,60
ahwmbh8k:WS001,ahwmbh8k,1,1,26,26,31,31
aj8v749b:WS001,aj8v749b,1,1,7,7,95,95
aj8v749b:WS002,aj8v749b,1,1,139,139,144,144
ajs0hbue:WS001,ajs0hbue,1,1,57,57,64,64
akhpu665:WS001,akhpu665,1,1,57,57,62,62
alfdbu4o:WS001,alfdbu4o,1,1,8,8,25,25
alfdbu4o:WS002,alfdbu4o,1,1,67,67,95,95
alfdbu4o:WS003,alfdbu4o,1,1,120,120,126,126
amv2ud0g:WS001,amv2ud0g,1,1,56,56,65,65
amv2ud0g:WS002,amv2ud0g,1,1,154,154,207,207
amv2ud0g:WS003,amv2ud0g,1,1,234,234,259,259
amv2ud0g:WS004,amv2ud0g,1,1,315,315,337,337
amv2ud0g:WS005,amv2ud0g,1,1,354,354,364,364
apcrcui1:WS001,apcrcui1,1,1,84,84,132,132
appng8ek:WS001,appng8ek,1,1,22,22,27,27
appng8ek:WS002,appng8ek,1,1,120,120,125,125
appng8ek:WS003,appng8ek,1,1,130,130,140,140
appng8ek:WS004,appng8ek,1,1,161,161,169,169
appng8ek:WS005,appng8ek,1,1,223,223,272,272
appng8ek:WS006,appng8ek,1,1,293,293,300,300
appng8ek:WS007,appng8ek,1,1,342,342,362,362
aqjtx5yy:WS001,aqjtx5yy,4,4,24,24,29,29
asl53sz3:WS001,asl53sz3,2,2,19,19,24,24
atdixk0j:WS001,atdixk0j,1,1,41,41,48,48
atwg18fz:WS001,atwg18fz,1,1,18,18,80,80
ax2z573f:WS001,ax2z573f,1,1,135,135,141,141
ax2z573f:WS002,ax2z573f,1,1,155,155,168,168
ax5w48j9:WS001,ax5w48j9,1,1,10,10,18,18
ax5w48j9:WS002,ax5w48j9,1,1,25,25,45,45
ax5w48j9:WS003,ax5w48j9,1,1,86,86,94,94
ax5w48j9:WS004,ax5w48j9,1,1,104,104,140,140
aztoshv3:WS001,aztoshv3,1,1,29,29,35,35
b00d0gai:WS001,b00d0gai,1,1,65,65,137,137
b00d0gai:WS002,b00d0gai,1,1,143,143,149,149
b0ifnvvg:WS001,b0ifnvvg,1,1,20,20,25,25
b0mtgzyz:WS001,b0mtgzyz,1,1,10,10,15,15
b1sdh8l4:WS001,b1sdh8l4,1,1,5,5,24,24
b1sdh8l4:WS002,b1sdh8l4,1,1,32,32,47,47
b1sdh8l4:WS003,b1sdh8l4,1,1,55,55,77,77
b1sdh8l4:WS004,b1sdh8l4,1,1,83,83,98,98
b1vj9u8n:WS001,b1vj9u8n,1,1,28,28,34,34
b1vj9u8n:WS002,b1vj9u8n,1,1,50,50,56,56
b2smrwbu:WS001,b2smrwbu,1,1,117,117,162,162
b2smrwbu:WS002,b2smrwbu,1,1,217,217,223,223
b2smrwbu:WS003,b2smrwbu,1,1,238,238,255,255
b2smrwbu:WS004,b2smrwbu,1,1,322,322,342,342
b2smrwbu:WS005,b2smrwbu,1,1,363,363,368,368
b2smrwbu:WS006,b2smrwbu,1,1,397,397,410,410
b2smrwbu:WS007,b2smrwbu,1,1,447,447,467,467
b2smrwbu:WS008,b2smrwbu,1,1,491,491,501,501
b2smrwbu:WS009,b2smrwbu,1,1,516,516,522,522
b2smrwbu:WS010,b2smrwbu,1,1,533,533,569,569
b3f5d019:WS001,b3f5d019,1,1,5,5,20,20
b3whg9cn:WS001,b3whg9cn,1,1,34,34,48,48
b40cvjbt:WS001,b40cvjbt,1,1,74,74,79,79
b40cvjbt:WS002,b40cvjbt,1,1,98,98,181,181
b5276b3f:WS001,b5276b3f,1,1,18,18,59,59
b563b04f:WS001,b563b04f,1,1,11,11,19,19
b563b04f:WS002,b563b04f,1,1,162,162,172,172
b563b04f:WS003,b563b04f,1,1,199,199,217,217
b638fuhf:WS001,b638fuhf,1,1,33,33,38,38
b69cfwx2:WS001,b69cfwx2,1,1,11,11,30,30
b7uypu57:WS001,b7uypu57,1,1,10,10,97,97
b8g1hlla:WS001,b8g1hlla,1,1,39,39,45,45
b8g1hlla:WS002,b8g1hlla,1,1,68,68,103,103
b8i6pbai:WS001,b8i6pbai,1,1,67,67,102,102
b942ce0a:WS001,b942ce0a,1,1,30,30,42,42
barjazzs:WS001,barjazzs,1,1,80,80,85,85
barjazzs:WS002,barjazzs,1,1,88,88,97,97
bb720wk0:WS001,bb720wk0,1,1,23,23,51,51
bb720wk0:WS002,bb720wk0,1,1,60,60,66,66
bbggbe9r:WS001,bbggbe9r,1,1,7,7,16,16
bbggbe9r:WS002,bbggbe9r,1,1,32,32,45,45
bd9untye:WS001,bd9untye,1,1,34,34,101,101
bdsh5w7x:WS001,bdsh5w7x,6,6,17,17,22,22
bdyb0l2k:WS001,bdyb0l2k,1,1,19,19,24,24
bg5mb9f0:WS001,bg5mb9f0,1,1,26,26,39,39
bg5mb9f0:WS002,bg5mb9f0,1,1,56,56,79,79
bhgb8g74:WS001,bhgb8g74,1,1,40,40,53,53
bi0x1yv0:WS001,bi0x1yv0,1,1,20,20,32,32
bi0x1yv0:WS002,bi0x1yv0,1,1,36,36,49,49
bi0x1yv0:WS003,bi0x1yv0,1,1,52,52,82,82
bi0x1yv0:WS004,bi0x1yv0,1,1,87,87,104,104
bina7akt:WS001,bina7akt,1,1,12,12,37,37
bina7akt:WS002,bina7akt,1,1,76,76,82,82
biw4n2zr:WS001,biw4n2zr,4,4,12,12,22,22
bjol1e2g:WS001,bjol1e2g,3,3,12,12,22,22
bktoqm1o:WS001,bktoqm1o,1,1,53,53,63,63
bktoqm1o:WS002,bktoqm1o,1,1,65,65,104,104
bktoqm1o:WS003,bktoqm1o,1,1,114,114,124,124
bktoqm1o:WS004,bktoqm1o,1,1,144,144,151,151
bktoqm1o:WS005,bktoqm1o,1,1,173,173,203,203
bktoqm1o:WS006,bktoqm1o,1,1,269,269,298,298
bktoqm1o:WS007,bktoqm1o,1,1,308,308,328,328
bltnhjdf:WS001,bltnhjdf,1,1,8,8,95,95
bqh2clgv:WS001,bqh2clgv,3,3,13,13,23,23
bryllipv:WS001,bryllipv,1,1,8,8,34,34
bs682lah:WS001,bs682lah,1,1,25,25,38,38
bs682lah:WS002,bs682lah,1,1,79,79,96,96
bs682lah:WS003,bs682lah,1,1,144,144,164,164
bsai0maq:WS001,bsai0maq,1,1,7,7,31,31
bsai0maq:WS002,bsai0maq,1,1,45,45,61,61
bsai0maq:WS003,bsai0maq,1,1,73,73,92,92
bsg4cjs7:WS001,bsg4cjs7,1,1,9,9,65,65
bsg4cjs7:WS002,bsg4cjs7,1,1,78,78,116,116
bt1liakw:WS001,bt1liakw,1,1,38,38,47,47
bt1liakw:WS002,bt1liakw,1,1,56,56,66,66
btjs8cuu:WS001,btjs8cuu,1,1,16,16,27,27
bts4u1jf:WS001,bts4u1jf,1,1,10,10,47,47
bts4u1jf:WS002,bts4u1jf,1,1,112,112,117,117
bvmdlnk1:WS001,bvmdlnk1,1,1,8,8,65,65
bxkfw36g:WS001,bxkfw36g,2,2,16,16,21,21
bxrhtygu:WS001,bxrhtygu,1,1,41,41,73,73
byuenv6o:WS001,byuenv6o,1,1,21,21,31,31
c2lhrrfz:WS001,c2lhrrfz,1,1,17,17,25,25
c3i3wddf:WS001,c3i3wddf,1,1,7,7,12,12
c4byyr29:WS001,c4byyr29,1,1,16,16,151,151
c4byyr29:WS002,c4byyr29,1,1,162,162,171,171
c4m5op9o:WS001,c4m5op9o,5,5,7,7,17,17
c5z6ao6m:WS001,c5z6ao6m,1,1,21,21,37,37
c5z6ao6m:WS002,c5z6ao6m,1,1,40,40,45,45
c7fe0584:WS001,c7fe0584,1,1,43,43,59,59
c7fe0584:WS002,c7fe0584,1,1,61,61,83,83
c7fe0584:WS003,c7fe0584,1,1,123,123,129,129
c7fe0584:WS004,c7fe0584,1,1,135,135,144,144
c7fe0584:WS005,c7fe0584,1,1,150,150,155,155
c7fe0584:WS006,c7fe0584,1,1,178,178,191,191
c7fe0584:WS007,c7fe0584,1,1,215,215,220,220
c7fe0584:WS008,c7fe0584,1,1,274,274,289,289
c7fe0584:WS009,c7fe0584,1,1,303,303,322,322
c7ria50r:WS001,c7ria50r,1,1,9,9,32,32
c7ria50r:WS002,c7ria50r,1,1,55,55,86,86
c9f7f69d:WS001,c9f7f69d,1,1,25,25,30,30
cbnf9yfu:WS001,cbnf9yfu,2,2,23,25,31,31
cbnf9yfu:WS002,cbnf9yfu,2,2,73,75,83,83
cc32235b:WS001,cc32235b,2,2,5,5,11,11
cc32235b:WS002,cc32235b,1,1,26,26,56,56
cc32235b:WS003,cc32235b,1,1,36,36,43,43
cc32235b:WS004,cc32235b,1,1,48,48,54,54
cc41ba05:WS001,cc41ba05,1,1,79,79,84,84
ccp90wle:WS001,ccp90wle,1,1,77,77,83,83
ccp90wle:WS002,ccp90wle,1,1,148,148,160,160
ccp90wle:WS003,ccp90wle,1,1,169,169,185,185
ccp90wle:WS004,ccp90wle,1,1,210,210,224,224
ccp90wle:WS005,ccp90wle,1,1,256,256,262,262
ccp90wle:WS006,ccp90wle,1,1,329,329,343,343
cdhyb1sm:WS001,cdhyb1sm,1,1,93,93,148,148
cdkcp5xi:WS001,cdkcp5xi,1,1,49,49,77,77
ce273ghv:WS001,ce273ghv,1,1,15,15,40,40
ce273ghv:WS002,ce273ghv,1,1,45,45,77,77
ce273ghv:WS003,ce273ghv,1,1,89,89,96,96
ce273ghv:WS004,ce273ghv,1,1,107,107,115,115
ce273ghv:WS005,ce273ghv,1,1,140,140,150,150
ceuol9pe:WS001,ceuol9pe,1,1,28,28,34,34
cii0sth4:WS001,cii0sth4,5,5,24,24,29,29
cjtkwxdw:WS001,cjtkwxdw,2,2,17,17,22,22
cmmzeeko:WS001,cmmzeeko,1,1,53,53,79,79
cmmzeeko:WS002,cmmzeeko,1,1,91,91,120,120
co6dm8e2:WS001,co6dm8e2,1,1,56,56,76,76
co6dm8e2:WS002,co6dm8e2,1,1,82,82,96,96
cpx3urwx:WS001,cpx3urwx,2,2,25,25,30,30
cq3m4de8:WS001,cq3m4de8,1,1,5,5,15,15
cqgzvw67:WS001,cqgzvw67,1,1,19,19,67,67
csokkzd1:WS001,csokkzd1,1,1,6,6,41,41
cssul0b3:WS001,cssul0b3,8,8,55,55,60,60
ctc4aocu:WS001,ctc4aocu,1,1,37,37,52,52
ctu5ydy8:WS001,ctu5ydy8,1,1,75,75,97,97
cv63itgy:WS001,cv63itgy,1,1,77,77,88,88
cv63itgy:WS002,cv63itgy,1,1,108,108,116,116
cv93mtux:WS001,cv93mtux,1,1,30,30,35,35
cvcwg4bh:WS001,cvcwg4bh,1,1,34,34,117,117
cvcwg4bh:WS002,cvcwg4bh,1,1,135,135,319,319
cvcwg4bh:WS003,cvcwg4bh,1,1,325,325,333,333
cxhkrobf:WS001,cxhkrobf,1,1,17,17,26,26
cxhkrobf:WS002,cxhkrobf,1,1,28,28,33,33
cxlteppe:WS001,cxlteppe,1,1,24,24,29,29
cy6jwsdj:WS001,cy6jwsdj,1,1,9,9,35,35
cyb6qwlx:WS001,cyb6qwlx,5,5,6,6,16,16
czo7tdq5:WS001,czo7tdq5,1,1,14,14,42,42
d1d95c61:WS001,d1d95c61,1,1,37,37,46,46
d1rvvqxj:WS001,d1rvvqxj,1,1,6,6,24,24
d1rvvqxj:WS002,d1rvvqxj,1,1,34,34,51,51
d1rvvqxj:WS003,d1rvvqxj,1,1,60,60,80,80
d387ccfj:WS001,d387ccfj,1,1,57,57,62,62
d387ccfj:WS002,d387ccfj,1,1,69,69,74,74
d46e771b:WS001,d46e771b,1,1,93,93,146,146
d46e771b:WS002,d46e771b,1,1,165,165,180,180
d6rw88ok:WS001,d6rw88ok,5,5,7,7,17,17
d7058a0d:WS001,d7058a0d,1,1,5,5,63,63
d7058a0d:WS002,d7058a0d,1,1,187,187,197,197
d850pplf:WS001,d850pplf,1,1,10,10,46,46
d8scju3l:WS001,d8scju3l,1,1,13,13,32,32
d8scju3l:WS002,d8scju3l,1,1,53,53,68,68
d97c9309:WS001,d97c9309,1,1,73,73,92,92
da5e4bc5:WS001,da5e4bc5,1,1,43,43,58,58
dbaldnem:WS001,dbaldnem,1,1,8,8,67,67
dbaldnem:WS002,dbaldnem,1,1,89,89,103,103
dbaldnem:WS003,dbaldnem,1,1,107,107,117,117
dc4jf8pa:WS001,dc4jf8pa,1,1,6,6,70,70
dd7j94sk:WS001,dd7j94sk,1,1,15,15,20,20
dde85a9d:WS001,dde85a9d,1,1,13,13,20,20
dduhmge2:WS001,dduhmge2,1,1,34,34,44,44
dduhmge2:WS002,dduhmge2,1,1,52,52,59,59
dec1f5rb:WS001,dec1f5rb,1,1,7,7,35,35
dec1f5rb:WS002,dec1f5rb,1,1,48,48,71,71
deg4avnp:WS001,deg4avnp,1,1,39,39,45,45
deg4avnp:WS002,deg4avnp,1,1,90,90,235,235
deg4avnp:WS003,deg4avnp,1,1,257,257,324,324
deum4vnu:WS001,deum4vnu,1,1,32,32,47,47
dfm72atf:WS001,dfm72atf,1,1,38,38,47,47
dfninzty:WS001,dfninzty,1,1,30,30,48,48
dfninzty:WS002,dfninzty,1,1,65,65,70,70
dfninzty:WS003,dfninzty,1,1,77,77,82,82
dfxx4awr:WS001,dfxx4awr,1,1,91,91,105,105
dgampbmq:WS001,dgampbmq,1,1,18,18,23,23
dgampbmq:WS002,dgampbmq,1,1,25,25,54,54
dgampbmq:WS003,dgampbmq,1,1,66,66,71,71
dhgcw08t:WS001,dhgcw08t,1,1,13,13,108,108
dj5rdtah:WS001,dj5rdtah,1,1,9,9,18,18
dj5rdtah:WS002,dj5rdtah,1,1,33,33,43,43
dj5rdtah:WS003,dj5rdtah,1,1,59,59,70,70
dj5rdtah:WS004,dj5rdtah,1,1,74,74,80,80
dkcfmv1a:WS001,dkcfmv1a,9,9,5,5,10,10
dnfi0g62:WS001,dnfi0g62,1,1,12,12,31,31
dnfi0g62:WS002,dnfi0g62,1,1,85,85,99,99
drbuj5di:WS001,drbuj5di,1,1,20,20,25,25
duczdfw4:WS001,duczdfw4,1,1,11,11,40,40
duczdfw4:WS002,duczdfw4,1,1,49,49,54,54
duczdfw4:WS003,duczdfw4,1,1,75,75,87,87
duwm3td7:WS001,duwm3td7,1,1,5,5,12,12
dwzutkgj:WS001,dwzutkgj,1,1,10,10,59,59
dxcmql4o:WS001,dxcmql4o,1,1,29,29,55,55
dxcmql4o:WS002,dxcmql4o,1,1,68,68,104,104
dxcmql4o:WS003,dxcmql4o,1,1,133,133,180,180
dxcmql4o:WS004,dxcmql4o,1,1,229,229,302,302
dydonjyb:WS001,dydonjyb,1,1,19,19,48,48
dz9ct5wb:WS001,dz9ct5wb,1,1,39,39,46,46
dz9ct5wb:WS002,dz9ct5wb,1,1,58,58,74,74
dz9ct5wb:WS003,dz9ct5wb,1,1,87,87,105,105
dzfqjewm:WS001,dzfqjewm,1,1,34,34,65,65
e14d1f96:WS001,e14d1f96,1,1,31,31,46,46
e15225j4:WS001,e15225j4,1,1,10,10,113,113
e15225j4:WS002,e15225j4,1,1,126,126,168,168
e23c6392:WS001,e23c6392,1,1,9,9,27,27
e2qxuriu:WS001,e2qxuriu,1,1,8,8,57,57
e3oqggr3:WS001,e3oqggr3,2,2,15,15,25,25
e3oqggr3:WS002,e3oqggr3,2,2,26,26,35,35
e3uawo8p:WS001,e3uawo8p,4,4,16,16,21,21
e3vapq7p:WS001,e3vapq7p,1,1,6,6,11,11
e3vapq7p:WS002,e3vapq7p,1,1,17,17,33,33
e4b6d2a0:WS001,e4b6d2a0,1,1,110,110,129,129
e5e9eb29:WS001,e5e9eb29,1,1,42,42,113,113
e5ry3cp2:WS001,e5ry3cp2,1,1,40,40,53,53
e607450d:WS001,e607450d,1,1,47,47,76,76
e6348d2c:WS001,e6348d2c,1,1,100,100,106,106
e6348d2c:WS002,e6348d2c,1,1,107,107,124,124
e65ntk3s:WS001,e65ntk3s,7,7,58,58,63,63
e681ogmx:WS001,e681ogmx,1,1,182,182,222,222
e681ogmx:WS002,e681ogmx,1,1,277,277,302,302
e681ogmx:WS003,e681ogmx,1,1,365,365,371,371
e6gjwl0h:WS001,e6gjwl0h,1,1,28,28,40,40
e6gjwl0h:WS002,e6gjwl0h,1,1,85,85,90,90
e7b34ab6:WS001,e7b34ab6,1,1,11,11,54,54
e7habwfg:WS001,e7habwfg,1,1,9,9,135,135
e7rejjns:WS001,e7rejjns,1,1,131,131,158,158
ea65e6b7:WS001,ea65e6b7,1,1,32,32,44,44
eac1a9e6:WS001,eac1a9e6,1,1,13,13,19,19
eaff3301:WS001,eaff3301,2,2,123,124,130,130
eag5f6kr:WS001,eag5f6kr,4,4,26,26,31,31
eb3vm4eu:WS001,eb3vm4eu,1,1,10,10,15,15
ebh9nvfy:WS001,ebh9nvfy,1,1,18,18,31,31
ebqrfeu7:WS001,ebqrfeu7,1,1,119,119,137,137
ebqrfeu7:WS002,ebqrfeu7,1,1,374,374,382,382
ebqrfeu7:WS003,ebqrfeu7,1,1,391,391,396,396
ebqrfeu7:WS004,ebqrfeu7,1,1,407,407,416,416
edab084s:WS001,edab084s,2,2,22,22,27,27
edny03oq:WS001,edny03oq,1,1,44,44,53,53
edny03oq:WS002,edny03oq,1,1,77,77,91,91
ee059f99:WS001,ee059f99,1,1,112,112,134,134
eeaaa67e:WS001,eeaaa67e,1,1,54,54,68,68
eeaaa67e:WS002,eeaaa67e,1,1,85,85,92,92
eeaaa67e:WS003,eeaaa67e,1,1,94,94,99,99
efk04oqc:WS001,efk04oqc,1,1,56,56,67,67
efk04oqc:WS002,efk04oqc,1,1,71,71,83,83
efk04oqc:WS003,efk04oqc,1,1,101,101,106,106
eghlepz9:WS001,eghlepz9,5,5,27,27,32,32
ejdmfwod:WS001,ejdmfwod,1,1,71,71,77,77
ejor2496:WS001,ejor2496,1,1,108,108,114,114
ek2kew2p:WS001,ek2kew2p,1,1,51,51,126,126
ekt2af6c:WS001,ekt2af6c,10,10,6,6,16,16
ekxyvgl9:WS001,ekxyvgl9,1,1,22,22,31,31
ekxyvgl9:WS002,ekxyvgl9,1,1,36,36,44,44
ekxyvgl9:WS003,ekxyvgl9,1,1,48,48,54,54
em21z9mn:WS001,em21z9mn,1,1,49,49,63,63
endmg0a1:WS001,endmg0a1,1,1,8,8,13,13
enlil56y:WS001,enlil56y,1,1,17,17,55,55
enlil56y:WS002,enlil56y,1,1,64,64,93,93
enlil56y:WS003,enlil56y,1,1,107,107,112,112
eogrrm2m:WS001,eogrrm2m,1,1,21,21,85,85
epxoelt8:WS001,epxoelt8,1,1,39,39,53,53
epxoelt8:WS002,epxoelt8,1,1,84,84,346,346
eq0oe7ux:WS001,eq0oe7ux,1,1,112,112,117,117
esew5ebz:WS001,esew5ebz,1,1,12,12,96,96
esny8g6w:WS001,esny8g6w,1,1,45,45,51,51
euzp36eu:WS001,euzp36eu,1,1,8,8,47,47
euzp36eu:WS002,euzp36eu,1,1,75,75,93,93
ev7qh6xo:WS001,ev7qh6xo,1,1,12,12,22,22
ew8x2uw7:WS001,ew8x2uw7,1,1,60,60,123,123
ew8x2uw7:WS002,ew8x2uw7,1,1,164,164,239,239
ew8x2uw7:WS003,ew8x2uw7,1,1,252,252,283,283
ew8x2uw7:WS004,ew8x2uw7,1,1,295,295,433,433
ewibecpp:WS001,ewibecpp,2,2,15,15,20,20
ewyloxcl:WS001,ewyloxcl,2,2,26,26,31,31
eywxjtzh:WS001,eywxjtzh,1,1,5,5,157,157
ezgrj3gu:WS001,ezgrj3gu,5,5,50,50,55,55
f1pigade:WS001,f1pigade,1,1,39,39,71,71
f24rbcm7:WS001,f24rbcm7,1,1,17,17,46,46
f24rbcm7:WS002,f24rbcm7,1,1,57,57,78,78
f2usscoi:WS001,f2usscoi,1,1,35,35,62,62
f4y4902x:WS001,f4y4902x,1,1,7,7,13,13
f521e3c5:WS001,f521e3c5,1,1,13,13,78,78
f521e3c5:WS002,f521e3c5,1,1,87,87,92,92
f521e3c5:WS003,f521e3c5,1,1,96,96,122,122
f521e3c5:WS004,f521e3c5,1,1,139,139,180,180
f5bdw4ng:WS001,f5bdw4ng,1,1,9,9,48,48
f5bdw4ng:WS002,f5bdw4ng,1,1,72,72,82,82
f5tc3jxg:WS001,f5tc3jxg,1,1,16,16,192,192
f5tc3jxg:WS002,f5tc3jxg,1,1,204,204,336,336
f6uj8gka:WS001,f6uj8gka,1,1,71,71,79,79
f7203226:WS001,f7203226,1,1,14,14,34,34
f7203226:WS002,f7203226,1,1,27,27,32,32
f7d36a47:WS001,f7d36a47,1,1,7,7,17,17
f7tji6df:WS001,f7tji6df,1,1,25,25,30,30
faby6kx9:WS001,faby6kx9,1,1,6,6,37,37
famn2us3:WS001,famn2us3,1,1,58,58,70,70
fc0qnjw2:WS001,fc0qnjw2,1,1,19,19,137,137
fcilvpft:WS001,fcilvpft,1,1,15,15,20,20
fcl5hk5p:WS001,fcl5hk5p,1,1,35,35,125,125
fcrfkavv:WS001,fcrfkavv,1,1,38,38,47,47
febmmwzw:WS001,febmmwzw,1,1,16,16,33,33
febmmwzw:WS002,febmmwzw,1,1,37,37,90,90
febw0xm6:WS001,febw0xm6,1,1,57,57,65,65
ff9dvpq5:WS001,ff9dvpq5,3,3,12,12,22,22
ffc952kx:WS001,ffc952kx,1,1,39,39,52,52
fgnoc8jg:WS001,fgnoc8jg,4,4,12,12,22,22
fihg1bdo:WS001,fihg1bdo,1,1,24,24,32,32
fihg1bdo:WS002,fihg1bdo,1,1,48,48,63,63
fky3slw8:WS001,fky3slw8,4,4,12,12,22,22
flg5ike4:WS001,flg5ike4,1,1,62,62,81,81
fmt51n4s:WS001,fmt51n4s,5,5,13,13,18,18
fmzx1ro9:WS001,fmzx1ro9,1,1,56,56,69,69
fmzx1ro9:WS002,fmzx1ro9,1,1,114,114,126,126
fmzx1ro9:WS003,fmzx1ro9,1,1,178,178,200,200
fmzx1ro9:WS004,fmzx1ro9,1,1,214,214,231,231
fmzx1ro9:WS005,fmzx1ro9,1,1,235,235,256,256
fmzx1ro9:WS006,fmzx1ro9,1,1,312,312,338,338
fmzx1ro9:WS007,fmzx1ro9,1,1,346,346,354,354
fom0ccgy:WS001,fom0ccgy,1,1,12,12,121,121
fom0ccgy:WS002,fom0ccgy,1,1,177,177,191,191
fom0ccgy:WS003,fom0ccgy,1,1,197,197,253,253
fowmweq6:WS001,fowmweq6,1,1,40,40,47,47
fpcf8jx1:WS001,fpcf8jx1,3,3,10,10,20,20
fsi3n9sa:WS001,fsi3n9sa,1,1,16,16,28,28
ftlqgyht:WS001,ftlqgyht,2,2,16,16,21,21
fvs6htn8:WS001,fvs6htn8,6,6,31,31,36,36
fvuleox7:WS001,fvuleox7,1,1,23,23,83,83
fvuleox7:WS002,fvuleox7,1,1,100,100,155,155
fwuh0aru:WS001,fwuh0aru,1,1,72,72,77,77
g06t0xax:WS001,g06t0xax,1,1,42,42,207,207
g06t0xax:WS002,g06t0xax,1,1,225,225,352,352
g0vyj6g0:WS001,g0vyj6g0,8,8,8,10,20,21
g2uddkam:WS001,g2uddkam,1,1,12,12,29,29
g4zcpt2m:WS001,g4zcpt2m,1,1,12,12,22,22
g4zcpt2m:WS002,g4zcpt2m,1,1,23,23,34,34
g6ir5t2f:WS001,g6ir5t2f,3,3,6,8,17,18
g6ir5t2f:WS002,g6ir5t2f,3,3,29,31,46,48
g6ir5t2f:WS003,g6ir5t2f,3,3,85,85,94,95
g8wzhwn6:WS001,g8wzhwn6,1,1,24,24,54,54
g8wzhwn6:WS002,g8wzhwn6,1,1,61,61,68,68
g8wzhwn6:WS003,g8wzhwn6,1,1,76,76,83,83
g9ikdw9x:WS001,g9ikdw9x,10,10,31,31,36,36
gbu02yyq:WS001,gbu02yyq,2,2,24,24,29,29
gcsl0xy5:WS001,gcsl0xy5,1,1,52,52,57,57
gdef16mu:WS001,gdef16mu,1,1,167,167,211,211
gdef16mu:WS002,gdef16mu,1,1,266,266,320,320
gdef16mu:WS003,gdef16mu,1,1,341,341,406,406
gdef16mu:WS004,gdef16mu,1,1,440,440,540,540
gdl8kjyo:WS001,gdl8kjyo,1,1,17,17,32,32
gdl8kjyo:WS002,gdl8kjyo,1,1,53,53,60,60
gfqwtouk:WS001,gfqwtouk,1,1,17,17,22,22
gfvtx21c:WS001,gfvtx21c,1,1,14,14,44,44
gfvtx21c:WS002,gfvtx21c,1,1,52,52,79,79
ggmod0c3:WS001,ggmod0c3,1,1,29,29,40,40
ghg9k8ra:WS001,ghg9k8ra,1,1,13,13,23,23
gjtgfzps:WS001,gjtgfzps,1,1,19,19,85,85
gjtgfzps:WS002,gjtgfzps,1,1,94,94,101,101
gljj04fy:WS001,gljj04fy,2,2,15,15,20,20
gm432ls3:WS001,gm432ls3,1,1,11,11,26,26
gmch721h:WS001,gmch721h,1,1,26,26,40,40
gmch721h:WS002,gmch721h,1,1,46,46,51,51
gmch721h:WS003,gmch721h,1,1,90,90,97,97
gmch721h:WS004,gmch721h,1,1,104,104,109,109
gnmih6ba:WS001,gnmih6ba,1,1,22,22,29,29
gnmih6ba:WS002,gnmih6ba,1,1,56,56,68,68
go5l57nf:WS001,go5l57nf,1,1,18,18,42,42
go5l57nf:WS002,go5l57nf,1,1,55,55,60,60
go6pnv02:WS001,go6pnv02,1,1,5,5,23,23
go6pnv02:WS002,go6pnv02,1,1,37,37,48,48
go6pnv02:WS003,go6pnv02,1,1,59,59,69,69
go6pnv02:WS004,go6pnv02,1,1,80,80,89,89
go6pnv02:WS005,go6pnv02,1,1,99,99,107,107
gosqrxdh:WS001,gosqrxdh,1,1,5,5,31,31
gosqrxdh:WS002,gosqrxdh,1,1,51,51,99,99
gqvq4n5t:WS001,gqvq4n5t,1,1,60,60,86,86
gr2jr5mq:WS001,gr2jr5mq,1,1,60,60,73,73
grc82wel:WS001,grc82wel,1,1,46,46,54,54
grc82wel:WS002,grc82wel,1,1,60,60,91,91
gsh2x1h3:WS001,gsh2x1h3,1,1,41,41,120,120
gtbzajqb:WS001,gtbzajqb,1,1,13,13,23,23
gvnh18z0:WS001,gvnh18z0,1,1,8,8,19,19
gvnh18z0:WS002,gvnh18z0,1,1,51,51,59,59
gy34qcdq:WS001,gy34qcdq,1,1,5,5,63,63
gynlnqq1:WS001,gynlnqq1,1,1,90,90,103,103
gynlnqq1:WS002,gynlnqq1,1,1,348,348,375,375
gynlnqq1:WS003,gynlnqq1,1,1,487,487,503,503
gynlnqq1:WS004,gynlnqq1,1,1,506,506,517,517
gynlnqq1:WS005,gynlnqq1,1,1,660,660,673,673
gynlnqq1:WS006,gynlnqq1,1,1,802,802,808,808
gz9huf37:WS001,gz9huf37,1,1,9,9,49,49
h0bjbp6u:WS001,h0bjbp6u,1,1,24,24,30,30
h0txtc32:WS001,h0txtc32,1,1,10,10,16,16
h1ftiuhk:WS001,h1ftiuhk,1,1,46,46,64,64
h1hzzacg:WS001,h1hzzacg,3,3,75,75,80,80
h1tjut91:WS001,h1tjut91,1,1,32,32,42,42
h5cgy7jf:WS001,h5cgy7jf,1,1,28,28,106,106
h6rqsag9:WS001,h6rqsag9,3,3,31,31,36,36
h7btlkbi:WS001,h7btlkbi,1,1,14,14,77,77
h8rt5775:WS001,h8rt5775,1,1,102,102,109,109
h8rt5775:WS002,h8rt5775,1,1,133,133,139,139
h8rt5775:WS003,h8rt5775,1,1,263,263,284,284
h8rt5775:WS004,h8rt5775,1,1,287,287,292,292
hasdlhvf:WS001,hasdlhvf,1,1,9,9,66,66
hcujxvqd:WS001,hcujxvqd,1,1,9,9,35,35
hcujxvqd:WS002,hcujxvqd,1,1,39,39,45,45
hcujxvqd:WS003,hcujxvqd,1,1,48,48,53,53
hcujxvqd:WS004,hcujxvqd,1,1,69,69,82,82
hfvcmd3c:WS001,hfvcmd3c,1,1,18,18,23,23
hg1pk891:WS001,hg1pk891,1,1,21,21,74,74
hg1pk891:WS002,hg1pk891,1,1,83,83,92,92
hgpup8kq:WS001,hgpup8kq,1,1,18,18,25,25
hi45r2a9:WS001,hi45r2a9,1,1,35,35,45,45
hi45r2a9:WS002,hi45r2a9,1,1,67,67,84,84
hi45r2a9:WS003,hi45r2a9,1,1,110,110,128,128
hi45r2a9:WS004,hi45r2a9,1,1,138,138,158,158
hi45r2a9:WS005,hi45r2a9,1,1,160,160,167,167
hi45r2a9:WS006,hi45r2a9,1,1,180,180,185,185
hi45r2a9:WS007,hi45r2a9,1,1,196,196,208,208
hk6xfpt6:WS001,hk6xfpt6,1,1,33,33,54,54
hk6xfpt6:WS002,hk6xfpt6,1,1,69,69,112,112
hk6xfpt6:WS003,hk6xfpt6,2,2,239,240,246,247
hl79prrc:WS001,hl79prrc,1,1,13,13,23,23
hlore8i0:WS001,hlore8i0,1,1,7,7,70,70
hlsugcx2:WS001,hlsugcx2,6,6,7,9,19,20
hm8b1caq:WS001,hm8b1caq,1,1,10,10,29,29
hm8b1caq:WS002,hm8b1caq,1,1,37,37,64,64
hmaj8vpu:WS001,hmaj8vpu,1,1,48,48,59,59
hpo05a0c:WS001,hpo05a0c,1,1,110,110,116,116
hq179nue:WS001,hq179nue,1,1,87,87,111,111
hq179nue:WS002,hq179nue,1,1,145,145,155,155
hr4ef5ei:WS001,hr4ef5ei,1,1,34,34,60,60
hruc8pn7:WS001,hruc8pn7,1,1,11,11,16,16
hu795otq:WS001,hu795otq,6,6,11,11,21,21
hvib8xhl:WS001,hvib8xhl,1,1,45,45,52,52
hxaid41o:WS001,hxaid41o,1,1,19,19,48,48
hy97dn1d:WS001,hy97dn1d,1,1,11,11,17,17
hzehe2ut:WS001,hzehe2ut,4,4,9,9,19,19
hzkwgfld:WS001,hzkwgfld,1,1,27,27,47,47
hzkwgfld:WS002,hzkwgfld,1,1,62,62,98,98
i0ikg524:WS001,i0ikg524,1,1,5,5,15,15
i0ikg524:WS002,i0ikg524,1,1,55,55,60,60
i0ikg524:WS003,i0ikg524,1,1,87,87,137,137
i0ikg524:WS004,i0ikg524,1,1,139,139,144,144
i0ikg524:WS005,i0ikg524,1,1,207,207,217,217
i0t5h5yk:WS001,i0t5h5yk,6,6,16,16,21,21
i28ox9vu:WS001,i28ox9vu,1,1,53,53,58,58
i3bi3vff:WS001,i3bi3vff,1,1,16,16,36,36
i3bi3vff:WS002,i3bi3vff,1,1,46,46,89,89
i41c5jhu:WS001,i41c5jhu,2,2,15,15,20,20
i52snehv:WS001,i52snehv,1,1,62,62,201,201
i52snehv:WS002,i52snehv,1,1,217,217,223,223
i59tybvn:WS001,i59tybvn,4,4,7,7,17,17
iaci5bab:WS001,iaci5bab,1,1,9,9,22,22
iaci5bab:WS002,iaci5bab,1,1,24,24,101,101
iaci5bab:WS003,iaci5bab,1,1,134,134,402,402
icilwr0i:WS001,icilwr0i,1,1,17,17,22,22
ieb8ri3y:WS001,ieb8ri3y,1,1,41,41,98,98
ig7ngb49:WS001,ig7ngb49,2,2,14,14,24,24
iglt67mh:WS001,iglt67mh,1,1,18,18,46,46
ihso6df8:WS001,ihso6df8,1,1,13,13,30,30
iijj01lq:WS001,iijj01lq,1,1,21,21,48,48
iijj01lq:WS002,iijj01lq,1,1,64,64,69,69
ikqgio2y:WS001,ikqgio2y,1,1,10,10,109,109
il662bir:WS001,il662bir,1,1,9,9,93,93
indxj6zk:WS001,indxj6zk,1,1,41,41,52,52
inkwjqj7:WS001,inkwjqj7,1,1,14,14,34,34
ip1mn7f8:WS001,ip1mn7f8,1,1,48,48,67,67
iq25nid0:WS001,iq25nid0,1,1,9,9,63,63
iqxext8k:WS001,iqxext8k,1,1,40,40,52,52
iqxext8k:WS002,iqxext8k,1,1,68,68,82,82
iqxext8k:WS003,iqxext8k,1,1,91,91,96,96
ir8q519z:WS001,ir8q519z,1,1,38,38,44,44
irqvzvn7:WS001,irqvzvn7,2,2,16,16,21,21
is9cesnk:WS001,is9cesnk,2,2,16,17,22,22
iujxpe2c:WS001,iujxpe2c,1,1,32,32,37,37
ixtlirmw:WS001,ixtlirmw,5,5,39,39,44,44
ixvf0apv:WS001,ixvf0apv,1,1,18,18,58,58
j0w6juri:WS001,j0w6juri,1,1,55,55,78,78
j13zc5iu:WS001,j13zc5iu,5,5,52,52,57,57
j1vg5ksv:WS001,j1vg5ksv,1,1,15,15,54,54
j1vg5ksv:WS002,j1vg5ksv,1,1,137,137,331,331
j1w5wp9c:WS001,j1w5wp9c,1,1,22,22,38,38
j1w5wp9c:WS002,j1w5wp9c,1,1,53,53,104,104
j3s3k0nc:WS001,j3s3k0nc,6,6,8,8,18,18
j48bg0o1:WS001,j48bg0o1,2,2,13,13,23,23
j4f2a97n:WS001,j4f2a97n,1,1,182,182,1101,1101
j4f2a97n:WS002,j4f2a97n,1,1,1106,1106,1843,1843
j4f2a97n:WS003,j4f2a97n,1,1,1870,1870,1971,1971
j4f2a97n:WS004,j4f2a97n,1,1,1977,1977,2335,2335
j4f2a97n:WS005,j4f2a97n,1,1,2411,2411,3702,3702
j4f2a97n:WS006,j4f2a97n,1,1,3711,3711,4544,4544
j4f2a97n:WS007,j4f2a97n,1,1,4620,4620,4632,4632
j4f2a97n:WS008,j4f2a97n,1,1,4770,4770,4787,4787
j4f2a97n:WS009,j4f2a97n,1,1,4908,4908,4913,4913
j4f2a97n:WS010,j4f2a97n,1,1,4914,4914,4922,4922
j4f2a97n:WS011,j4f2a97n,1,1,4955,4955,4962,4962
j4f2a97n:WS012,j4f2a97n,1,1,5047,5047,5057,5057
j4f2a97n:WS013,j4f2a97n,1,1,5186,5186,5350,5350
j4f2a97n:WS014,j4f2a97n,1,1,5352,5352,5412,5412
j4f2a97n:WS015,j4f2a97n,1,1,5576,5576,5596,5596
j4f2a97n:WS016,j4f2a97n,1,1,5630,5630,5649,5649
j4f2a97n:WS017,j4f2a97n,1,1,5699,5699,5723,5723
j4f2a97n:WS018,j4f2a97n,1,1,5804,5804,5827,5827
j4f2a97n:WS019,j4f2a97n,1,1,5883,5883,5893,5893
j4f2a97n:WS020,j4f2a97n,1,1,5939,5939,5961,5961
j4f2a97n:WS021,j4f2a97n,1,1,6332,6332,6339,6339
j4f2a97n:WS022,j4f2a97n,1,1,6479,6479,6518,6518
j4f2a97n:WS023,j4f2a97n,1,1,6538,6538,6603,6603
j4f2a97n:WS024,j4f2a97n,1,1,6853,6853,6987,6987
j4f2a97n:WS025,j4f2a97n,1,1,7025,7025,7081,7081
j4f2a97n:WS026,j4f2a97n,1,1,7198,7198,7224,7224
j4f2a97n:WS027,j4f2a97n,1,1,7263,7263,7277,7277
j4f2a97n:WS028,j4f2a97n,1,1,7365,7365,7414,7414
j4f2a97n:WS029,j4f2a97n,1,1,7452,7452,7458,7458
j4f2a97n:WS030,j4f2a97n,1,1,7616,7616,7625,7625
j4f2a97n:WS031,j4f2a97n,1,1,7708,7708,7726,7726
j4f2a97n:WS032,j4f2a97n,1,1,7741,7741,7752,7752
j4j912uc:WS001,j4j912uc,1,1,10,10,19,19
j4j912uc:WS002,j4j912uc,1,1,37,37,75,75
j5ck2wtw:WS001,j5ck2wtw,1,1,11,11,45,45
j5ck2wtw:WS002,j5ck2wtw,1,1,65,65,82,82
j5ck2wtw:WS003,j5ck2wtw,1,1,108,108,118,118
j5ck2wtw:WS004,j5ck2wtw,1,1,212,212,225,225
j5ck2wtw:WS005,j5ck2wtw,1,1,245,245,258,258
j6obrhs3:WS001,j6obrhs3,1,1,8,8,17,17
j7i1pg5v:WS001,j7i1pg5v,1,1,35,35,47,47
j7izfzv7:WS001,j7izfzv7,1,1,429,429,440,440
jcfdzcsg:WS001,jcfdzcsg,1,1,49,49,55,55
jcfdzcsg:WS002,jcfdzcsg,1,1,74,74,85,85
jcfdzcsg:WS003,jcfdzcsg,1,1,106,106,112,112
jcfdzcsg:WS004,jcfdzcsg,1,1,119,119,127,127
jffbt3uo:WS001,jffbt3uo,2,2,28,28,33,33
jfn0cu8r:WS001,jfn0cu8r,3,3,22,22,27,27
ji42gktw:WS001,ji42gktw,1,1,18,18,32,32
ji42gktw:WS002,ji42gktw,1,1,44,44,70,70
ji42gktw:WS003,ji42gktw,1,1,107,107,119,119
ji42gktw:WS004,ji42gktw,1,1,129,129,142,142
ji42gktw:WS005,ji42gktw,1,1,175,175,180,180
ji42gktw:WS006,ji42gktw,1,1,185,185,199,199
ji42gktw:WS007,ji42gktw,1,1,271,271,302,302
ji42gktw:WS008,ji42gktw,1,1,310,310,317,317
ji42gktw:WS009,ji42gktw,1,1,346,346,356,356
ji42gktw:WS010,ji42gktw,1,1,388,388,408,408
ji42gktw:WS011,ji42gktw,1,1,448,448,465,465
ji42gktw:WS012,ji42gktw,1,1,469,469,533,533
jjcy06bh:WS001,jjcy06bh,1,1,5,5,42,42
jjcy06bh:WS002,jjcy06bh,1,1,54,54,82,82
jjq8z7lm:WS001,jjq8z7lm,1,1,17,17,22,22
jnz3z8v3:WS001,jnz3z8v3,1,1,8,8,14,14
jo07pdif:WS001,jo07pdif,1,1,5,5,14,14
jo07pdif:WS002,jo07pdif,1,1,27,27,36,36
jonzenoi:WS001,jonzenoi,1,1,54,54,96,96
jrstebj0:WS001,jrstebj0,1,1,56,56,78,78
jt2ygstu:WS001,jt2ygstu,1,1,5,5,12,12
jtx41psl:WS001,jtx41psl,1,1,21,21,27,27
jtxtyqbl:WS001,jtxtyqbl,2,2,28,28,33,33
jv8e3zxz:WS001,jv8e3zxz,1,1,10,10,26,26
jv8e3zxz:WS002,jv8e3zxz,1,1,29,29,35,35
jv8e3zxz:WS003,jv8e3zxz,1,1,78,78,92,92
jvu8a48s:WS001,jvu8a48s,1,1,76,76,82,82
jy044tyz:WS001,jy044tyz,1,1,11,11,22,22
jy044tyz:WS002,jy044tyz,1,1,33,33,61,61
jy044tyz:WS003,jy044tyz,1,1,81,81,98,98
jylpam6d:WS001,jylpam6d,3,3,9,9,19,19
k0vcz0st:WS001,k0vcz0st,1,1,18,18,38,38
k0vcz0st:WS002,k0vcz0st,1,1,72,72,172,172
k0vcz0st:WS003,k0vcz0st,1,1,186,186,191,191
k369x08x:WS001,k369x08x,1,1,21,21,34,34
k52lrn32:WS001,k52lrn32,1,1,99,99,105,105
k52lrn32:WS002,k52lrn32,1,1,278,278,304,304
k6mwrhcn:WS001,k6mwrhcn,1,1,18,18,85,85
k77xbw1a:WS001,k77xbw1a,1,1,20,20,99,99
k8w3vjn1:WS001,k8w3vjn1,1,1,8,8,47,47
k8w3vjn1:WS002,k8w3vjn1,1,1,80,80,86,86
k8w3vjn1:WS003,k8w3vjn1,1,1,91,91,114,114
k9bxt0u7:WS001,k9bxt0u7,4,4,18,19,58,58
kd9cbxlm:WS001,kd9cbxlm,7,7,15,15,20,20
kfjzty7h:WS001,kfjzty7h,1,1,53,53,66,66
kfjzty7h:WS002,kfjzty7h,1,1,74,74,79,79
kfku0fdg:WS001,kfku0fdg,1,1,18,18,44,44
kfku0fdg:WS002,kfku0fdg,1,1,57,57,97,97
kgb5t4u3:WS001,kgb5t4u3,1,1,11,11,18,18
kgb5t4u3:WS002,kgb5t4u3,1,1,31,31,56,56
kgb5t4u3:WS003,kgb5t4u3,1,1,77,77,85,85
km3lycqv:WS001,km3lycqv,2,2,74,75,82,83
kmg8ysk5:WS001,kmg8ysk5,1,1,5,5,38,38
kmg8ysk5:WS002,kmg8ysk5,1,1,55,55,72,72
kqcxm2r0:WS001,kqcxm2r0,3,3,20,20,25,25
krf3kv3h:WS001,krf3kv3h,1,1,7,7,40,40
krf3kv3h:WS002,krf3kv3h,1,1,48,48,53,53
ksl55n8i:WS001,ksl55n8i,1,1,12,12,18,18
ksnez34m:WS001,ksnez34m,1,1,13,13,82,82
kt4w9hi7:WS001,kt4w9hi7,4,4,18,18,23,23
kux6nbd8:WS001,kux6nbd8,1,1,16,16,99,99
kuyatgrp:WS001,kuyatgrp,1,1,15,15,33,33
kuyatgrp:WS002,kuyatgrp,1,1,96,96,110,110
kuyatgrp:WS003,kuyatgrp,1,1,175,175,236,236
kuyatgrp:WS004,kuyatgrp,1,1,297,297,304,304
kuyatgrp:WS005,kuyatgrp,1,1,361,361,371,371
kv53tjsw:WS001,kv53tjsw,1,1,6,6,136,136
kwac9t6i:WS001,kwac9t6i,1,1,9,9,28,28
kwsywj2y:WS001,kwsywj2y,1,1,6,6,14,14
kxy8pcfk:WS001,kxy8pcfk,1,1,25,25,44,44
kz5ukgux:WS001,kz5ukgux,1,1,63,63,79,79
kzshav21:WS001,kzshav21,3,3,10,10,20,20
l0ek62ei:WS001,l0ek62ei,1,1,23,23,42,42
l0v1ydzj:WS001,l0v1ydzj,2,2,19,19,24,24
l26044lk:WS001,l26044lk,1,1,18,18,24,24
l2s1vt3z:WS001,l2s1vt3z,1,1,16,16,75,75
l2x7mrxz:WS001,l2x7mrxz,1,1,16,16,36,36
l3x9425h:WS001,l3x9425h,1,1,42,42,65,65
l55pegqb:WS001,l55pegqb,1,1,12,12,56,56
l58f4qda:WS001,l58f4qda,1,1,25,25,31,31
l6zdy2cc:WS001,l6zdy2cc,7,7,9,9,19,19
l7b35u95:WS001,l7b35u95,1,1,28,28,46,46
l7b35u95:WS002,l7b35u95,1,1,69,69,80,80
l7k00l6c:WS001,l7k00l6c,1,1,13,13,56,56
l7ne5cdc:WS001,l7ne5cdc,1,1,5,5,16,16
l7x9zvsk:WS001,l7x9zvsk,1,1,248,248,258,258
l7x9zvsk:WS002,l7x9zvsk,1,1,269,269,277,277
la1w5eyj:WS001,la1w5eyj,1,1,15,15,25,25
la1w5eyj:WS002,la1w5eyj,1,1,44,44,117,117
la1w5eyj:WS003,la1w5eyj,1,1,252,252,299,299
la1w5eyj:WS004,la1w5eyj,1,1,333,333,364,364
lbhcgscp:WS001,lbhcgscp,1,1,16,16,21,21
lbvmnhiu:WS001,lbvmnhiu,1,1,56,56,125,125
lbvmnhiu:WS002,lbvmnhiu,1,1,275,275,322,322
lbvmnhiu:WS003,lbvmnhiu,1,1,331,331,354,354
lbvmnhiu:WS004,lbvmnhiu,1,1,368,368,456,456
lbvmnhiu:WS005,lbvmnhiu,1,1,473,473,492,492
ldkjqdxo:WS001,ldkjqdxo,1,1,19,19,26,26
ldygfvvl:WS001,ldygfvvl,1,1,36,36,42,42
ldygfvvl:WS002,ldygfvvl,1,1,70,70,97,97
leu252hn:WS001,leu252hn,1,1,67,67,74,74
leu252hn:WS002,leu252hn,1,1,89,89,126,126
leu252hn:WS003,leu252hn,1,1,138,138,143,143
lf4uoql4:WS001,lf4uoql4,1,1,63,63,68,68
lfc2jl2f:WS001,lfc2jl2f,1,1,15,15,33,33
lfc2jl2f:WS002,lfc2jl2f,1,1,50,50,65,65
lhcjpfjz:WS001,lhcjpfjz,1,1,38,38,53,53
li8de3i9:WS001,li8de3i9,4,4,7,7,17,17
ljkfbrl3:WS001,ljkfbrl3,1,1,6,6,41,41
ljkfbrl3:WS002,ljkfbrl3,1,1,53,53,76,76
ljyiw2uc:WS001,ljyiw2uc,1,1,17,17,31,31
ll2hbtix:WS001,ll2hbtix,3,3,9,9,19,19
llnifik4:WS001,llnifik4,1,1,16,16,74,74
llsm42u2:WS001,llsm42u2,4,4,16,16,21,21
lrrnx1q2:WS001,lrrnx1q2,1,1,81,81,103,103
lskh81dd:WS001,lskh81dd,5,5,14,14,24,24
lspz18z7:WS001,lspz18z7,3,3,10,10,20,20
lt2a4km9:WS001,lt2a4km9,6,6,10,10,20,20
ltr39cd6:WS001,ltr39cd6,1,1,6,6,81,81
ltzj3wpm:WS001,ltzj3wpm,1,1,13,13,27,27
ltzj3wpm:WS002,ltzj3wpm,1,1,47,47,55,55
lutp0n8m:WS001,lutp0n8m,1,1,16,16,21,21
lutp0n8m:WS002,lutp0n8m,1,1,24,24,31,31
luzfqr88:WS001,luzfqr88,1,1,29,29,45,45
lvlnz494:WS001,lvlnz494,1,1,23,23,80,80
lvlnz494:WS002,lvlnz494,1,1,121,121,157,157
lvlnz494:WS003,lvlnz494,1,1,170,170,255,255
lw6pr7h4:WS001,lw6pr7h4,1,1,7,7,36,36
lxgx30qb:WS001,lxgx30qb,1,1,9,9,61,61
lxgx30qb:WS002,lxgx30qb,1,1,66,66,81,81
lxidwwy1:WS001,lxidwwy1,1,1,6,6,126,126
lyotrfc8:WS001,lyotrfc8,1,1,28,28,33,33
m0n3lxv7:WS001,m0n3lxv7,1,1,13,13,27,27
m0n3lxv7:WS002,m0n3lxv7,1,1,45,45,55,55
m0n3lxv7:WS003,m0n3lxv7,1,1,72,72,82,82
m0n3lxv7:WS004,m0n3lxv7,1,1,90,90,101,101
m0vk576h:WS001,m0vk576h,1,1,8,8,13,13
m1l649gb:WS001,m1l649gb,1,1,32,32,47,47
m1z3q7rl:WS001,m1z3q7rl,8,8,8,8,18,18
m20qne5d:WS001,m20qne5d,5,5,5,5,15,15
m2dpw86v:WS001,m2dpw86v,1,1,16,16,85,85
m3duvjd8:WS001,m3duvjd8,1,1,18,18,24,24
m3duvjd8:WS002,m3duvjd8,1,1,25,25,45,45
m3duvjd8:WS003,m3duvjd8,1,1,46,46,56,56
m3duvjd8:WS004,m3duvjd8,1,1,57,57,79,79
m3duvjd8:WS005,m3duvjd8,1,1,96,96,104,104
m3duvjd8:WS006,m3duvjd8,1,1,149,149,154,154
m3duvjd8:WS007,m3duvjd8,1,1,193,193,204,204
m3duvjd8:WS008,m3duvjd8,1,1,217,217,223,223
m3duvjd8:WS009,m3duvjd8,1,1,241,241,251,251
m3duvjd8:WS010,m3duvjd8,1,1,254,254,273,273
m3duvjd8:WS011,m3duvjd8,1,1,298,298,303,303
m3duvjd8:WS012,m3duvjd8,1,1,307,307,314,314
m3duvjd8:WS013,m3duvjd8,1,1,334,334,343,343
m3duvjd8:WS014,m3duvjd8,1,1,344,344,364,364
m3duvjd8:WS015,m3duvjd8,1,1,379,379,393,393
m3duvjd8:WS016,m3duvjd8,1,1,426,426,431,431
m547v4da:WS001,m547v4da,1,1,22,22,28,28
m7lk361f:WS001,m7lk361f,1,1,27,27,32,32
m98296ym:WS001,m98296ym,1,1,42,42,47,47
m9to226x:WS001,m9to226x,1,1,67,67,81,81
mb2wf06i:WS001,mb2wf06i,2,2,11,12,35,36
mbemf5p3:WS001,mbemf5p3,1,1,19,19,24,24
mdgbt5ti:WS001,mdgbt5ti,2,2,22,22,27,27
mdkrg4tg:WS001,mdkrg4tg,1,1,23,23,65,65
mdkrg4tg:WS002,mdkrg4tg,1,1,81,81,94,94
me4gqecx:WS001,me4gqecx,2,2,34,34,39,39
meqs0ebh:WS001,meqs0ebh,3,3,42,42,47,47
merapj4t:WS001,merapj4t,1,1,32,32,59,59
merapj4t:WS002,merapj4t,1,1,66,66,71,71
mfxnh5ru:WS001,mfxnh5ru,2,2,20,20,25,25
ml7l7gs6:WS001,ml7l7gs6,1,1,16,16,21,21
mm0y9dqp:WS001,mm0y9dqp,4,4,28,28,33,33
mm4bj76f:WS001,mm4bj76f,1,1,49,49,66,66
mm4bj76f:WS002,mm4bj76f,1,1,87,87,110,110
mnpzb7g9:WS001,mnpzb7g9,1,1,38,38,66,66
mnrf445t:WS001,mnrf445t,1,1,54,54,62,62
momlyu55:WS001,momlyu55,5,5,9,9,19,19
mq5eecg3:WS001,mq5eecg3,4,4,15,15,20,20
mqdvl4nz:WS001,mqdvl4nz,1,1,240,240,245,245
mqdvl4nz:WS002,mqdvl4nz,1,1,250,250,266,266
mqdvl4nz:WS003,mqdvl4nz,1,1,276,276,289,289
mr2fmf4s:WS001,mr2fmf4s,3,3,15,15,20,20
mre99ig5:WS001,mre99ig5,1,1,51,51,68,68
mre99ig5:WS002,mre99ig5,1,1,78,78,130,130
msfrckgm:WS001,msfrckgm,1,1,18,18,54,54
msfrckgm:WS002,msfrckgm,1,1,66,66,83,83
mv8gzra0:WS001,mv8gzra0,1,1,36,36,42,42
mv8gzra0:WS002,mv8gzra0,1,1,53,53,58,58
mvcgeyo0:WS001,mvcgeyo0,4,4,26,26,31,31
mvsm01cq:WS001,mvsm01cq,1,1,14,14,55,55
mxqy5j4p:WS001,mxqy5j4p,1,1,5,5,62,62
my6cd5xb:WS001,my6cd5xb,1,1,127,127,292,292
my6cd5xb:WS002,my6cd5xb,1,1,311,311,322,322
my6cd5xb:WS003,my6cd5xb,1,1,489,489,494,494
my6cd5xb:WS004,my6cd5xb,1,1,562,562,576,576
my6cd5xb:WS005,my6cd5xb,1,1,636,636,669,669
myzrhqzr:WS001,myzrhqzr,8,8,10,10,20,20
mz7i5v45:WS001,mz7i5v45,1,1,13,13,23,23
n01sq64g:WS001,n01sq64g,1,1,33,33,46,46
n0any3pm:WS001,n0any3pm,1,1,32,32,47,47
n0any3pm:WS002,n0any3pm,1,1,54,54,60,60
n0d05tlz:WS001,n0d05tlz,2,2,24,24,29,29
n2tevlr5:WS001,n2tevlr5,1,1,23,23,34,34
n3opitol:WS001,n3opitol,1,1,29,29,37,37
n3opitol:WS002,n3opitol,1,1,48,48,64,64
n3opitol:WS003,n3opitol,1,1,74,74,79,79
n6y28xpe:WS001,n6y28xpe,2,2,14,14,24,24
n70agn2x:WS001,n70agn2x,1,1,14,14,23,23
n70agn2x:WS002,n70agn2x,1,1,26,26,60,60
n70agn2x:WS003,n70agn2x,1,1,72,72,102,102
n9otnthe:WS001,n9otnthe,5,5,19,19,24,24
na33k19e:WS001,na33k19e,1,1,41,41,47,47
nap0n2eo:WS001,nap0n2eo,1,1,111,111,153,153
navoodgp:WS001,navoodgp,1,1,31,31,49,49
naxnnnqn:WS001,naxnnnqn,6,6,12,12,22,22
nbt1q2kb:WS001,nbt1q2kb,1,1,13,13,23,23
nbuwrvdt:WS001,nbuwrvdt,1,1,6,6,12,12
nebtladl:WS001,nebtladl,5,5,6,6,16,16
nf50dpfc:WS001,nf50dpfc,1,1,23,23,34,34
nhy81vp1:WS001,nhy81vp1,1,1,55,55,63,63
nhy81vp1:WS002,nhy81vp1,1,1,135,135,199,199
nl2b6svx:WS001,nl2b6svx,4,4,24,24,29,29
nl87m8lt:WS001,nl87m8lt,1,1,17,17,35,35
nl87m8lt:WS002,nl87m8lt,1,1,48,48,59,59
nl87m8lt:WS003,nl87m8lt,1,1,71,71,85,85
nmq4u0ce:WS001,nmq4u0ce,1,1,19,19,126,126
nmq4u0ce:WS002,nmq4u0ce,1,1,159,159,188,188
nmq4u0ce:WS003,nmq4u0ce,1,1,198,198,258,258
nmq4u0ce:WS004,nmq4u0ce,1,1,292,292,338,338
nmq4u0ce:WS005,nmq4u0ce,1,1,377,377,383,383
nmq4u0ce:WS006,nmq4u0ce,1,1,436,436,489,489
nmq4u0ce:WS007,nmq4u0ce,1,1,530,530,559,559
nsg01vj9:WS001,nsg01vj9,1,1,16,16,31,31
nsg01vj9:WS002,nsg01vj9,1,1,54,54,74,74
nspjm3hy:WS001,nspjm3hy,1,1,28,28,33,33
nt6rz9ny:WS001,nt6rz9ny,1,1,20,20,29,29
ntq95l3m:WS001,ntq95l3m,1,1,26,26,34,34
ntq95l3m:WS002,ntq95l3m,1,1,76,76,90,90
ntq95l3m:WS003,ntq95l3m,1,1,96,96,103,103
ntx3bu3p:WS001,ntx3bu3p,1,1,72,72,124,124
nu6y81zw:WS001,nu6y81zw,1,1,21,21,36,36
nx0i3j9d:WS001,nx0i3j9d,2,2,19,19,24,24
nx1tsmoz:WS001,nx1tsmoz,1,1,70,70,80,80
nxzxpfac:WS001,nxzxpfac,1,1,7,7,24,24
nxzxpfac:WS002,nxzxpfac,1,1,31,31,86,86
nz14uioy:WS001,nz14uioy,1,1,18,18,28,28
nzenmdlv:WS001,nzenmdlv,1,1,25,25,30,30
nzzzljcw:WS001,nzzzljcw,1,1,32,32,103,103
o05ggmg6:WS001,o05ggmg6,1,1,27,27,53,53
o2p3gnhh:WS001,o2p3gnhh,1,1,14,14,36,36
o2p3gnhh:WS002,o2p3gnhh,1,1,42,42,69,69
o3g4vx0q:WS001,o3g4vx0q,4,4,75,75,80,80
o5w9z7uf:WS001,o5w9z7uf,1,1,24,24,76,76
o6h4sn0b:WS001,o6h4sn0b,1,1,14,14,23,23
o6h4sn0b:WS002,o6h4sn0b,1,1,50,50,67,67
o6h4sn0b:WS003,o6h4sn0b,1,1,75,75,99,99
o6kep10w:WS001,o6kep10w,2,2,25,25,30,30
o7mmybmz:WS001,o7mmybmz,1,1,35,35,42,42
o94ds8qc:WS001,o94ds8qc,1,1,40,40,50,50
o9djvqd6:WS001,o9djvqd6,1,1,34,34,39,39
o9nyx84w:WS001,o9nyx84w,4,4,8,8,18,18
oa881897:WS001,oa881897,1,1,17,17,41,41
oasjdhjb:WS001,oasjdhjb,1,1,14,14,32,32
oasjdhjb:WS002,oasjdhjb,1,1,47,47,54,54
obgqwd81:WS001,obgqwd81,1,1,48,48,86,86
oc9632tw:WS001,oc9632tw,1,1,10,10,21,21
oc9632tw:WS002,oc9632tw,1,1,50,50,86,86
occp1ier:WS001,occp1ier,1,1,46,46,123,123
occp1ier:WS002,occp1ier,1,1,122,122,136,136
ocw3fc39:WS001,ocw3fc39,1,1,17,17,42,42
ocw3fc39:WS002,ocw3fc39,1,1,50,50,134,134
odfbfy6l:WS001,odfbfy6l,2,2,56,56,61,61
oey2wg6r:WS001,oey2wg6r,1,1,11,11,55,55
of2thxpc:WS001,of2thxpc,2,2,28,28,33,33
oguewgjb:WS001,oguewgjb,1,1,13,13,20,20
oguewgjb:WS002,oguewgjb,1,1,48,48,62,62
oguewgjb:WS003,oguewgjb,1,1,82,82,98,98
ojg1eeg1:WS001,ojg1eeg1,1,1,13,13,23,23
ojz47jkz:WS001,ojz47jkz,3,3,26,26,31,31
ojz47jkz:WS002,ojz47jkz,1,1,62,62,75,75
okyiwhe2:WS001,okyiwhe2,1,1,17,17,74,74
okyiwhe2:WS002,okyiwhe2,1,1,76,76,99,99
okyujpk1:WS001,okyujpk1,1,1,55,55,89,89
okzrw4ul:WS001,okzrw4ul,1,1,37,37,51,51
olcop8k4:WS001,olcop8k4,1,1,7,7,18,18
olcop8k4:WS002,olcop8k4,1,1,34,34,74,74
olqepuhs:WS001,olqepuhs,1,1,75,75,80,80
olqepuhs:WS002,olqepuhs,1,1,102,102,108,108
om1l22ht:WS001,om1l22ht,1,1,75,75,81,81
om9gicaj:WS001,om9gicaj,1,1,10,10,34,34
om9gicaj:WS002,om9gicaj,1,1,44,44,79,79
omuyddn2:WS001,omuyddn2,1,1,14,14,40,40
omuyddn2:WS002,omuyddn2,1,1,50,50,59,59
omuyddn2:WS003,omuyddn2,1,1,76,76,95,95
onpzhy2z:WS001,onpzhy2z,6,6,5,6,16,16
onz6n39p:WS001,onz6n39p,1,1,19,19,40,40
onz6n39p:WS002,onz6n39p,1,1,48,48,75,75
onz6n39p:WS003,onz6n39p,1,1,90,90,148,148
onz6n39p:WS004,onz6n39p,1,1,178,178,214,214
onz6n39p:WS005,onz6n39p,1,1,275,275,325,325
onz6n39p:WS006,onz6n39p,1,1,350,350,383,383
onz6n39p:WS007,onz6n39p,1,1,389,389,402,402
onz6n39p:WS008,onz6n39p,1,1,450,450,541,541
onz6n39p:WS009,onz6n39p,1,1,594,594,612,612
oo44ebei:WS001,oo44ebei,7,7,60,60,65,65
ooalvn2v:WS001,ooalvn2v,1,1,65,65,96,96
oq4xkb08:WS001,oq4xkb08,1,1,11,11,21,21
oq4xkb08:WS002,oq4xkb08,1,1,28,28,35,35
oq4xkb08:WS003,oq4xkb08,1,1,57,57,67,67
oq4xkb08:WS004,oq4xkb08,1,1,333,333,349,349
or8eklj5:WS001,or8eklj5,1,1,67,67,80,80
or8eklj5:WS002,or8eklj5,1,1,82,82,104,104
or8jvjtg:WS001,or8jvjtg,1,1,10,10,42,42
or8jvjtg:WS002,or8jvjtg,1,1,65,65,78,78
os8i6e0w:WS001,os8i6e0w,2,2,18,18,23,23
osyxelz5:WS001,osyxelz5,1,1,17,17,96,96
otbqvipa:WS001,otbqvipa,1,1,40,40,47,47
ou2f7p0i:WS001,ou2f7p0i,1,1,33,33,42,42
ou2f7p0i:WS002,ou2f7p0i,1,1,51,51,75,75
oua9yz53:WS001,oua9yz53,1,1,9,9,17,17
ow0b88et:WS001,ow0b88et,1,1,13,13,34,34
ow0b88et:WS002,ow0b88et,1,1,106,106,140,140
ow0b88et:WS003,ow0b88et,1,1,223,223,228,228
ow0b88et:WS004,ow0b88et,1,1,232,232,255,255
ow0b88et:WS005,ow0b88et,1,1,264,264,308,308
ow0b88et:WS006,ow0b88et,1,1,331,331,356,356
ow0b88et:WS007,ow0b88et,1,1,367,367,410,410
ow0b88et:WS008,ow0b88et,1,1,483,483,507,507
ow0b88et:WS009,ow0b88et,1,1,562,562,655,655
ow0b88et:WS010,ow0b88et,1,1,732,732,861,861
owjja9na:WS001,owjja9na,4,4,43,43,48,48
ox1p16xi:WS001,ox1p16xi,1,1,42,42,53,53
oz48ssju:WS001,oz48ssju,1,1,16,16,24,24
oz48ssju:WS002,oz48ssju,1,1,30,30,39,39
oz48ssju:WS003,oz48ssju,1,1,47,47,61,61
oz48ssju:WS004,oz48ssju,1,1,67,67,74,74
p0bzaolc:WS001,p0bzaolc,1,1,11,11,86,86
p0bzaolc:WS002,p0bzaolc,1,1,132,132,142,142
p0bzaolc:WS003,p0bzaolc,1,1,145,145,154,154
p0bzaolc:WS004,p0bzaolc,1,1,182,182,190,190
p2mdrqk1:WS001,p2mdrqk1,1,1,42,42,49,49
p2mdrqk1:WS002,p2mdrqk1,1,1,84,84,92,92
p8120d2b:WS001,p8120d2b,1,1,8,8,13,13
p8al6c43:WS001,p8al6c43,1,1,32,32,37,37
p8al6c43:WS002,p8al6c43,1,1,44,44,52,52
p8al6c43:WS003,p8al6c43,1,1,75,75,80,80
p8n66t7d:WS001,p8n66t7d,3,3,8,8,18,18
p9goy3m5:WS001,p9goy3m5,1,1,33,33,66,66
paqd3t4y:WS001,paqd3t4y,1,1,56,56,68,68
pc4elmdu:WS001,pc4elmdu,1,1,91,91,96,96
pdf384d3:WS001,pdf384d3,3,3,13,13,23,23
peny1kdb:WS001,peny1kdb,1,1,66,66,100,100
peny1kdb:WS002,peny1kdb,1,1,246,246,273,273
peny1kdb:WS003,peny1kdb,1,1,414,414,451,451
peny1kdb:WS004,peny1kdb,1,1,613,613,632,632
peny1kdb:WS005,peny1kdb,1,1,664,664,705,705
peny1kdb:WS006,peny1kdb,1,1,726,726,765,765
piuqj5wt:WS001,piuqj5wt,1,1,76,76,116,116
pl1t7w03:WS001,pl1t7w03,1,1,12,12,27,27
pl1t7w03:WS002,pl1t7w03,1,1,109,109,128,128
pl3nvrt3:WS001,pl3nvrt3,1,1,59,59,75,75
pne9qu86:WS001,pne9qu86,1,1,27,27,40,40
ponb8hrz:WS001,ponb8hrz,1,1,35,35,48,48
ponb8hrz:WS002,ponb8hrz,1,1,68,68,76,76
pp6xneq2:WS001,pp6xneq2,1,1,110,110,115,115
pp6xneq2:WS002,pp6xneq2,1,1,305,305,329,329
pp6xneq2:WS003,pp6xneq2,1,1,440,440,473,473
pp6xneq2:WS004,pp6xneq2,1,1,587,587,636,636
pp6xneq2:WS005,pp6xneq2,1,1,674,674,679,679
pq6uabeq:WS001,pq6uabeq,1,1,22,22,28,28
pqm9n2v4:WS001,pqm9n2v4,2,2,26,26,31,31
pr33uloc:WS001,pr33uloc,1,1,54,54,84,84
pr33uloc:WS002,pr33uloc,1,1,107,107,123,123
prrirvxz:WS001,prrirvxz,5,5,10,10,20,20
pw1byfdk:WS001,pw1byfdk,3,3,15,15,25,25
pyb3e94c:WS001,pyb3e94c,4,4,5,5,10,10
pz9rf3kp:WS001,pz9rf3kp,1,1,7,7,52,52
pz9rf3kp:WS002,pz9rf3kp,1,1,66,66,76,76
q6d20jh0:WS001,q6d20jh0,1,1,24,24,40,40
q6d20jh0:WS002,q6d20jh0,1,1,59,59,74,74
q7d8mrg3:WS001,q7d8mrg3,1,1,39,39,53,53
q7d8mrg3:WS002,q7d8mrg3,1,1,115,115,120,120
q7iwrayb:WS001,q7iwrayb,1,1,34,34,39,39
q7iwrayb:WS002,q7iwrayb,1,1,59,59,79,79
q8dd8tfx:WS001,q8dd8tfx,1,1,100,100,121,121
q8dd8tfx:WS002,q8dd8tfx,1,1,249,249,254,254
q8dd8tfx:WS003,q8dd8tfx,1,1,264,264,327,327
q8dd8tfx:WS004,q8dd8tfx,1,1,369,369,402,402
q8dd8tfx:WS005,q8dd8tfx,1,1,487,487,506,506
q8dd8tfx:WS006,q8dd8tfx,1,1,510,510,524,524
q8u89o1o:WS001,q8u89o1o,2,2,17,17,22,22
q9ut004z:WS001,q9ut004z,1,1,24,24,29,29
qa0uz3a7:WS001,qa0uz3a7,1,1,14,14,54,54
qa3ihq76:WS001,qa3ihq76,1,1,15,15,20,20
qa91hkcn:WS001,qa91hkcn,1,1,41,41,65,65
qawrozw8:WS001,qawrozw8,1,1,21,21,104,104
qb8rh6ap:WS001,qb8rh6ap,1,1,31,31,86,86
qb8rh6ap:WS002,qb8rh6ap,1,1,89,89,183,183
qb8rh6ap:WS003,qb8rh6ap,1,1,141,141,171,171
qb8rh6ap:WS004,qb8rh6ap,1,1,218,218,223,223
qc8x8fzb:WS001,qc8x8fzb,1,1,24,24,33,33
qc8x8fzb:WS002,qc8x8fzb,1,1,46,46,51,51
qc8x8fzb:WS003,qc8x8fzb,1,1,103,103,110,110
qc8x8fzb:WS004,qc8x8fzb,2,2,236,236,251,252
qc8x8fzb:WS005,qc8x8fzb,1,1,347,347,363,363
qc9cac32:WS001,qc9cac32,1,1,33,33,76,76
qcyzntli:WS001,qcyzntli,1,1,5,5,23,23
qcyzntli:WS002,qcyzntli,1,1,39,39,51,51
qcyzntli:WS003,qcyzntli,1,1,66,66,79,79
qdfcwypm:WS001,qdfcwypm,1,1,22,22,27,27
qgnewvrp:WS001,qgnewvrp,1,1,52,52,85,85
qhwawif5:WS001,qhwawif5,2,2,77,77,82,82
qhykjzwc:WS001,qhykjzwc,1,1,9,9,16,16
qhykjzwc:WS002,qhykjzwc,1,1,20,20,25,25
qjeopm3q:WS001,qjeopm3q,1,1,25,25,40,40
qklobnr4:WS001,qklobnr4,1,1,13,13,25,25
qklobnr4:WS002,qklobnr4,1,1,45,45,75,75
qklobnr4:WS003,qklobnr4,1,1,82,82,167,167
qklobnr4:WS004,qklobnr4,1,1,208,208,236,236
qklobnr4:WS005,qklobnr4,1,1,328,328,342,342
qklobnr4:WS006,qklobnr4,1,1,353,353,365,365
qklobnr4:WS007,qklobnr4,1,1,375,375,417,417
qklobnr4:WS008,qklobnr4,1,1,441,441,515,515
qklobnr4:WS009,qklobnr4,1,1,523,523,541,541
qklobnr4:WS010,qklobnr4,1,1,585,585,596,596
ql6bf189:WS001,ql6bf189,1,1,39,39,55,55
qmn6zqgq:WS001,qmn6zqgq,1,1,7,7,15,15
qmn6zqgq:WS002,qmn6zqgq,1,1,31,31,78,78
qntxo4k2:WS001,qntxo4k2,10,10,5,5,48,48
qptv6rl8:WS001,qptv6rl8,2,2,16,16,21,21
qrlz4xpk:WS001,qrlz4xpk,1,1,55,55,94,94
qrlz4xpk:WS002,qrlz4xpk,1,1,99,99,104,104
qset7zfv:WS001,qset7zfv,1,1,19,19,81,81
qurrcmwn:WS001,qurrcmwn,1,1,14,14,30,30
qurrcmwn:WS002,qurrcmwn,1,1,44,44,61,61
qurrcmwn:WS003,qurrcmwn,1,1,75,75,95,95
qw39rqhv:WS001,qw39rqhv,1,1,65,65,86,86
qx4i482e:WS001,qx4i482e,3,3,18,18,23,23
qx7ncfer:WS001,qx7ncfer,1,1,26,26,32,32
qzerhngx:WS001,qzerhngx,3,3,68,70,76,78
qzqjuedt:WS001,qzqjuedt,1,1,6,6,38,38
r298oppp:WS001,r298oppp,1,1,32,32,48,48
r2iallw7:WS001,r2iallw7,1,1,11,11,19,19
r2n6kgfd:WS001,r2n6kgfd,1,1,58,58,236,236
r507we9x:WS001,r507we9x,1,1,26,26,58,58
r6apnjuv:WS001,r6apnjuv,1,1,11,11,28,28
r6apnjuv:WS002,r6apnjuv,1,1,40,40,57,57
r6u57ymk:WS001,r6u57ymk,1,1,28,28,91,91
r77uzwv4:WS001,r77uzwv4,2,2,14,14,24,24
r9vm4hpf:WS001,r9vm4hpf,1,1,12,12,56,56
r9vm4hpf:WS002,r9vm4hpf,1,1,118,118,137,137
r9vm4hpf:WS003,r9vm4hpf,1,1,148,148,158,158
r9vm4hpf:WS004,r9vm4hpf,1,1,203,203,212,212
r9vm4hpf:WS005,r9vm4hpf,1,1,235,235,240,240
r9vm4hpf:WS006,r9vm4hpf,1,1,272,272,283,283
r9vm4hpf:WS007,r9vm4hpf,1,1,304,304,360,360
rajycrxk:WS001,rajycrxk,2,2,64,65,87,87
rbtygva8:WS001,rbtygva8,5,5,7,7,17,17
rfyy184d:WS001,rfyy184d,1,1,29,29,41,41
rfyy184d:WS002,rfyy184d,1,1,63,63,72,72
rgsz0gml:WS001,rgsz0gml,1,1,10,10,25,25
rj6on8oa:WS001,rj6on8oa,2,2,22,22,27,27
rl2kq1px:WS001,rl2kq1px,1,1,28,28,75,75
rl7ir488:WS001,rl7ir488,1,1,32,32,52,52
rl7ir488:WS002,rl7ir488,1,1,56,56,80,80
rl7ir488:WS003,rl7ir488,1,1,84,84,122,122
rm3v6asc:WS001,rm3v6asc,1,1,6,6,78,78
rm3v6asc:WS002,rm3v6asc,1,1,86,86,127,127
rmj8dcsw:WS001,rmj8dcsw,1,1,83,83,142,142
rmj8dcsw:WS002,rmj8dcsw,1,1,179,179,341,341
rmj8dcsw:WS003,rmj8dcsw,1,1,381,381,746,746
rmjrb2gl:WS001,rmjrb2gl,1,1,16,16,84,84
rmrq5h4y:WS001,rmrq5h4y,1,1,20,20,32,32
rmrq5h4y:WS002,rmrq5h4y,1,1,41,41,53,53
rmrq5h4y:WS003,rmrq5h4y,1,1,59,59,87,87
rmrq5h4y:WS004,rmrq5h4y,1,1,94,94,114,114
rnm6wvsn:WS001,rnm6wvsn,1,1,12,12,18,18
rnm6wvsn:WS002,rnm6wvsn,1,1,33,33,38,38
rnm6wvsn:WS003,rnm6wvsn,1,1,53,53,59,59
rnm6wvsn:WS004,rnm6wvsn,1,1,62,62,70,70
rnm6wvsn:WS005,rnm6wvsn,1,1,74,74,80,80
rnm6wvsn:WS006,rnm6wvsn,1,1,81,81,88,88
ro7l0xdi:WS001,ro7l0xdi,1,1,17,17,42,42
ro7l0xdi:WS002,ro7l0xdi,1,1,47,47,76,76
ro7l0xdi:WS003,ro7l0xdi,1,1,88,88,149,149
ro7l0xdi:WS004,ro7l0xdi,1,1,177,177,213,213
ro7l0xdi:WS005,ro7l0xdi,1,1,273,273,325,325
ro7l0xdi:WS006,ro7l0xdi,1,1,349,349,405,405
ro7l0xdi:WS007,ro7l0xdi,1,1,448,448,542,542
ro7l0xdi:WS008,ro7l0xdi,1,1,594,594,615,615
rowg6cxy:WS001,rowg6cxy,1,1,37,37,67,67
ru0qwa84:WS001,ru0qwa84,1,1,10,10,25,25
ru0qwa84:WS002,ru0qwa84,2,2,34,34,50,50
ru0qwa84:WS003,ru0qwa84,2,2,58,58,71,71
ruo4i3o9:WS001,ruo4i3o9,1,1,27,27,54,54
ruo4i3o9:WS002,ruo4i3o9,1,1,105,105,136,136
rur6zq0f:WS001,rur6zq0f,1,1,13,13,23,23
rv0q2e1z:WS001,rv0q2e1z,1,1,42,42,48,48
rvivsqr0:WS001,rvivsqr0,1,1,115,115,130,130
rvyuhzr0:WS001,rvyuhzr0,1,1,10,10,46,46
rvyuhzr0:WS002,rvyuhzr0,1,1,58,58,70,70
rwmfb74z:WS001,rwmfb74z,1,1,12,12,22,22
rx7yfkbg:WS001,rx7yfkbg,1,1,6,6,51,51
rxwpdfl4:WS001,rxwpdfl4,3,3,31,31,36,36
rz2b31mn:WS001,rz2b31mn,1,1,6,6,24,24
rzo1levj:WS001,rzo1levj,1,1,40,40,59,59
rzo1levj:WS002,rzo1levj,1,1,79,79,91,91
s0umhbpw:WS001,s0umhbpw,1,1,59,59,66,66
s0umhbpw:WS002,s0umhbpw,1,1,75,75,89,89
s0umhbpw:WS003,s0umhbpw,1,1,96,96,111,111
s0umhbpw:WS004,s0umhbpw,1,1,222,222,228,228
s0umhbpw:WS005,s0umhbpw,1,1,237,237,297,297
s0umhbpw:WS006,s0umhbpw,1,1,312,312,327,327
s0umhbpw:WS007,s0umhbpw,1,1,407,407,412,412
s0umhbpw:WS008,s0umhbpw,1,1,422,422,427,427
s0umhbpw:WS009,s0umhbpw,1,1,428,428,433,433
s0uoxmwc:WS001,s0uoxmwc,1,1,15,15,97,97
s1of0a97:WS001,s1of0a97,1,1,18,18,26,26
s2p93q5k:WS001,s2p93q5k,2,2,15,15,20,20
s3ceodsu:WS001,s3ceodsu,1,1,72,72,103,103
s3u2hiph:WS001,s3u2hiph,1,1,62,62,126,126
s41qtfd2:WS001,s41qtfd2,1,1,6,6,78,78
s4mnrzi1:WS001,s4mnrzi1,1,1,19,19,65,65
s4mnrzi1:WS002,s4mnrzi1,1,1,76,76,84,84
s4nxbrcp:WS001,s4nxbrcp,1,1,26,26,46,46
s6qa98lx:WS001,s6qa98lx,1,1,23,23,28,28
s85mrdef:WS001,s85mrdef,1,1,15,15,22,22
s9dg6k7b:WS001,s9dg6k7b,6,6,18,18,23,23
sahj107v:WS001,sahj107v,3,3,25,25,30,30
sajk18ua:WS001,sajk18ua,1,1,44,44,78,78
sajk18ua:WS002,sajk18ua,1,1,85,85,113,113
sbu8j9xc:WS001,sbu8j9xc,1,1,9,9,15,15
sbyfhl5a:WS001,sbyfhl5a,1,1,9,9,97,97
sc0oekh2:WS001,sc0oekh2,6,6,30,31,36,36
sgcn6xgc:WS001,sgcn6xgc,1,1,40,40,46,46
si7re70s:WS001,si7re70s,1,1,27,27,208,208
si7re70s:WS002,si7re70s,1,1,220,220,486,486
sijkcttf:WS001,sijkcttf,1,1,5,5,16,16
sijkcttf:WS002,sijkcttf,2,2,28,29,56,58
sijkcttf:WS003,sijkcttf,1,1,95,95,100,100
sjgicdrs:WS001,sjgicdrs,1,1,21,21,38,38
sjgicdrs:WS002,sjgicdrs,1,1,59,59,97,97
skmuz7n7:WS001,skmuz7n7,1,1,11,11,91,91
skue9h1a:WS001,skue9h1a,1,1,37,37,65,65
smj60b7y:WS001,smj60b7y,1,1,68,68,84,84
smj60b7y:WS002,smj60b7y,1,1,504,504,510,510
smj60b7y:WS003,smj60b7y,1,1,546,546,619,619
smpz2v72:WS001,smpz2v72,1,1,33,33,55,55
so8lbzwk:WS001,so8lbzwk,1,1,19,19,39,39
so8lbzwk:WS002,so8lbzwk,1,1,97,97,108,108
so8lbzwk:WS003,so8lbzwk,1,1,137,137,147,147
so8lbzwk:WS004,so8lbzwk,1,1,206,206,225,225
so8lbzwk:WS005,so8lbzwk,1,1,235,235,251,251
so8lbzwk:WS006,so8lbzwk,1,1,269,269,306,306
so8lbzwk:WS007,so8lbzwk,1,1,331,331,363,363
spakvkft:WS001,spakvkft,1,1,31,31,46,46
spddn8ef:WS001,spddn8ef,1,1,139,139,170,170
spddn8ef:WS002,spddn8ef,1,1,202,202,256,256
spddn8ef:WS003,spddn8ef,1,1,288,288,310,310
spddn8ef:WS004,spddn8ef,1,1,323,323,439,439
spddn8ef:WS005,spddn8ef,1,1,457,457,498,498
sr0xcevd:WS001,sr0xcevd,1,1,46,46,85,85
srtemhqr:WS001,srtemhqr,1,1,13,13,20,20
srtemhqr:WS002,srtemhqr,1,1,30,30,60,60
srtemhqr:WS003,srtemhqr,1,1,94,94,111,111
ss0b0lxp:WS001,ss0b0lxp,1,1,8,8,59,59
ss0b0lxp:WS002,ss0b0lxp,1,1,70,70,128,128
ssz7rje6:WS001,ssz7rje6,1,1,14,14,19,19
stxmnfmi:WS001,stxmnfmi,4,4,14,14,19,19
sxmx6adc:WS001,sxmx6adc,2,2,52,52,57,57
sy4ix7t7:WS001,sy4ix7t7,1,1,8,8,16,16
sy4ix7t7:WS002,sy4ix7t7,1,1,33,33,40,40
sy4ix7t7:WS003,sy4ix7t7,1,1,62,62,71,71
sy7poaj5:WS001,sy7poaj5,1,1,27,27,34,34
sy7poaj5:WS002,sy7poaj5,1,1,65,65,81,81
t15hnxr3:WS001,t15hnxr3,1,1,68,68,84,84
t15hnxr3:WS002,t15hnxr3,1,1,116,116,127,127
t15hnxr3:WS003,t15hnxr3,1,1,167,167,238,238
t15hnxr3:WS004,t15hnxr3,1,1,307,307,314,314
t15hnxr3:WS005,t15hnxr3,1,1,367,367,385,385
t15hnxr3:WS006,t15hnxr3,1,1,507,507,513,513
t15hnxr3:WS007,t15hnxr3,1,1,611,611,621,621
t15hnxr3:WS008,t15hnxr3,1,1,634,634,642,642
t1sb5qo8:WS001,t1sb5qo8,1,1,71,71,81,81
t1sb5qo8:WS002,t1sb5qo8,1,1,143,143,148,148
t245k9bp:WS001,t245k9bp,1,1,17,17,22,22
t3wvj7qz:WS001,t3wvj7qz,1,1,23,23,60,60
t5zhoswv:WS001,t5zhoswv,1,1,40,40,46,46
t5zhoswv:WS002,t5zhoswv,1,1,47,47,52,52
t6b34ze7:WS001,t6b34ze7,1,1,6,6,16,16
t6b34ze7:WS002,t6b34ze7,1,1,20,20,28,28
t6b34ze7:WS003,t6b34ze7,1,1,33,33,40,40
t6b34ze7:WS004,t6b34ze7,1,1,46,46,57,57
t6ng4itw:WS001,t6ng4itw,1,1,72,72,424,424
t6vkmkho:WS001,t6vkmkho,1,1,13,13,23,23
t7l078ma:WS001,t7l078ma,1,1,8,8,26,26
t7l078ma:WS002,t7l078ma,1,1,31,31,53,53
t7l078ma:WS003,t7l078ma,1,1,59,59,80,80
t7l078ma:WS004,t7l078ma,1,1,86,86,103,103
t9crbspj:WS001,t9crbspj,1,1,32,32,39,39
t9jz6g88:WS001,t9jz6g88,1,1,7,7,16,16
t9jz6g88:WS002,t9jz6g88,1,1,39,39,44,44
t9n0p86n:WS001,t9n0p86n,4,4,32,32,37,37
tdvd35gv:WS001,tdvd35gv,1,1,78,78,110,110
tdwhgf97:WS001,tdwhgf97,1,1,38,38,46,46
tfbq8jah:WS001,tfbq8jah,1,1,270,270,281,281
tfnxokg5:WS001,tfnxokg5,1,1,7,7,14,14
tgmq5v15:WS001,tgmq5v15,1,1,49,49,57,57
thsn8ihm:WS001,thsn8ihm,1,1,17,17,57,57
thsn8ihm:WS002,thsn8ihm,1,1,83,83,90,90
ti8ff58w:WS001,ti8ff58w,4,4,25,25,30,30
tj640z37:WS001,tj640z37,1,1,39,39,66,66
tjv9i9og:WS001,tjv9i9og,1,1,24,24,29,29
tjxx09kp:WS001,tjxx09kp,1,1,19,19,99,99
tjxx09kp:WS002,tjxx09kp,1,1,108,108,137,137
tjylsyz7:WS001,tjylsyz7,1,1,76,76,89,89
tm9ykgbu:WS001,tm9ykgbu,1,1,39,39,99,99
tmgp2gqk:WS001,tmgp2gqk,1,1,5,5,73,73
tr2efiv3:WS001,tr2efiv3,1,1,6,6,75,75
tr5ra1xs:WS001,tr5ra1xs,1,1,5,5,12,12
tr5ra1xs:WS002,tr5ra1xs,1,1,18,18,25,25
tr5ra1xs:WS003,tr5ra1xs,1,1,31,31,37,37
tr5ra1xs:WS004,tr5ra1xs,1,1,44,44,51,51
tr5ra1xs:WS005,tr5ra1xs,1,1,58,58,63,63
tr5ra1xs:WS006,tr5ra1xs,1,1,70,70,81,81
tr5ra1xs:WS007,tr5ra1xs,1,1,83,83,90,90
treunf9o:WS001,treunf9o,1,1,33,33,62,62
tsjy9cqv:WS001,tsjy9cqv,1,1,16,16,22,22
tt00cbm1:WS001,tt00cbm1,1,1,18,18,73,73
tt00cbm1:WS002,tt00cbm1,1,1,87,87,96,96
ttbio1rh:WS001,ttbio1rh,1,1,286,286,330,330
ttbio1rh:WS002,ttbio1rh,1,1,361,361,371,371
ttbio1rh:WS003,ttbio1rh,1,1,383,383,396,396
ttbio1rh:WS004,ttbio1rh,1,1,462,462,474,474
tuzf8p0s:WS001,tuzf8p0s,1,1,13,13,88,88
tvs2oymj:WS001,tvs2oymj,1,1,50,50,64,64
txg2v4q0:WS001,txg2v4q0,1,1,23,23,43,43
u108b2o2:WS001,u108b2o2,1,1,22,22,36,36
u108b2o2:WS002,u108b2o2,1,1,50,50,57,57
u108b2o2:WS003,u108b2o2,1,1,60,60,66,66
u1khbyb0:WS001,u1khbyb0,2,2,18,18,23,23
u28zgzds:WS001,u28zgzds,1,1,23,23,28,28
u28zgzds:WS002,u28zgzds,1,1,49,49,73,73
u3qo7p7m:WS001,u3qo7p7m,4,4,75,75,80,80
u4y3mhu5:WS001,u4y3mhu5,1,1,11,11,38,38
u5uziar2:WS001,u5uziar2,1,1,113,113,259,259
u6xv79sx:WS001,u6xv79sx,1,1,59,59,65,65
u6xv79sx:WS002,u6xv79sx,1,1,120,120,130,130
u6xv79sx:WS003,u6xv79sx,1,1,136,136,159,159
u6xv79sx:WS004,u6xv79sx,1,1,162,162,178,178
u6xv79sx:WS005,u6xv79sx,1,1,182,182,203,203
u6xv79sx:WS006,u6xv79sx,1,1,213,213,234,234
u6xv79sx:WS007,u6xv79sx,1,1,235,235,240,240
u6xv79sx:WS008,u6xv79sx,1,1,242,242,272,272
u73q3te8:WS001,u73q3te8,3,3,9,9,19,19
u7l0lr2j:WS001,u7l0lr2j,1,1,45,45,72,72
u7un4kqq:WS001,u7un4kqq,3,3,10,10,20,20
u9beofq3:WS001,u9beofq3,1,1,21,21,29,29
ubklxxh0:WS001,ubklxxh0,1,1,24,24,54,54
ubz8smud:WS001,ubz8smud,1,1,9,9,73,73
ueoiodwz:WS001,ueoiodwz,1,1,15,15,20,20
ueoiodwz:WS002,ueoiodwz,1,1,31,31,57,57
ueoiodwz:WS003,ueoiodwz,1,1,77,77,83,83
uf4jxu0s:WS001,uf4jxu0s,1,1,15,15,44,44
uf4jxu0s:WS002,uf4jxu0s,1,1,64,64,74,74
uggvrwfr:WS001,uggvrwfr,1,1,5,5,10,10
uggvrwfr:WS002,uggvrwfr,1,1,18,18,44,44
uh4iqj3p:WS001,uh4iqj3p,1,1,77,77,136,136
ui6kit81:WS001,ui6kit81,1,1,14,14,45,45
uj70tkye:WS001,uj70tkye,1,1,46,46,61,61
ujmswrb4:WS001,ujmswrb4,1,1,5,5,49,49
ujmswrb4:WS002,ujmswrb4,1,1,51,51,145,145
uktpp5lx:WS001,uktpp5lx,3,3,13,13,18,18
ulfoof9m:WS001,ulfoof9m,1,1,46,46,53,53
umwmu0us:WS001,umwmu0us,1,1,40,40,60,60
umwmu0us:WS002,umwmu0us,1,1,74,74,91,91
un50lhoq:WS001,un50lhoq,1,1,25,25,159,159
un50lhoq:WS002,un50lhoq,1,1,167,167,173,173
un50lhoq:WS003,un50lhoq,1,1,179,179,270,270
uog1hgu1:WS001,uog1hgu1,1,1,264,264,347,347
uq4lkodj:WS001,uq4lkodj,1,1,40,40,45,45
uq4lkodj:WS002,uq4lkodj,1,1,50,50,55,55
uqsjmxza:WS001,uqsjmxza,1,1,60,60,91,91
uqsjmxza:WS002,uqsjmxza,1,1,125,125,133,133
uqsjmxza:WS003,uqsjmxza,1,1,139,139,146,146
urgajt7e:WS001,urgajt7e,1,1,12,12,22,22
uryalpou:WS001,uryalpou,1,1,15,15,20,20
utyj563j:WS001,utyj563j,7,7,17,17,27,27
uw2bjj2l:WS001,uw2bjj2l,1,1,14,14,41,41
uw2bjj2l:WS002,uw2bjj2l,1,1,53,53,82,82
uw2bjj2l:WS003,uw2bjj2l,1,1,88,88,104,104
uw60ldq6:WS001,uw60ldq6,1,1,14,14,24,24
uw60ldq6:WS002,uw60ldq6,1,1,42,42,80,80
uzb8en0g:WS001,uzb8en0g,6,6,15,15,25,25
v0kjwbn7:WS001,v0kjwbn7,1,1,14,14,33,33
v27nej0n:WS001,v27nej0n,3,3,19,19,24,24
v4ibiqyv:WS001,v4ibiqyv,1,1,25,25,56,56
v4ibiqyv:WS002,v4ibiqyv,1,1,77,77,85,85
v4onm43q:WS001,v4onm43q,1,1,29,29,45,45
v54gu7uj:WS001,v54gu7uj,1,1,6,6,15,15
v5l58s16:WS001,v5l58s16,1,1,41,41,46,46
v60if4yq:WS001,v60if4yq,1,1,6,6,97,97
v8gcabcj:WS001,v8gcabcj,1,1,9,9,43,43
v8gcabcj:WS002,v8gcabcj,1,1,54,54,83,83
v8gcabcj:WS003,v8gcabcj,1,1,93,93,137,137
v8gcabcj:WS004,v8gcabcj,1,1,139,139,198,198
v8gcabcj:WS005,v8gcabcj,1,1,201,201,216,216
v8gcabcj:WS006,v8gcabcj,1,1,223,223,274,274
v9dk3ycf:WS001,v9dk3ycf,1,1,13,13,41,41
vcsib2pf:WS001,vcsib2pf,1,1,22,22,59,59
vd2kzgc9:WS001,vd2kzgc9,1,1,30,30,47,47
vd2kzgc9:WS002,vd2kzgc9,1,1,53,53,79,79
vd8urin3:WS001,vd8urin3,1,1,42,42,68,68
vfm3lqut:WS001,vfm3lqut,1,1,8,8,20,20
vfm3lqut:WS002,vfm3lqut,1,1,37,37,42,42
vgasx27o:WS001,vgasx27o,7,7,60,60,65,65
vgu21nrp:WS001,vgu21nrp,1,1,38,38,91,91
vh9syoaj:WS001,vh9syoaj,7,7,21,21,26,26
vide3a0t:WS001,vide3a0t,1,1,6,6,57,57
viqv63nb:WS001,viqv63nb,1,1,57,57,72,72
vj2a4tw7:WS001,vj2a4tw7,1,1,27,27,77,77
vj2a4tw7:WS002,vj2a4tw7,1,1,81,81,192,192
vj2a4tw7:WS003,vj2a4tw7,1,1,201,201,263,263
vj2a4tw7:WS004,vj2a4tw7,1,1,271,271,287,287
vj2a4tw7:WS005,vj2a4tw7,1,1,296,296,382,382
vj2a4tw7:WS006,vj2a4tw7,1,1,388,388,416,416
vj2a4tw7:WS007,vj2a4tw7,1,1,441,441,460,460
vj2a4tw7:WS008,vj2a4tw7,1,1,466,466,510,510
vjl6snjk:WS001,vjl6snjk,5,5,51,51,56,56
vjxc3ysh:WS001,vjxc3ysh,1,1,14,14,25,25
vjxc3ysh:WS002,vjxc3ysh,1,1,26,26,35,35
vjxc3ysh:WS003,vjxc3ysh,1,1,54,54,66,66
vjyvp05h:WS001,vjyvp05h,1,1,13,13,27,27
vjyvp05h:WS002,vjyvp05h,1,1,44,44,49,49
vkl7ibk1:WS001,vkl7ibk1,1,1,14,14,31,31
vkl7ibk1:WS002,vkl7ibk1,1,1,60,60,72,72
vll7155a:WS001,vll7155a,4,4,39,39,44,44
vnm9m6p4:WS001,vnm9m6p4,1,1,38,38,63,63
vonb12dh:WS001,vonb12dh,1,1,14,14,33,33
voxac5zw:WS001,voxac5zw,2,2,10,11,15,16
voxac5zw:WS002,voxac5zw,3,3,22,23,27,28
vq22ppil:WS001,vq22ppil,1,1,12,12,43,43
vq22ppil:WS002,vq22ppil,1,1,66,66,71,71
vq22ppil:WS003,vq22ppil,1,1,73,73,80,80
vq22ppil:WS004,vq22ppil,1,1,93,93,104,104
vqol16mr:WS001,vqol16mr,1,1,19,19,24,24
vr10gy9y:WS001,vr10gy9y,1,1,62,62,67,67
vrhavhrj:WS001,vrhavhrj,6,6,18,18,23,23
vs4399qb:WS001,vs4399qb,1,1,11,11,106,106
vs4399qb:WS002,vs4399qb,1,1,120,120,203,203
vs4399qb:WS003,vs4399qb,1,1,219,219,281,281
vs4399qb:WS004,vs4399qb,1,1,285,285,327,327
vs4399qb:WS005,vs4399qb,1,1,342,342,362,362
vs4399qb:WS006,vs4399qb,1,1,368,368,384,384
vs4399qb:WS007,vs4399qb,1,1,390,390,432,432
vs4399qb:WS008,vs4399qb,1,1,437,437,480,480
vs4399qb:WS009,vs4399qb,1,1,487,487,497,497
vt0mc6ug:WS001,vt0mc6ug,1,1,7,7,45,45
vt0mc6ug:WS002,vt0mc6ug,1,1,60,60,68,68
vtkm161v:WS001,vtkm161v,1,1,12,12,44,44
vtkm161v:WS002,vtkm161v,1,1,56,56,70,70
vtkm161v:WS003,vtkm161v,1,1,72,72,99,99
vu9u4d13:WS001,vu9u4d13,1,1,88,88,153,153
vu9u4d13:WS002,vu9u4d13,1,1,213,213,248,248
vu9u4d13:WS003,vu9u4d13,1,1,313,313,351,351
vzzdtj0w:WS001,vzzdtj0w,1,1,42,42,52,52
w17yj4f5:WS001,w17yj4f5,1,1,54,54,60,60
w1m2shex:WS001,w1m2shex,1,1,8,8,37,37
w1m2shex:WS002,w1m2shex,1,1,73,73,114,114
w66t98gb:WS001,w66t98gb,1,1,6,6,27,27
w66t98gb:WS002,w66t98gb,1,1,33,33,44,44
w66t98gb:WS003,w66t98gb,1,1,59,59,74,74
w6o6q6px:WS001,w6o6q6px,4,4,25,25,30,30
w8oc2tnk:WS001,w8oc2tnk,4,4,11,11,21,21
w9adt8r2:WS001,w9adt8r2,5,5,9,9,19,19
wceyemr0:WS001,wceyemr0,1,1,15,15,20,20
whcu5fel:WS001,whcu5fel,3,3,33,33,38,38
whsa69fv:WS001,whsa69fv,9,9,19,19,24,24
wj6nceqs:WS001,wj6nceqs,1,1,5,5,11,11
wj6nceqs:WS002,wj6nceqs,1,1,27,27,33,33
wj6nceqs:WS003,wj6nceqs,1,1,37,37,48,48
wj6nceqs:WS004,wj6nceqs,1,1,64,64,69,69
wj6nceqs:WS005,wj6nceqs,1,1,96,96,103,103
wj8xzrrw:WS001,wj8xzrrw,1,1,77,77,83,83
wke7ltxq:WS001,wke7ltxq,23,23,13,15,69,71
wkfwwi0l:WS001,wkfwwi0l,1,1,27,27,34,34
wkfwwi0l:WS002,wkfwwi0l,1,1,51,51,61,61
wkfwwi0l:WS003,wkfwwi0l,1,1,65,65,70,70
wo0cxlnr:WS001,wo0cxlnr,4,4,8,8,18,18
wpmwjv84:WS001,wpmwjv84,1,1,183,183,202,202
wv2479tb:WS001,wv2479tb,4,4,10,10,20,20
wvvmipxy:WS001,wvvmipxy,1,1,26,26,40,40
wvvmipxy:WS002,wvvmipxy,1,1,73,73,94,94
wvvmipxy:WS003,wvvmipxy,1,1,109,109,117,117
wz9rb406:WS001,wz9rb406,1,1,60,60,71,71
x1lf3klj:WS001,x1lf3klj,2,2,39,39,60,60
x1lf3klj:WS002,x1lf3klj,2,2,65,65,75,77
x25pz5ty:WS001,x25pz5ty,4,4,24,24,29,29
x4nyfg56:WS001,x4nyfg56,1,1,57,57,62,62
x4o4t12o:WS001,x4o4t12o,7,7,21,21,26,26
x6e2i6kz:WS001,x6e2i6kz,1,1,34,34,41,41
x6e2i6kz:WS002,x6e2i6kz,1,1,71,71,76,76
x7k1q9x4:WS001,x7k1q9x4,2,2,28,28,33,33
x7w2uzae:WS001,x7w2uzae,1,1,14,14,42,42
x8w8wpba:WS001,x8w8wpba,2,2,16,16,21,21
xakey307:WS001,xakey307,3,3,7,8,23,25
xd279wt2:WS001,xd279wt2,1,1,17,17,22,22
xeb44q52:WS001,xeb44q52,1,1,16,16,37,37
xeb44q52:WS002,xeb44q52,1,1,52,52,68,68
xehtt1x4:WS001,xehtt1x4,1,1,51,51,73,73
xeu6x3un:WS001,xeu6x3un,1,1,37,37,48,48
xgnhrifg:WS001,xgnhrifg,1,1,439,439,521,521
xgnhrifg:WS002,xgnhrifg,1,1,532,532,547,547
xgusr4xv:WS001,xgusr4xv,1,1,36,36,43,43
xgusr4xv:WS002,xgusr4xv,1,1,53,53,72,72
xha3d8ki:WS001,xha3d8ki,1,1,61,61,237,237
xis518c2:WS001,xis518c2,1,1,13,13,18,18
xlldj8ud:WS001,xlldj8ud,1,1,41,41,86,86
xm6sdw0a:WS001,xm6sdw0a,6,6,17,17,22,22
xmjr1qxh:WS001,xmjr1qxh,5,5,44,44,49,49
xovhs2ho:WS001,xovhs2ho,4,4,10,10,20,20
xow0q2ig:WS001,xow0q2ig,1,1,16,16,36,36
xow0q2ig:WS002,xow0q2ig,1,1,43,43,56,56
xow0q2ig:WS003,xow0q2ig,1,1,63,63,85,85
xrmsmmku:WS001,xrmsmmku,1,1,77,77,121,121
xrmsmmku:WS002,xrmsmmku,1,1,512,512,537,537
xrmsmmku:WS003,xrmsmmku,1,1,567,567,578,578
xrmsmmku:WS004,xrmsmmku,1,1,608,608,614,614
xrmsmmku:WS005,xrmsmmku,1,1,703,703,720,720
xrqe459g:WS001,xrqe459g,1,1,59,59,117,117
xu04kjdw:WS001,xu04kjdw,1,1,25,25,64,64
xu04kjdw:WS002,xu04kjdw,1,1,85,85,105,105
xvem8lqs:WS001,xvem8lqs,1,1,28,28,51,51
xvem8lqs:WS002,xvem8lqs,1,1,235,235,267,267
xvey2smw:WS001,xvey2smw,1,1,7,7,35,35
xvey2smw:WS002,xvey2smw,1,1,41,41,54,54
xvey2smw:WS003,xvey2smw,1,1,61,61,79,79
xwebmbdi:WS001,xwebmbdi,1,1,13,13,23,23
xy1h5gex:WS001,xy1h5gex,1,1,114,114,192,192
xy1h5gex:WS002,xy1h5gex,1,1,289,289,370,370
xyii4pa5:WS001,xyii4pa5,1,1,12,12,26,26
xyii4pa5:WS002,xyii4pa5,1,1,33,33,38,38
xyii4pa5:WS003,xyii4pa5,1,1,54,54,61,61
xzl5r5wi:WS001,xzl5r5wi,1,1,40,40,61,61
y2ibs5yx:WS001,y2ibs5yx,1,1,55,55,82,82
y2ibs5yx:WS002,y2ibs5yx,1,1,93,93,99,99
y2pfmpls:WS001,y2pfmpls,1,1,9,9,15,15
y2pfmpls:WS002,y2pfmpls,1,1,31,31,60,60
y4qcghic:WS001,y4qcghic,1,1,22,22,32,32
y4qcghic:WS002,y4qcghic,1,1,40,40,47,47
y79qprqu:WS001,y79qprqu,2,2,16,16,21,21
y92zmumi:WS001,y92zmumi,1,1,27,27,32,32
y97cgbwv:WS001,y97cgbwv,1,1,48,48,71,71
ybs4g3rw:WS001,ybs4g3rw,1,1,45,45,51,51
ycfkqqh2:WS001,ycfkqqh2,1,1,15,15,20,20
ygllbood:WS001,ygllbood,1,1,42,42,47,47
ygllbood:WS002,ygllbood,1,1,49,49,81,81
yhq28hci:WS001,yhq28hci,1,1,9,9,46,46
yhq28hci:WS002,yhq28hci,1,1,64,64,108,108
yke51a4w:WS001,yke51a4w,1,1,39,39,54,54
yp6926lu:WS001,yp6926lu,3,3,118,118,175,175
yrcpsdp1:WS001,yrcpsdp1,4,4,13,13,23,23
yridittx:WS001,yridittx,1,1,8,8,13,13
yridittx:WS002,yridittx,1,1,23,23,45,45
yridittx:WS003,yridittx,1,1,68,68,82,82
ytauo2u5:WS001,ytauo2u5,1,1,11,11,104,104
yvcujlht:WS001,yvcujlht,1,1,16,16,30,30
yvsck63k:WS001,yvsck63k,1,1,44,44,52,52
yvsck63k:WS002,yvsck63k,1,1,106,106,118,118
yyxu0snt:WS001,yyxu0snt,1,1,43,43,73,73
yz331p77:WS001,yz331p77,2,2,11,13,20,20
yz331p77:WS002,yz331p77,2,2,33,33,64,65
yzxhr3zy:WS001,yzxhr3zy,5,5,52,52,57,57
z15t9fyy:WS001,z15t9fyy,1,1,13,13,138,138
z15t9fyy:WS002,z15t9fyy,1,1,158,158,166,166
z15t9fyy:WS003,z15t9fyy,1,1,201,201,218,218
z1x4q5j8:WS001,z1x4q5j8,1,1,62,62,72,72
z1x4q5j8:WS002,z1x4q5j8,1,1,101,101,111,111
z1x4q5j8:WS003,z1x4q5j8,1,1,212,212,217,217
z1x4q5j8:WS004,z1x4q5j8,1,1,243,243,253,253
z2nrevao:WS001,z2nrevao,1,1,8,8,15,15
z2nrevao:WS002,z2nrevao,1,1,16,16,31,31
z2nrevao:WS003,z2nrevao,1,1,45,45,60,60
z2nrevao:WS004,z2nrevao,1,1,64,64,77,77
z5lwwo14:WS001,z5lwwo14,1,1,49,49,58,58
z7t26zyy:WS001,z7t26zyy,1,1,13,13,148,148
z7t26zyy:WS002,z7t26zyy,1,1,163,163,296,296
z7t26zyy:WS003,z7t26zyy,1,1,324,324,331,331
z7t26zyy:WS004,z7t26zyy,1,1,359,359,393,393
z7t26zyy:WS005,z7t26zyy,1,1,421,421,449,449
zac9mxns:WS001,zac9mxns,1,1,70,70,78,78
zajvn7k5:WS001,zajvn7k5,4,4,26,26,31,31
zbcyiru4:WS001,zbcyiru4,1,1,71,71,81,81
zbo1yj75:WS001,zbo1yj75,1,1,24,24,33,33
zbv4xr1l:WS001,zbv4xr1l,1,1,76,76,86,86
zbv4xr1l:WS002,zbv4xr1l,1,1,92,92,99,99
zf7d7fqv:WS001,zf7d7fqv,1,1,13,13,43,43
zib0ib5u:WS001,zib0ib5u,1,1,18,18,26,26
zid4bbd9:WS001,zid4bbd9,1,1,7,7,47,47
zitg0m11:WS001,zitg0m11,1,1,9,9,40,40
zitg0m11:WS002,zitg0m11,1,1,65,65,86,86
ziw0n3qv:WS001,ziw0n3qv,1,1,23,23,70,70
zj3p2iaa:WS001,zj3p2iaa,1,1,24,24,38,38
zjlrlm8j:WS001,zjlrlm8j,4,4,47,47,52,52
zjzrvswt:WS001,zjzrvswt,1,1,14,14,24,24
zmdg3jib:WS001,zmdg3jib,1,1,34,34,40,40
znfbrgba:WS001,znfbrgba,1,1,37,37,89,89
znfbrgba:WS002,znfbrgba,1,1,117,117,129,129
znlh28sl:WS001,znlh28sl,1,1,5,5,39,39
znlh28sl:WS002,znlh28sl,1,1,47,47,57,57
znlh28sl:WS003,znlh28sl,1,1,74,74,85,85
zpfdlnkr:WS001,zpfdlnkr,1,1,7,7,14,14
zpjsz5f5:WS001,zpjsz5f5,1,1,25,25,42,42
zpjsz5f5:WS002,zpjsz5f5,1,1,63,63,81,81
zptfuv8s:WS001,zptfuv8s,2,2,7,7,17,17
zqcze95z:WS001,zqcze95z,5,5,22,22,27,27
zsfmb94f:WS001,zsfmb94f,3,3,42,42,47,47
ztad9n11:WS001,ztad9n11,2,2,15,15,20,20
zua32b1i:WS001,zua32b1i,4,4,11,11,21,21
zuodpg0w:WS001,zuodpg0w,1,1,35,35,42,42
zuodpg0w:WS002,zuodpg0w,1,1,68,68,75,75
zvjnb8cp:WS001,zvjnb8cp,1,1,388,388,508,508
zvsjrczm:WS001,zvsjrczm,1,1,11,11,82,82
zxh1jkdr:WS001,zxh1jkdr,1,1,14,14,19,19
zxh1jkdr:WS002,zxh1jkdr,1,1,57,57,66,66
zxh1jkdr:WS003,zxh1jkdr,1,1,90,90,96,96
zxh1jkdr:WS004,zxh1jkdr,1,1,103,103,108,108
zxh1jkdr:WS005,zxh1jkdr,1,1,111,111,123,123
zxjkp4zx:WS001,zxjkp4zx,1,1,47,47,55,55
zxlutcnx:WS001,zxlutcnx,2,2,24,24,29,29
