label,video,model,n,positive,negative,average_precision,roc_auc
drift,0442a954,B2_core,228,17,211,0.9655040221216692,0.9963758015054363
drift,0442a954,B3_S,228,17,211,0.9529305200341006,0.9941455255087817
drift,0442a954,B3_R,228,17,211,0.9559399778720266,0.9947030945079454
drift,0f7r7f3f,B2_core,531,100,431,0.9383243124980609,0.991368909512761
drift,0f7r7f3f,B3_S,531,100,431,0.9367008785085185,0.9923665893271462
drift,0f7r7f3f,B3_R,531,100,431,0.9306216178004049,0.9921113689095128
drift,181ec185,B2_core,830,239,591,0.9325704893956951,0.9774936459727148
drift,181ec185,B3_S,830,239,591,0.9419180214185239,0.980991015865599
drift,181ec185,B3_R,830,239,591,0.9435662730060028,0.9809980955617384
drift,3142014e,B2_core,173,2,171,1.0,1.0
drift,3142014e,B3_S,173,2,171,1.0,1.0
drift,3142014e,B3_R,173,2,171,1.0,1.0
drift,5a064706,B2_core,606,143,463,0.8781915512498399,0.9694603452702805
drift,5a064706,B3_S,606,143,463,0.88127244562509,0.9705931217810267
drift,5a064706,B3_R,606,143,463,0.8829861600448091,0.9718618314730626
drift,5hcafebs,B2_core,610,137,473,0.8212325330435868,0.9257881822811377
drift,5hcafebs,B3_S,610,137,473,0.5207643660608009,0.8397709911884076
drift,5hcafebs,B3_R,610,137,473,0.4043430080222136,0.8129195537105909
drift,6bbyqk3u,B2_core,359,102,257,0.7918337882665055,0.9443427176317998
drift,6bbyqk3u,B3_S,359,102,257,0.7968470791241641,0.9456015869382772
drift,6bbyqk3u,B3_R,359,102,257,0.8141190647081932,0.9475089646753643
drift,7744dc51,B2_core,532,84,448,0.9613550653290666,0.9871386054421769
drift,7744dc51,B3_S,532,84,448,0.9628441574335903,0.9876966411564626
drift,7744dc51,B3_R,532,84,448,0.9643174537326712,0.9878295068027211
drift,82a3db34,B2_core,555,13,542,1.0,1.0
drift,82a3db34,B3_S,555,13,542,1.0,1.0
drift,82a3db34,B3_R,555,13,542,1.0,1.0
drift,89b671bb,B2_core,286,2,284,0.5072992700729927,0.7623239436619719
drift,89b671bb,B3_S,286,2,284,0.5075757575757576,0.7711267605633803
drift,89b671bb,B3_R,286,2,284,0.5076923076923077,0.7746478873239436
drift,9e85179b,B2_core,906,363,543,0.6728128714478485,0.7671339208255331
drift,9e85179b,B3_S,906,363,543,0.6750972772331035,0.7683261545642259
drift,9e85179b,B3_R,906,363,543,0.6812469591155715,0.7747033367324678
drift,emd2bu78,B2_core,191,0,191,,
drift,emd2bu78,B3_S,191,0,191,,
drift,emd2bu78,B3_R,191,0,191,,
drift,fc0qnjw2,B2_core,74,0,74,,
drift,fc0qnjw2,B3_S,74,0,74,,
drift,fc0qnjw2,B3_R,74,0,74,,
drift,l1kmuosm,B2_core,313,6,307,0.7761111111111112,0.9858849077090119
drift,l1kmuosm,B3_S,313,6,307,0.7467948717948717,0.9809989142236699
drift,l1kmuosm,B3_R,313,6,307,0.7378787878787878,0.9777415852334419
drift,qb8rh6ap,B2_core,64,3,61,0.576923076923077,0.9344262295081968
drift,qb8rh6ap,B3_S,64,3,61,0.5714285714285714,0.9289617486338798
drift,qb8rh6ap,B3_R,64,3,61,0.5575757575757576,0.9398907103825137
drift,sfbg4630,B2_core,38,21,17,0.786657545649178,0.7310924369747899
drift,sfbg4630,B3_S,38,21,17,0.7726292211994183,0.7002801120448179
drift,sfbg4630,B3_R,38,21,17,0.7731949552016849,0.6974789915966386
drift,vjl6snjk,B2_core,399,9,390,1.0,1.0
drift,vjl6snjk,B3_S,399,9,390,1.0,1.0
drift,vjl6snjk,B3_R,399,9,390,1.0,1.0
drift,ydnmsfmq,B2_core,263,229,34,0.9737288035502968,0.8277677883380427
drift,ydnmsfmq,B3_S,263,229,34,0.9808591806924764,0.8729771384536348
drift,ydnmsfmq,B3_R,263,229,34,0.9765311868206419,0.8433085024402774
theft,0442a954,B2_core,250,0,250,,
theft,0442a954,B3_S,250,0,250,,
theft,0442a954,B3_R,250,0,250,,
theft,0f7r7f3f,B2_core,578,0,578,,
theft,0f7r7f3f,B3_S,578,0,578,,
theft,0f7r7f3f,B3_R,578,0,578,,
theft,181ec185,B2_core,931,22,909,0.07669144055791417,0.861986198619862
theft,181ec185,B3_S,931,22,909,0.072014588622105,0.8525352535253525
theft,181ec185,B3_R,931,22,909,0.10436255746004436,0.8981398139813982
theft,3142014e,B2_core,175,0,175,,
theft,3142014e,B3_S,175,0,175,,
theft,3142014e,B3_R,175,0,175,,
theft,5a064706,B2_core,631,76,555,0.2626007152862273,0.8325983878615457
theft,5a064706,B3_S,631,76,555,0.2756297389317614,0.8429113323850166
theft,5a064706,B3_R,631,76,555,0.30200100838274374,0.8592697961119014
theft,5hcafebs,B2_core,862,0,862,,
theft,5hcafebs,B3_S,862,0,862,,
theft,5hcafebs,B3_R,862,0,862,,
theft,6bbyqk3u,B2_core,478,0,478,,
theft,6bbyqk3u,B3_S,478,0,478,,
theft,6bbyqk3u,B3_R,478,0,478,,
theft,7744dc51,B2_core,670,42,628,0.251653410563507,0.9117000303306035
theft,7744dc51,B3_S,670,42,628,0.1720217636106529,0.8544510160752199
theft,7744dc51,B3_R,670,42,628,0.22611276969501462,0.8973688201395208
theft,82a3db34,B2_core,588,0,588,,
theft,82a3db34,B3_S,588,0,588,,
theft,82a3db34,B3_R,588,0,588,,
theft,89b671bb,B2_core,287,0,287,,
theft,89b671bb,B3_S,287,0,287,,
theft,89b671bb,B3_R,287,0,287,,
theft,9e85179b,B2_core,987,0,987,,
theft,9e85179b,B3_S,987,0,987,,
theft,9e85179b,B3_R,987,0,987,,
theft,emd2bu78,B2_core,201,0,201,,
theft,emd2bu78,B3_S,201,0,201,,
theft,emd2bu78,B3_R,201,0,201,,
theft,fc0qnjw2,B2_core,80,0,80,,
theft,fc0qnjw2,B3_S,80,0,80,,
theft,fc0qnjw2,B3_R,80,0,80,,
theft,l1kmuosm,B2_core,321,0,321,,
theft,l1kmuosm,B3_S,321,0,321,,
theft,l1kmuosm,B3_R,321,0,321,,
theft,qb8rh6ap,B2_core,75,0,75,,
theft,qb8rh6ap,B3_S,75,0,75,,
theft,qb8rh6ap,B3_R,75,0,75,,
theft,sfbg4630,B2_core,40,1,39,0.07692307692307693,0.6923076923076923
theft,sfbg4630,B3_S,40,1,39,0.08333333333333333,0.717948717948718
theft,sfbg4630,B3_R,40,1,39,0.045454545454545456,0.46153846153846156
theft,vjl6snjk,B2_core,478,0,478,,
theft,vjl6snjk,B3_S,478,0,478,,
theft,vjl6snjk,B3_R,478,0,478,,
theft,ydnmsfmq,B2_core,281,2,279,0.005383022774327122,0.008960573476702509
theft,ydnmsfmq,B3_S,281,2,279,0.005370313064108515,0.007168458781362007
theft,ydnmsfmq,B3_R,281,2,279,0.005434925821497273,0.017921146953405017
