scene_event_id,video,n_object_events,n_unique_objects,disappear_min,disappear_max,reappear_min,reappear_max,transnet_disappear_max_prob,transnet_reappear_max_prob,camera_cut_positive,reference_median_mad,disappear_max_mad,reappear_max_mad,event_max_mad,event_to_reference_mad_ratio,global_mad_positive,pixel_confirmation_positive,automatic_status
1i2lajr8:WS001,1i2lajr8,1,1,12,12,17,17,0.47969117760658264,0.6562469601631165,1,0.048522114753723145,0.1642930954694748,0.17915470898151398,0.17915470898151398,3.6922279643173894,1,1,AUTO_WS_CONFIRMED
3zc7wpcz:WS002,3zc7wpcz,1,1,59,59,64,64,0.0018571544205769897,0.0012917571002617478,0,0.016504833474755287,0.025195429101586342,0.047179825603961945,0.047179825603961945,2.858545993579706,0,0,MANUAL_ADJUDICATION_REQUIRED
47suxl9t:WS001,47suxl9t,1,1,31,31,36,36,0.6112057566642761,0.5819156765937805,1,0.025272605009377003,0.15778270363807678,0.18892839550971985,0.18892839550971985,7.4756201602336185,1,1,AUTO_WS_CONFIRMED
50qauky1:WS001,50qauky1,1,1,42,42,52,52,0.00169995182659477,0.0269248578697443,0,0.10689349099993706,0.11137107759714127,0.14403469860553741,0.14403469860553741,1.3474599553084314,0,0,MANUAL_ADJUDICATION_REQUIRED
5yq4u9wv:WS002,5yq4u9wv,1,1,76,76,82,82,0.011181240901350975,0.03577190265059471,0,0.10306073352694511,0.1050039529800415,0.08786621689796448,0.1050039529800415,1.018855090455846,0,0,MANUAL_ADJUDICATION_REQUIRED
7grbiaif:WS001,7grbiaif,1,1,19,19,37,37,0.43383440375328064,0.06409940123558044,0,0.05437278933823109,0.13183949887752533,0.06446715444326401,0.13183949887752533,2.4247330416949042,0,0,MANUAL_ADJUDICATION_REQUIRED
alfdbu4o:WS002,alfdbu4o,1,1,67,67,95,95,0.0008899777894839644,0.0004945247783325613,0,0.04557017609477043,0.05009734258055687,0.08298718184232712,0.08298718184232712,1.821085388604645,0,0,MANUAL_ADJUDICATION_REQUIRED
b2smrwbu:WS007,b2smrwbu,1,1,447,447,467,467,6.68236825731583e-05,0.0001307984784943983,0,0.011728044133633375,0.011826446279883385,0.020149756222963333,0.020149756222963333,1.718083253556183,0,0,MANUAL_ADJUDICATION_REQUIRED
c7fe0584:WS004,c7fe0584,1,1,135,135,144,144,0.0008453441550955176,0.0005516891251318157,0,0.038670456036925316,0.04560963436961174,0.08384151756763458,0.08384151756763458,2.1681026333792577,0,0,MANUAL_ADJUDICATION_REQUIRED
dec1f5rb:WS002,dec1f5rb,1,1,48,48,71,71,0.0010468559339642525,0.006204190663993359,0,0.14541088044643402,0.16852647066116333,0.14750277996063232,0.16852647066116333,1.1589674042531126,0,0,MANUAL_ADJUDICATION_REQUIRED
ebqrfeu7:WS003,ebqrfeu7,1,1,391,391,396,396,0.009609398432075977,0.0012198920594528317,0,0.10728847235441208,0.17082901298999786,0.2044326215982437,0.2044326215982437,1.9054481540470618,0,0,MANUAL_ADJUDICATION_REQUIRED
ekxyvgl9:WS002,ekxyvgl9,1,1,36,36,44,44,0.004736978095024824,0.0038794297724962234,0,0.22409272193908691,0.216240793466568,0.1991126388311386,0.216240793466568,0.9649612517328732,0,0,MANUAL_ADJUDICATION_REQUIRED
euzp36eu:WS001,euzp36eu,1,1,8,8,47,47,0.02479000762104988,0.004979044198989868,0,0.16545700281858444,0.17057625949382782,0.12175653874874115,0.17057625949382782,1.0309401027942975,0,0,MANUAL_ADJUDICATION_REQUIRED
hasdlhvf:WS001,hasdlhvf,1,1,9,9,66,66,0.2283959537744522,0.07887373119592667,0,0.05852820351719856,0.05627145245671272,0.09036517143249512,0.09036517143249512,1.5439594247231805,0,0,MANUAL_ADJUDICATION_REQUIRED
j4f2a97n:WS027,j4f2a97n,1,1,7263,7263,7277,7277,0.0016055157175287604,0.004947728011757135,0,0.1185256689786911,0.1359381377696991,0.1509494036436081,0.1509494036436081,1.2735587568862086,0,0,MANUAL_ADJUDICATION_REQUIRED
ji42gktw:WS008,ji42gktw,1,1,310,310,317,317,0.0005242616753093898,0.0027104548644274473,0,0.15315134823322296,0.1484876573085785,0.14963141083717346,0.14963141083717346,0.9770166084944336,0,0,MANUAL_ADJUDICATION_REQUIRED
la1w5eyj:WS003,la1w5eyj,1,1,252,252,299,299,0.0014685455244034529,0.04271748661994934,0,0.05417416989803314,0.12771517038345337,0.1625279188156128,0.1625279188156128,3.0000998468739537,1,1,AUTO_WS_CONFIRMED
luzfqr88:WS001,luzfqr88,1,1,29,29,45,45,0.0001510275324108079,0.002209549304097891,0,0.18769629299640656,0.18231362104415894,0.27560243010520935,0.27560243010520935,1.4683424254440962,0,0,MANUAL_ADJUDICATION_REQUIRED
m3duvjd8:WS009,m3duvjd8,1,1,241,241,251,251,0.059772931039333344,0.008137067779898643,0,0.17742639780044556,0.21751201152801514,0.1671164482831955,0.21751201152801514,1.2259281269558013,0,0,MANUAL_ADJUDICATION_REQUIRED
n0d05tlz:WS001,n0d05tlz,2,2,24,24,29,29,0.4107382893562317,0.39411497116088867,0,0.19658313691616058,0.29933661222457886,0.2407131791114807,0.29933661222457886,1.5226973021202777,0,0,MANUAL_ADJUDICATION_REQUIRED
o6kep10w:WS001,o6kep10w,2,2,25,25,30,30,0.5316428542137146,0.846040666103363,1,0.14802151173353195,0.18485614657402039,0.21068862080574036,0.21068862080574036,1.423364876755357,0,1,AUTO_WS_CONFIRMED
smj60b7y:WS002,smj60b7y,1,1,504,504,510,510,0.00032578042009845376,8.445818821201101e-05,0,0.08770259097218513,0.09707044810056686,0.04341765493154526,0.09707044810056686,1.1068139153534557,0,0,MANUAL_ADJUDICATION_REQUIRED
t9n0p86n:WS001,t9n0p86n,4,4,32,32,37,37,0.6220591068267822,0.57735675573349,1,0.12982172518968582,0.20997487008571625,0.18316292762756348,0.20997487008571625,1.617409334061126,0,1,AUTO_WS_CONFIRMED
u9beofq3:WS001,u9beofq3,1,1,21,21,29,29,0.00042637731530703604,0.00011559316772036254,0,0.03797432407736778,0.04423285648226738,0.044669363647699356,0.044669363647699356,1.1763043775760509,0,0,MANUAL_ADJUDICATION_REQUIRED
uf4jxu0s:WS002,uf4jxu0s,1,1,64,64,74,74,0.004122713580727577,0.03597148880362511,0,0.012164472602307796,0.014461810700595379,0.03410228714346886,0.03410228714346886,2.80343326491599,0,0,MANUAL_ADJUDICATION_REQUIRED
vgasx27o:WS001,vgasx27o,7,7,60,60,65,65,0.3577016592025757,0.7815290689468384,1,0.048276133835315704,0.21488822996616364,0.20794536173343658,0.21488822996616364,4.451231134191721,1,1,AUTO_WS_CONFIRMED
xy1h5gex:WS001,xy1h5gex,1,1,114,114,192,192,8.062308916123584e-05,5.401139424066059e-05,0,0.047593120485544205,0.05880020186305046,0.06306223571300507,0.06306223571300507,1.3250283879192037,0,0,MANUAL_ADJUDICATION_REQUIRED
yridittx:WS002,yridittx,1,1,23,23,45,45,0.06463462859392166,0.03407084941864014,0,0.12631573155522346,0.12115121632814407,0.12303423881530762,0.12303423881530762,0.9740215038973097,0,0,MANUAL_ADJUDICATION_REQUIRED
zac9mxns:WS001,zac9mxns,1,1,70,70,78,78,0.03839552402496338,0.00805569440126419,0,0.06832246854901314,0.11028143763542175,0.08845497667789459,0.11028143763542175,1.6141313388919505,0,0,MANUAL_ADJUDICATION_REQUIRED
zpjsz5f5:WS002,zpjsz5f5,1,1,63,63,81,81,0.0666051059961319,0.20642490684986115,0,0.16407876461744308,0.2138725221157074,0.18384262919425964,0.2138725221157074,1.3034747221211755,0,0,MANUAL_ADJUDICATION_REQUIRED
