frame_idx,object_id,target_visible,gt_area_px,b0_pred_area_px,block_pred_area_px,b0_target_iou,block_target_iou,b0_vs_block_mask_iou,xor_px
0,1,1,5386,5380,5380,0.984882005899705,0.984882005899705,1.0,0
0,2,1,5423,5413,5413,0.984251968503937,0.984251968503937,1.0,0
1,1,1,5523,5386,5386,0.9407578722647216,0.9407578722647216,1.0,0
1,2,1,5132,5199,5199,0.9466742038816657,0.9466742038816657,1.0,0
2,1,1,5682,5933,5922,0.921740569159497,0.9221467616365745,0.9974726200505476,15
2,2,1,5076,5016,5007,0.9596116504854368,0.9590052457742374,0.9982057416267942,9
3,1,1,5655,6270,6148,0.8708817069344211,0.8758741258741258,0.980542264752791,122
3,2,1,5381,5602,5309,0.9387466902030008,0.9429298436932024,0.9473496341245761,295
4,1,1,5298,5640,6147,0.9039164490861619,0.8379637064396981,0.9128529698149951,537
4,2,1,5114,5161,5097,0.9405099150141643,0.9471777269260107,0.9849071207430341,78
5,1,1,5050,5632,5818,0.8776586394796977,0.8457880434782609,0.9230769230769231,458
5,2,1,4681,4943,4750,0.9209580838323354,0.9445360824742268,0.9581818181818181,207
6,1,1,4781,5477,5507,0.8529624277456648,0.827678095576479,0.9052905464006938,546
6,2,1,3988,4459,4425,0.7999147666737695,0.7999572100984168,0.9825931711671502,78
7,1,1,4681,5115,5625,0.8730401529636711,0.8128408091468777,0.9069602272727273,524
7,2,1,3642,3607,3460,0.8697446479236524,0.8562467328802927,0.9538291401714127,167
8,1,1,4847,5145,5607,0.897455374097987,0.8305025389599019,0.9135077415910304,486
8,2,1,1787,2461,2454,0.6744186046511628,0.6716594402837998,0.9244322631166797,193
9,1,1,4957,5081,5508,0.9419616947185142,0.8767934002869441,0.9144820104863497,473
9,2,1,1126,1473,1483,0.695368558382257,0.6897668393782384,0.9370904325032765,96
10,1,1,4852,5500,5629,0.8658976207642394,0.8426511954992968,0.9066301182114099,545
10,2,1,535,1249,1224,0.3670498084291188,0.37100545596258766,0.9096525096525097,117
11,1,1,5116,5546,5679,0.8847445642566731,0.8544923552654183,0.9048023078228407,561
11,2,1,332,1151,1153,0.2751504729148753,0.2823834196891192,0.8762214983713354,152
12,1,1,4818,5411,5213,0.8789493019838354,0.9063093880653744,0.9597860173399742,218
12,2,1,71,1374,1238,0.05167394468704512,0.05735056542810985,0.879136690647482,168
13,1,1,4551,5062,5379,0.857225656877898,0.8140299598100109,0.9108711566617862,487
13,2,1,654,1897,1886,0.2566502463054187,0.2624254473161034,0.9000502260170768,199
14,1,1,5043,5399,5387,0.8879045380582173,0.8908629441624365,0.9776310964429776,122
14,2,1,1184,2455,2215,0.4176081028437865,0.4215809284818068,0.8762555243069505,308
15,1,1,4626,4881,4915,0.8825742574257426,0.8803705163579031,0.9545091779728652,228
15,2,1,1471,2236,2258,0.4763042612504978,0.4623529411764706,0.9213339033775118,184
16,1,1,4069,4742,4504,0.795598125127369,0.8166984530620894,0.9395846444304594,288
16,2,1,2410,3231,3226,0.7319619281547436,0.7214416615760537,0.9222983030663888,261
17,1,1,3713,4107,4177,0.8517641487094483,0.8158803222094362,0.8908924902990185,478
17,2,1,3363,3731,3725,0.891229005598507,0.8881193393713372,0.9447052686489307,212
18,1,1,3811,4106,4250,0.8658967711524864,0.8212833258020786,0.9095063985374772,396
18,2,1,4275,4547,4280,0.8432929377350606,0.8252613612118626,0.9256108202443281,341
19,1,1,3131,3492,3264,0.851551579535924,0.8584713746004069,0.9220483641536273,274
19,2,1,4253,4594,4324,0.7970749542961609,0.8068253633874025,0.908818493150685,426
20,1,1,1394,2449,2127,0.5672920065252854,0.6499531396438613,0.8355395106297633,410
20,2,1,3904,4636,4215,0.7141710156563629,0.7193985599322321,0.8728311468472281,601
21,1,0,0,617,553,,,0.8660287081339713,84
21,2,1,4144,4040,4066,0.647674652707872,0.6748266013871889,0.863448275862069,594
22,1,0,0,0,2527,,,0.0,2527
22,2,1,3530,4720,3918,0.6569592287607954,0.6149176062445794,0.8173784977908689,868
23,1,0,0,0,2185,,,0.0,2185
23,2,1,3261,3724,3630,0.6575700047460845,0.6047973917093619,0.8537937988404336,580
24,1,0,0,0,2109,,,0.0,2109
24,2,1,2410,3652,3304,0.6024319323288395,0.601457399103139,0.8353562005277045,624
25,1,0,0,0,0,,,1.0,0
25,2,1,2383,3810,3663,0.612340536318667,0.6118368435083977,0.8497524752475247,607
26,1,0,0,0,1601,,,0.0,1601
26,2,1,2464,3752,3700,0.6170655567117586,0.6098197962914599,0.8246816846229187,716
27,1,0,0,0,1592,,,0.0,1592
27,2,1,4010,4208,3700,0.7447983014861995,0.7651098901098901,0.8642149929278642,576
28,1,0,0,0,1082,,,0.0,1082
28,2,1,4168,4599,4178,0.7502495508085446,0.7566828036202905,0.8338905139991643,795
29,1,0,0,0,0,,,1.0,0
29,2,1,4092,5177,4943,0.7010460634978896,0.7131209708001517,0.9181197877179682,432
30,1,0,0,0,0,,,1.0,0
30,2,1,4870,5683,5507,0.8413889373582272,0.8304815664138296,0.9430456676506338,328
31,1,0,0,0,0,,,1.0,0
31,2,1,5698,6222,5540,0.9041533546325878,0.8824120603015075,0.8687639021290118,826
32,1,0,0,0,0,,,1.0,0
32,2,1,6601,6965,6706,0.9404949220426262,0.9600824863750184,0.96,279
33,1,0,0,0,0,,,1.0,0
33,2,1,7026,7351,6994,0.9391691394658753,0.9531903037057676,0.9456123694561237,401
34,1,0,0,0,0,,,1.0,0
34,2,1,7140,8161,7148,0.873056677683927,0.9183673469387755,0.8754134509371555,1017
35,1,0,0,0,577,,,0.0,577
35,2,1,7949,8519,7990,0.9265325222274217,0.9578675838349097,0.9354044548651818,551
36,1,0,0,0,634,,,0.0,634
36,2,1,8088,8719,8162,0.921458785869441,0.9547696379165163,0.9332340815391663,583
37,1,0,0,0,355,,,0.0,355
37,2,1,8213,9056,7987,0.9058602803222602,0.9391908067991381,0.8817489234845975,1071
38,1,0,0,0,521,,,0.0,521
38,2,1,8286,9202,8139,0.8992180712423979,0.9346289752650176,0.8842768662392698,1065
39,1,0,0,392,619,,,0.6332794830371568,227
39,2,1,8401,9178,8073,0.9091007819287577,0.9023094688221709,0.8793986273014489,1107
40,1,0,0,867,1418,,,0.5868055555555556,595
40,2,1,8298,9142,8066,0.89030999349664,0.8915732285284939,0.8823014657624152,1076
41,1,1,1153,1122,1140,0.7274107820804859,0.7214714714714715,0.9669565217391304,38
41,2,1,8022,8854,7944,0.9036661026508742,0.9187597644513881,0.8970073404856014,912
42,1,1,1597,1547,1920,0.7894137734775185,0.7637913741223671,0.8001038421599169,385
42,2,1,7949,8551,7751,0.9230769230769231,0.928510011055153,0.9062207670720299,802
43,1,1,2238,2228,2211,0.8717518860016764,0.8772151898734177,0.983467381590706,37
43,2,1,7926,8469,7827,0.9236184442097853,0.9366855175805262,0.9241941197307828,642
44,1,1,2379,2600,2579,0.8509293680297397,0.8548447437336326,0.9896273530541683,27
44,2,1,7911,8398,7969,0.9376262326244506,0.9551834523516375,0.9489164086687306,429
45,1,1,2571,3026,3021,0.8338794233289646,0.8334426229508197,0.9943931398416886,17
45,2,1,7829,8303,7949,0.9401082381238726,0.9621937569953986,0.9573648079007587,354
46,1,1,2491,2950,2956,0.8276788713469936,0.8260140797854509,0.9952702702702703,14
46,2,1,7895,8314,7979,0.9467931779966371,0.9626607319485658,0.9594708358388455,337
47,1,1,2554,2981,2990,0.8339960238568589,0.8309114927344782,0.9956550802139037,13
47,2,1,7982,8374,7912,0.9427485449578334,0.9477941176470588,0.9443648519579751,466
48,1,1,2530,2799,2808,0.8777307963354475,0.8769338959212377,0.9967948717948718,9
48,2,1,7960,8397,8184,0.9387222946544981,0.9502295240396231,0.9739285714285715,219
49,1,1,2500,2786,2782,0.8791325986491291,0.8783783783783784,0.9971305595408895,8
49,2,1,8018,8341,8192,0.9394190871369295,0.9401555954518253,0.9811863391252247,157
50,1,1,2205,2795,2788,0.781895937277263,0.7832142857142858,0.9974955277280859,7
50,2,1,7972,8390,8163,0.9406950539675009,0.9460861174767821,0.972003812246843,235
51,1,1,2536,2799,2502,0.8097014925373134,0.8181162035366294,0.8938906752411575,297
51,2,1,8081,8335,8082,0.9559156439890385,0.9579648697758933,0.9694097888675623,255
52,1,1,2180,2483,2495,0.8562898089171974,0.8536875495638382,0.9943910256410257,14
52,2,1,8095,8398,8354,0.9474554256700909,0.9484719260838664,0.9907308377896613,78
53,1,1,2161,2422,2436,0.872140522875817,0.8694591297275315,0.9942528735632183,14
53,2,1,8102,8431,8503,0.9418604651162791,0.9359916054564533,0.9891929989427933,92
54,1,1,2005,2405,2405,0.8276004973062577,0.8276004973062577,0.999168744804655,2
54,2,1,8109,8494,8336,0.9400560878709979,0.9429347826086957,0.9788359788359788,180
55,1,1,2174,2431,2433,0.8903940886699507,0.8896636587366694,0.9967159277504105,8
55,2,1,8204,8490,8592,0.9504615025119757,0.9428571428571428,0.9876658133581568,106
56,1,1,2029,2417,2412,0.8349153941394964,0.836641852770885,0.9962794543199669,9
56,2,1,8098,8291,8193,0.9582984824949218,0.9613532386226824,0.9877004702761365,102
57,1,1,2005,2301,2291,0.8600431965442764,0.8637744034707159,0.9956540634506736,10
57,2,1,7887,8172,8031,0.946073679108095,0.9485861182519281,0.9820183486238532,147
58,1,1,2034,2518,2532,0.8063492063492064,0.8026056060007896,0.9936833793920252,16
58,2,1,7639,7937,7789,0.9482176360225141,0.9558823529411765,0.9808540118402822,152
59,1,1,1754,2243,2256,0.7804008908685969,0.7766947275143996,0.9942375886524822,13
59,2,1,7641,7807,7678,0.9551955448677383,0.9582001789594785,0.9834763673626233,129
