frame_idx,action,global_present_before,global_present_after,per_object_present_before,per_object_present_after,global_bank_size_before,global_bank_size_after,frames_already_tracked_retained
1,BLOCK,1,0,2,0,1,0,1
2,BLOCK,1,0,2,0,1,0,1
3,BLOCK,1,0,2,0,1,0,1
4,BLOCK,1,0,2,0,1,0,1
5,BLOCK,1,0,2,0,1,0,1
6,BLOCK,1,0,2,0,1,0,1
7,BLOCK,1,0,2,0,1,0,1
8,BLOCK,1,0,2,0,1,0,1
9,BLOCK,1,0,2,0,1,0,1
10,BLOCK,1,0,2,0,1,0,1
11,BLOCK,1,0,2,0,1,0,1
12,BLOCK,1,0,2,0,1,0,1
13,BLOCK,1,0,2,0,1,0,1
14,BLOCK,1,0,2,0,1,0,1
15,BLOCK,1,0,2,0,1,0,1
16,BLOCK,1,0,2,0,1,0,1
17,BLOCK,1,0,2,0,1,0,1
18,BLOCK,1,0,2,0,1,0,1
19,BLOCK,1,0,2,0,1,0,1
20,BLOCK,1,0,2,0,1,0,1
21,BLOCK,1,0,2,0,1,0,1
22,BLOCK,1,0,2,0,1,0,1
23,BLOCK,1,0,2,0,1,0,1
24,BLOCK,1,0,2,0,1,0,1
25,BLOCK,1,0,2,0,1,0,1
26,BLOCK,1,0,2,0,1,0,1
27,BLOCK,1,0,2,0,1,0,1
28,BLOCK,1,0,2,0,1,0,1
29,BLOCK,1,0,2,0,1,0,1
30,BLOCK,1,0,2,0,1,0,1
